<?xml version="1.0" encoding="ISO-8859-1"?>
<metadata>
	<idinfo>
		<citation>
			<citeinfo>
				<origin>Comprehensive Coastal Inventory, Virginia Institute of Marine Science</origin>
				<pubdate>November 2008</pubdate>
				<title>City of Chesapeake Land Use Bank Cover (ches_lubc)</title>
				<edition>ches_lubc</edition>
				<geoform Sync="TRUE">vector digital data</geoform>
				<onlink>\\139.70.26.250\ccrm\cci\portfolios\chesapeake_portfolio\final_shapefiles\ches_lubc.shp</onlink>
				<ftname Sync="TRUE">ches_lubc</ftname></citeinfo>
		</citation>
		<descript>
			<abstract>Shoreline Situation Reports (SSR) were first generated by VIMS in the 1970's to report the condition and status of the shore lands.  The SSR series were published in hardcopy on a county by county basis for each of the Tidewater Virginia localities.  The reports were intended to assist planneres, managers, and regulators in decisions pertaining to management of coastal areas and natural resources therein.  This report marks the beginning of a process which updates and expands the earlier reports.  Data collected describes the conditions in the immediate riparian zone, the bank, and along the shore.</abstract>
			<purpose>To inventory Virginias tidal shoreline conditions.</purpose>
			<supplinf>There are three shapefiles that are included in this metadata file: ches_lubc, ches_astru, ches_sstru. Ches_lubc (land use and bank cover for City of Chesapeake) is an linear shapefile containing data about land use, bank height, erosion, marsh, and beach status along the shoreline. Ches_sstru (City of Chesapeake shoreline structures) is an linear shapefile delineating hard structures in place for shoreline protection (bulkhead, riprap, groin fields). Ches_astru (City of Chesapeake  access structures) is a point shapefile with locations of docks, ramps, and boathouses. The attributes of these three shapefiles are explained in the Entity and Attribute Information section below.</supplinf>
			<langdata Sync="TRUE">en</langdata></descript>
		<timeperd>
			<timeinfo>
				<mdattim>
					<sngdate>
						<caldate>6/10/2002</caldate>
					</sngdate>
					<sngdate>
						<caldate>6/11/2002</caldate>
					</sngdate>
					<sngdate>
						<caldate>7/8/2002</caldate>
					</sngdate>
					<sngdate>
						<caldate>7/9/2002</caldate>
					</sngdate>
					<sngdate><caldate>7/15/2002</caldate></sngdate><sngdate><caldate>7/23/2002</caldate></sngdate></mdattim>
			</timeinfo>
			<current>ground condition at time of survey</current>
		</timeperd>
		<status>
			<progress>Complete</progress>
			<update>Unknown</update>
		</status>
		<spdom>
			<bounding>
				<westbc Sync="TRUE">-76.438653</westbc>
				<eastbc Sync="TRUE">-76.224126</eastbc>
				<northbc Sync="TRUE">36.859134</northbc>
				<southbc Sync="TRUE">36.709768</southbc>
			</bounding>
			<lboundng><leftbc Sync="TRUE">371750.758469</leftbc><rightbc Sync="TRUE">390670.454692</rightbc><bottombc Sync="TRUE">4063637.559359</bottombc><topbc Sync="TRUE">4079947.756229</topbc></lboundng></spdom>
		<keywords>
			<theme>
				<themekt>none</themekt>
				<themekey>Shoreline conditions</themekey>
				<themekey>Shoreline structures</themekey>
				<themekey>Riparian</themekey>
			</theme>
			<place>
				<placekt>none</placekt>
				<placekey>Western Branch Elizabeth River</placekey>
				<placekey>Eastern Branch Elizabeth River</placekey>
				<placekey>Virginia</placekey>
				<placekey>Southern Branch Elizabeth River</placekey></place>
		</keywords>
		<accconst>none</accconst>
		<useconst>These data should not be used for jurisdictional permit determinations beyond providing general shoreline condition or status information.  These data have not been surveyed to property boundaries.</useconst>
		<ptcontac>
			<cntinfo>
				<cntperp>
					<cntper>Marcia Berman</cntper>
					<cntorg>Virginia Institute of Marine Science  (VIMS)</cntorg>
				</cntperp>
				<cntpos>Director of Comprehensive Coastal Inventory Program  (CCI)</cntpos>
				<cntvoice>804-684-7188</cntvoice>
				<cntfax>804-684-7179</cntfax>
				<cntemail>marcia@vims.edu</cntemail>
			</cntinfo>
		</ptcontac>
		<native Sync="TRUE">Microsoft Windows XP Version 5.1 (Build 2600) Service Pack 2; ESRI ArcCatalog 9.3.0.1770</native>
		<natvform Sync="TRUE">Shapefile</natvform></idinfo>
	<dataqual>
		<attracc>
			<attraccr>The attributes were compared to original GPS data logs for accuracy.  Errors were corrected where noted.</attraccr>
		</attracc>
		<logic>Chain-node topology present.  Linear coverages were built for line and point coverages were built for points.</logic>
		<complete>All shoreline of the City of Chesapeake that has a minimum depth of 2 feet at mean low water was surveyed.  If tidal influences prevented access, some shoreline was coded remotely.</complete>
		<posacc>
			<horizpa>
				<horizpar>Shoreline structures were recorded with a GPS unit as the boat moved along the shoreline. Data was transferred from the GPS boat track to an existing digital shoreline coverage by projecting data to the shoreline at a 90 degree angle from the boat track. Rectified digital orthophoto quads were used as a background coverage to aid in data positioning. Dock and boathouse point data were aligned with docks on the images. Land use features were placed along the shore so changes in land use were coincident with changes illustrated in the imagery. Positional accuracy for data that has been corrected with imagery is  2 meters (equivalent to image resolution). Data not visable on the imagery (bulkheads, riprap, etc.) has a positional accuracy of  11 meters. Accuracy was determined by comparing digitally processed data locations to onsite GPS ground surveys collected at random.</horizpar>
			</horizpa>
		</posacc>
		<lineage>
			<srcinfo>
				<srccite>
					<citeinfo>
						<origin>Commonwealth of Virginia, through Virginia Geographic Network Division of its Department of Technology Planning (VGIN)</origin>
						<pubdate>2006/2007</pubdate>
						<title>Virginia Base Map Program Imagery and Hydrology</title>
						<geoform>vector digital data</geoform>
					</citeinfo>
				</srccite>
				<srcscale>Commonwealth of Virginia, through the Virginia Geographic Network Division of its Department of Technology Planning (VGIN).</srcscale>
				<srccontr>Imagery (2007) serves as a background in the mapfolios. Imagery is used to update land use and structure data as well as to remotely code areas not previously surveyed in the field.  The VBMP shoreline was also used and adjusted using the imagery where needed.</srccontr>
			</srcinfo>
			<procstep>
				<procdesc>Data was collected by a two-person field crew (one person collecting land use and bank condition data and one boat operator also collecting shoreline features) using two hand-held Trimble GeoExplorers GPS Units, while navigating along the shoreline. A data dictionary designed for the inventory was installed on each GPS Unit. One data collector records natural features including land use, bank height, presence of marsh or beach, and shoreline stability. A second person collects data on the hardened structures: riprap, bulkheads, docks, boatramps, etc. Point features (docks, boathouses, ramps) were surveyed with a ten second observation recorded at 1 reading/second. Linear features were surveyed kinematically at a rate of one observation every 3 seconds.</procdesc>
				<srcused>N:\cci\portfolios\chesapeake_portfolio/final_shapefiles/ches_lubc</srcused>
				<procdate>2002</procdate>
			</procstep>
			<procstep>
				<procdesc>Data from the GPS units were postprocessed on a PC with Trimble Pathfinder Office software. Postprocessing includes differential correction using base station data collected at the VIMS laboratory. Corrected data is converted to shapefiles for further processing.</procdesc>
				<procdate>2002</procdate>
			</procstep>
			<procstep>
				<procdesc>In the ArcMap environment, boat-track arcs were manually shifted to the base shoreline (VBMP). Arcs were split and moved to locations on the shoreline perpendicular to the original locations on the boat-track. Shoreline arc segments were coded, and the shapefiles were visually checked for attribute accuracy between coded shoreline and boat-track data.</procdesc>
				<procdate>2008</procdate>
			</procstep>
			<procstep>
				<procdesc>In ArcMap, boat-track points were manually shifted to the base shoreline (VBMP). Points were moved to locations on the shoreline perpendicular to the original locations on the boat-track. Points were coded and the access structure (astru) was visually checked for attribute accuracy between coded shoreline and boat-track data.</procdesc>
				<procdate>2008</procdate>
			</procstep>
			<procstep>
				<procdesc>Land use, dock, and boathouse locations were digitally checked and repositioned if necessary with VBMP imagery displayed as a background coverage. This was done using ArcMap capabilities. Areas inaccessible by boat due to low tide were coded based on features observed on the imagery. The "remote" coded areas were given the item REMOTE = "yes" to distinquish them from GPS collected data.</procdesc>
				<procdate>2008</procdate>
			</procstep>
			<procstep>
				<procdesc>Land use and structures were digitally checked and updated, repositioned, or added, if necessary, with 2006 VBMP imagery displayed in the background. This was done using ArcMap version 9.2. New piers, boat houses, and ramps added based upon the updated 2007 VBMP imagery are coded as item REMOTE = "yes" to distinquish them from GPS collected data.</procdesc>
				<procdate>2008</procdate>
			</procstep>
			<procstep>
				<procdesc>A portfolio containing eight 1:12,000 scale plates was created for the City of Chesapeake. Each plate shows four maps: riparian land use, bank conditions, shoreline features, and natural buffers.   2002 VBMP imagery is displayed in the background to provide users with additional information.</procdesc>
				<procdate>2008</procdate>
			</procstep>
			<procstep><procdesc Sync="TRUE">Metadata imported.</procdesc><srcused Sync="TRUE">C:\DOCUME~1\sharon\LOCALS~1\Temp\xml50CE.tmp</srcused><procdate Sync="TRUE">20081105</procdate><proctime Sync="TRUE">09254400</proctime></procstep></lineage>
	</dataqual>
	<spdoinfo>
		<direct Sync="TRUE">Vector</direct>
		<ptvctinf>
			<sdtsterm Name="ches_lubc">
				<sdtstype Sync="TRUE">String</sdtstype>
				<ptvctcnt Sync="TRUE">1073</ptvctcnt>
			</sdtsterm>
			<esriterm Name="ches_lubc"><efeatyp Sync="TRUE">Simple</efeatyp><efeageom Sync="TRUE">Polyline</efeageom><esritopo Sync="TRUE">FALSE</esritopo><efeacnt Sync="TRUE">1073</efeacnt><spindex Sync="TRUE">TRUE</spindex><linrefer Sync="TRUE">FALSE</linrefer></esriterm></ptvctinf>
	</spdoinfo>
	<spref>
		<horizsys>
			<planar>
				<planci>
					<plance Sync="TRUE">coordinate pair</plance>
					<coordrep>
						<absres Sync="TRUE">0.000000</absres>
						<ordres Sync="TRUE">0.000000</ordres>
					</coordrep>
					<plandu Sync="TRUE">meters</plandu>
				</planci>
				<gridsys><gridsysn Sync="TRUE">Universal Transverse Mercator</gridsysn><utm><utmzone Sync="TRUE">18</utmzone><transmer><sfctrmer Sync="TRUE">0.999600</sfctrmer><longcm Sync="TRUE">-75.000000</longcm><latprjo Sync="TRUE">0.000000</latprjo><feast Sync="TRUE">500000.000000</feast><fnorth Sync="TRUE">0.000000</fnorth></transmer></utm></gridsys></planar>
			<geodetic>
				<horizdn Sync="TRUE">North American Datum of 1983</horizdn>
				<ellips Sync="TRUE">Geodetic Reference System 80</ellips>
				<semiaxis Sync="TRUE">6378137.000000</semiaxis>
				<denflat Sync="TRUE">298.257222</denflat>
			</geodetic>
			<cordsysn><geogcsn Sync="TRUE">GCS_North_American_1983</geogcsn><projcsn Sync="TRUE">NAD_1983_UTM_Zone_18N</projcsn></cordsysn></horizsys>
	</spref>
	<eainfo>
		<detailed Name="ches_lubc">
			<enttyp>
				<enttypl Sync="TRUE">ches_lubc</enttypl>
				<enttypt Sync="TRUE">Feature Class</enttypt><enttypc Sync="TRUE">1073</enttypc></enttyp>
			<attr>
				<attrlabl>FID</attrlabl>
				<attrdef>Internal feature number.</attrdef>
				<attrdefs>ESRI</attrdefs>
				<attrdomv>
					<edom></edom>
				</attrdomv>
				<attrdomv>
					<udom>Sequential unique whole numbers that are automatically generated.</udom>
				</attrdomv>
				<attalias Sync="TRUE">FID</attalias><attrtype Sync="TRUE">OID</attrtype><attwidth Sync="TRUE">4</attwidth><atprecis Sync="TRUE">0</atprecis><attscale Sync="TRUE">0</attscale></attr>
			<attr>
				<attrlabl>Shape</attrlabl>
				<attrdef>Feature geometry.</attrdef>
				<attrdefs>ESRI</attrdefs>
				<attrdomv>
					<udom>Coordinates defining the features.</udom>
				</attrdomv>
				<attalias Sync="TRUE">Shape</attalias><attrtype Sync="TRUE">Geometry</attrtype><attwidth Sync="TRUE">0</attwidth><atprecis Sync="TRUE">0</atprecis><attscale Sync="TRUE">0</attscale></attr>
			<attr>
				<attrlabl>GPS_Date</attrlabl>
				<attrdef>date of GPS field survey</attrdef>
				<attalias Sync="TRUE">GPS_DATE</attalias><attrtype Sync="TRUE">Date</attrtype><attwidth Sync="TRUE">8</attwidth><atprecis Sync="TRUE">0</atprecis><attscale Sync="TRUE">0</attscale></attr>
			<attr>
				<attrlabl>HEIGHT</attrlabl>
				<attrdef>bank height (feet)</attrdef>
				<attrdomv>
					<edom>
						<edomv>0-5</edomv>
					</edom>
				</attrdomv>
				<attrdomv>
					<edom>
						<edomv>5-10</edomv>
					</edom>
				</attrdomv>
				<attrdomv>
					<edom>
						<edomv>10-30</edomv>
					</edom>
				</attrdomv>
				<attrdomv>
					<edom>
						<edomv>&gt;30</edomv>
					</edom>
				</attrdomv>
				<attalias Sync="TRUE">height</attalias><attrtype Sync="TRUE">String</attrtype><attwidth Sync="TRUE">10</attwidth><atprecis Sync="TRUE">0</atprecis><attscale Sync="TRUE">0</attscale></attr>
			<attr>
				<attrlabl>COVER</attrlabl>
				<attrdef>bank cover</attrdef>
				<attrdomv>
					<edom>
						<edomv>bare</edomv>
					</edom>
				</attrdomv>
				<attrdomv>
					<edom>
						<edomv>partial</edomv>
					</edom>
				</attrdomv>
				<attrdomv>
					<edom>
						<edomv>total</edomv>
					</edom>
				</attrdomv>
				<attalias Sync="TRUE">cover</attalias><attrtype Sync="TRUE">String</attrtype><attwidth Sync="TRUE">8</attwidth><atprecis Sync="TRUE">0</atprecis><attscale Sync="TRUE">0</attscale></attr>
			<attr>
				<attrlabl>Erosion</attrlabl>
				<attrdef>bank erosion</attrdef>
				<attrdomv>
					<edom>
						<edomv>low</edomv>
					</edom>
				</attrdomv>
				<attrdomv>
					<edom>
						<edomv>high</edomv>
					</edom>
				</attrdomv>
				<attrdomv>
					<edom>
						<edomv>undercut</edomv>
					</edom>
				</attrdomv>
				<attalias Sync="TRUE">erosion</attalias><attrtype Sync="TRUE">String</attrtype><attwidth Sync="TRUE">10</attwidth><atprecis Sync="TRUE">0</atprecis><attscale Sync="TRUE">0</attscale></attr>
			<attr>
				<attrlabl>Marsh</attrlabl>
				<attrdomv>
					<edom>
						<edomv>Yes(No_Erosion)</edomv>
					</edom>
				</attrdomv>
				<attrdomv>
					<edom>
						<edomv>Yes(Erosion)</edomv>
					</edom>
				</attrdomv>
				<attrdomv>
					<edom>
						<edomv>No</edomv>
					</edom>
				</attrdomv>
				<attalias Sync="TRUE">marsh</attalias><attrtype Sync="TRUE">String</attrtype><attwidth Sync="TRUE">20</attwidth><atprecis Sync="TRUE">0</atprecis><attscale Sync="TRUE">0</attscale></attr>
			<attr>
				<attrlabl>Phrag</attrlabl>
				<attrdef>Phragmites australis</attrdef>
				<attrdomv>
					<edom>
						<edomv>yes</edomv>
					</edom>
				</attrdomv>
				<attalias Sync="TRUE">PHRAG</attalias><attrtype Sync="TRUE">String</attrtype><attwidth Sync="TRUE">20</attwidth><atprecis Sync="TRUE">0</atprecis><attscale Sync="TRUE">0</attscale></attr>
			<attr>
				<attrlabl>Beach</attrlabl>
				<attrdef>beach presence</attrdef>
				<attrdomv>
					<edom>
						<edomv>Yes(Erosion)</edomv>
					</edom>
				</attrdomv>
				<attrdomv>
					<edom>
						<edomv>Yes(No_Erosion)</edomv>
					</edom>
				</attrdomv>
				<attrdomv>
					<edom>
						<edomv>No</edomv>
					</edom>
				</attrdomv>
				<attalias Sync="TRUE">beach</attalias><attrtype Sync="TRUE">String</attrtype><attwidth Sync="TRUE">20</attwidth><atprecis Sync="TRUE">0</atprecis><attscale Sync="TRUE">0</attscale></attr>
			<attr>
				<attrlabl>FEATURE</attrlabl>
				<attrdef>land use/land cover</attrdef>
				<attrdomv>
					<edom>
						<edomv>agriculture</edomv>
					</edom>
				</attrdomv>
				<attrdomv>
					<edom>
						<edomv>commercial</edomv>
					</edom>
				</attrdomv>
				<attrdomv>
					<edom>
						<edomv>forest</edomv>
					</edom>
				</attrdomv>
				<attrdomv>
					<edom>
						<edomv>grass</edomv>
					</edom>
				</attrdomv>
				<attrdomv>
					<edom>
						<edomv>bare</edomv>
					</edom>
				</attrdomv>
				<attrdomv>
					<edom>
						<edomv>paved</edomv>
					</edom>
				</attrdomv>
				<attrdomv>
					<edom>
						<edomv>residential</edomv>
					</edom>
				</attrdomv>
				<attrdomv>
					<edom>
						<edomv>scrub-shrub</edomv>
					</edom>
				</attrdomv>
				<attalias Sync="TRUE">feature</attalias><attrtype Sync="TRUE">String</attrtype><attwidth Sync="TRUE">25</attwidth><atprecis Sync="TRUE">0</atprecis><attscale Sync="TRUE">0</attscale></attr>
			<attr>
				<attrlabl>remote</attrlabl>
				<attrdef>coded in the lab using background imagery</attrdef>
				<attalias Sync="TRUE">REMOTE</attalias><attrtype Sync="TRUE">String</attrtype><attwidth Sync="TRUE">4</attwidth><atprecis Sync="TRUE">0</atprecis><attscale Sync="TRUE">0</attscale></attr>
		</detailed>
		<overview>
			<eaover>Below is a list of attributes found in the three shapefiles (_lubc, _astru, and _sstru). Attributes in the _lubc file include: FEATURE or land use contains the following values: agriculture, commercial, forest, grass, paved, residential, scrub-shrub, and bare; HEIGHT is the bank height with 0 - 5 feet, 5 - 10 feet, and 10 - 30 feet, and &gt;30; EROSION or bank erosion can have the values: low or high or undercut; MARSH values are Yes(Erosion), Yes(No_Erosion), No, or a blank field; BEACH defines the presence and condition of the beach: Yes(Eroding), Yes(No_Erosion), No, or blank field;  Cover is bank cover and defined as bare, partial, and total coverage; and REMOTE refers to how the data was gathered: a blank value indicates the data was collected with the GPS unit, a "y" indicates that the shoreline attributes where determined from the 2006 VBMP imagery. Attributes in the _astru (access structure shapefile) are: PNTSTRUC contains access structures such as boathouse, dock, dilapidated dock, outfall, and public or private ramp; and REMOTE. Attributes found in the _sstru shapefile are: STRUCTURE (hardened shoreline)with values such as breakwater, bulkhead,  dilapidated bulkhead,groin, jetty, marina, miscellaneous and riprap; and REMOTE.</eaover>
		</overview>
	</eainfo>
	<distinfo>
		<resdesc>Downloadable Data</resdesc>
		<distliab>The Comprehensive Coastal Inventory Program (CCI) at VIMS performs a service by distributing data generated by either CCI or public agencies which offer data without restriction or charge. CCI assumes no responsibility for data accuracy or precision, metadata completeness or correctness for digital information. CCI assumes no liability for misuse of any data which may arise as a result of any alteration, conversion, or combination with other data sources. As well, the timeliness and scale of these products must be considered when evaluating appropriate use.</distliab>
		<stdorder>
			<digform>
				<digtinfo>
					<transize>0.898</transize>
					<dssize Sync="TRUE">1.015</dssize></digtinfo>
			</digform>
		</stdorder>
	</distinfo>
	<metainfo>
		<metd Sync="TRUE">20081105</metd>
		<metc>
			<cntinfo>
				<cntperp>
					<cntper>Sharon Killeen</cntper>
					<cntorg>Virginia Institute of Marine Science  (VIMS)</cntorg>
				</cntperp>
				<cntpos>GIS Programmer</cntpos>
				<cntaddr>
					<addrtype>P.O. Box 1346</addrtype>
					<city>Gloucester Point</city>
					<state>Virginia</state>
					<postal>23062</postal>
					<address>Greate Road</address></cntaddr>
				<cntvoice>804-684-7534</cntvoice>
				<cntfax>804-684-7179</cntfax>
				<cntemail>sharon@vims.edu</cntemail>
			</cntinfo>
		</metc>
		<metstdn Sync="TRUE">FGDC Content Standards for Digital Geospatial Metadata</metstdn>
		<metstdv Sync="TRUE">FGDC-STD-001-1998</metstdv>
		<mettc Sync="TRUE">local time</mettc>
		<metextns>
			<onlink>http://www.esri.com/metadata/esriprof80.html</onlink>
			<metprof>ESRI Metadata Profile</metprof>
		</metextns>
		<langmeta Sync="TRUE">en</langmeta><metextns><onlink Sync="TRUE">http://www.esri.com/metadata/esriprof80.html</onlink><metprof Sync="TRUE">ESRI Metadata Profile</metprof></metextns></metainfo>
	<Esri><MetaID>{FE6490CD-249E-4B3A-8454-1FC0EF1895BC}</MetaID><CreaDate>20081105</CreaDate><CreaTime>09254400</CreaTime><SyncOnce>FALSE</SyncOnce><SyncDate>20081105</SyncDate><SyncTime>15071300</SyncTime><ModDate>20081105</ModDate><ModTime>15071300</ModTime></Esri><dataIdInfo><envirDesc Sync="TRUE">Microsoft Windows XP Version 5.1 (Build 2600) Service Pack 2; ESRI ArcCatalog 9.3.0.1770</envirDesc><dataLang><languageCode Sync="TRUE" value="en"></languageCode></dataLang><idCitation><resTitle Sync="TRUE">ches_lubc</resTitle><presForm><PresFormCd Sync="TRUE" value="005"></PresFormCd></presForm></idCitation><spatRpType><SpatRepTypCd Sync="TRUE" value="001"></SpatRepTypCd></spatRpType><dataExt><geoEle><GeoBndBox esriExtentType="native"><westBL Sync="TRUE">371750.758469</westBL><eastBL Sync="TRUE">390670.454692</eastBL><northBL Sync="TRUE">4079947.756229</northBL><southBL Sync="TRUE">4063637.559359</southBL><exTypeCode Sync="TRUE">1</exTypeCode></GeoBndBox></geoEle></dataExt><geoBox esriExtentType="decdegrees"><westBL Sync="TRUE">-76.438653</westBL><eastBL Sync="TRUE">-76.224126</eastBL><northBL Sync="TRUE">36.859134</northBL><southBL Sync="TRUE">36.709768</southBL><exTypeCode Sync="TRUE">1</exTypeCode></geoBox></dataIdInfo><mdLang><languageCode Sync="TRUE" value="en"></languageCode></mdLang><mdStanName Sync="TRUE">ISO 19115 Geographic Information - Metadata</mdStanName><mdStanVer Sync="TRUE">DIS_ESRI1.0</mdStanVer><mdChar><CharSetCd Sync="TRUE" value="004"></CharSetCd></mdChar><mdHrLv><ScopeCd Sync="TRUE" value="005"></ScopeCd></mdHrLv><mdHrLvName Sync="TRUE">dataset</mdHrLvName><distInfo><distributor><distorTran><onLineSrc><orDesc Sync="TRUE">002</orDesc><linkage Sync="TRUE">file://\\139.70.26.250\ccrm\cci\portfolios\chesapeake_portfolio\final_shapefiles\ches_lubc.shp</linkage><protocol Sync="TRUE">Local Area Network</protocol></onLineSrc><transSize Sync="TRUE">1.015</transSize></distorTran><distorFormat><formatName Sync="TRUE">Shapefile</formatName></distorFormat></distributor></distInfo><refSysInfo><RefSystem><refSysID><identCode Sync="TRUE">NAD_1983_UTM_Zone_18N</identCode></refSysID></RefSystem></refSysInfo><spatRepInfo><VectSpatRep><topLvl><TopoLevCd Sync="TRUE" value="001"></TopoLevCd></topLvl><geometObjs Name="ches_lubc"><geoObjTyp><GeoObjTypCd Sync="TRUE" value="001"></GeoObjTypCd></geoObjTyp><geoObjCnt Sync="TRUE">1073</geoObjCnt></geometObjs></VectSpatRep></spatRepInfo><mdDateSt Sync="TRUE">20081105</mdDateSt></metadata>
