<?xml version="1.0" encoding="ISO-8859-1"?>
<metadata>
	<idinfo>
		<citation>
			<citeinfo>
				<origin>Comprehensive Coastal Inventory, Virginia Institute of Marine Science</origin>
				<pubdate>2013</pubdate>
				<title>The City of Suffolk Land Use and Bank Cover</title>
				<geoform Sync="TRUE">vector digital data</geoform>
				<pubinfo>
					<pubplace>Gloucester Point, Virginia</pubplace>
					<publish>Virginia Institute of Marine Science</publish>
				</pubinfo>
				<onlink>http:/ccrm.vims.edu/gis_data_maps/shoreline_inventories/index.html</onlink>
				<ftname Sync="TRUE">Suffolk_lubc</ftname></citeinfo>
		</citation>
		<descript>
			<abstract>Shoreline Situation Reports (SSR) were first generated by VIMS in the 1970's to report the condition and status of the shore lands.  The SSR series were published in hardcopy on a county by county basis for each of the Tidewater Virginia localities.  The reports were intended to assist planners, managers, and regulators in decisions pertaining to management of coastal areas and natural resources therein.   This is the first Shoreline Inventory Report for the City of Suffolk.  Data collected describes conditions in the immediate riparian zone, the bank, and along the shore.
</abstract>
			<purpose>To inventory the City of Suffolk tidal shoreline conditions.
</purpose>
			<langdata Sync="TRUE">en</langdata><supplinf>There are four shapefiles that are part of the 2013 City of Suffolk Shoreline Inventory database: Suffolk_lubc, Suffolk_sstru, Suffolk_astru and Suffolk_tm.   Suffolk_lubc (land use and bank cover for the City of Suffolk) is a linear shapefile containing data about land use, tree fringe, canopy overhang, bank height, bank cover, erosion  and beach status along the shoreline.  Suffolk_sstru (the City of Suffolk shoreline structures) is a linear shapefile delineating hard structures in place at the shoreline (bulkhead, dilapidated bulkhead, riprap, wharf, unconventional, debris, marina &lt; 50 slips, marina &gt; 50 slips, jetty, marsh toe revetment, groinfield and breakwaters).   Suffolk_astru ( the City of Suffolk access structures) is a point shapefile with locations of docks, dilapidated docks, boathouses, and private and public boat ramps.  Suffolk_tm (the City of Suffolk tidal marshes) shows the location, size, species and type of tidal marshes
</supplinf></descript>
		<timeperd>
			<timeinfo>
				<mdattim><sngdate><caldate>7/8/2013</caldate></sngdate><sngdate><caldate>7/9/2013</caldate></sngdate><sngdate><caldate>7/10/2013</caldate></sngdate></mdattim></timeinfo>
			<current>ground condition</current>
		</timeperd>
		<status>
			<progress>Complete</progress>
			<update>None planned</update>
		</status>
		<keywords>
			<theme>
				<themekey>City of Suffolk</themekey>
				<themekey>Shoreline inventory</themekey><themekey>Land use</themekey><themekey>Bank cover</themekey><themekey>Shoreline structures</themekey><themekey>Access structures</themekey></theme>
			<place>
				<placekey>Virginia</placekey>
				<placekey>Chesapeake Bay</placekey>
				<placekey>Nansemond River</placekey><placekey>Bennett Creek</placekey><placekey>Chuckatuck Creek</placekey><placekey>James River</placekey></place>
		</keywords>
		<accconst>none</accconst>
		<useconst>These data should not be used for jurisdictional permit determinations beyond providing general shoreline condition or status information.  These data have not been surveyed to property boundaries.
</useconst>
		<ptcontac>
			<cntinfo>
				<cntperp>
					<cntper>Marcia Berman</cntper>
					<cntorg>Virginia Institute of Marine Science (VIMS)</cntorg>
				</cntperp>
				<cntpos>Director Comprehensive Coastal Inventory Program</cntpos>
				<cntaddr>
					<addrtype>mailing address</addrtype>
					<address>P.O. Box 1346</address>
					<city>Gloucester Point</city>
					<state>Virginia</state>
					<postal>23062</postal>
					<country>USA</country>
				</cntaddr>
				<cntvoice>(804) 684-7188</cntvoice>
				<cntfax>(804) 684-7179</cntfax>
				<cntemail>marcia@vims.edu</cntemail>
			</cntinfo>
		</ptcontac>
		<native Sync="TRUE">Microsoft Windows XP Version 5.1 (Build 2600) Service Pack 3; ESRI ArcCatalog 9.3.1.3000</native><spdom><bounding><westbc Sync="TRUE">-76.939439</westbc><eastbc Sync="TRUE">-76.398074</eastbc><northbc Sync="TRUE">36.922784</northbc><southbc Sync="TRUE">36.551920</southbc></bounding><lboundng><leftbc Sync="TRUE">327235.732400</leftbc><rightbc Sync="TRUE">374887.098900</rightbc><bottombc Sync="TRUE">4046900.876100</bottombc><topbc Sync="TRUE">4087227.982300</topbc></lboundng></spdom><natvform Sync="TRUE">Shapefile</natvform></idinfo>
	<dataqual>
		<attracc>
			<attraccr>Assumptions were made that all data used for producing this shapefile were accurate. The exposure attribute was checked for a zero value and corrections were made as needed.</attraccr>
		</attracc>
		<posacc>
			<horizpa>
				<horizpar>Shoreline attributes recorded with a GPS unit as the boat moves along the shoreline has a horizontal accuracy of +/- 5 meters.  Data was transferred from the GPS boat track to an existing digital shoreline coverage by projecting data to the shoreline at a 90 degree angle from the boat track.  Rectified imagery were used as a background coverage to aid in data positioning.  Land use features were placed along the shore so changes in land use were coincident with changes illustrated in the imagery.  Positional accuracy for data that has been corrected with imagery which has a resolution of  2 meters or better.  Accuracy limits of the field collected data, however, are set at 5 meters due to the short occupancy of GPS units.  In many cases the image correction yields a final positional accuracy much closer to 2 meters or less, depending on image resolution.
</horizpar>
			</horizpa>
		</posacc>
		<lineage>
			<srcinfo>
				<srccite>
					<citeinfo>
						<origin>Virginia Geographic Information Network (VGIN)</origin>
						<pubdate>2009</pubdate>
						<title>Virginia Base Map Program Imagery and Hydrology</title>
						<geoform>digital data</geoform>
						<pubinfo>
							<pubplace>Richmond, Virginia</pubplace>
							<publish>Virginia Geographic Information Network (VGIN)</publish>
						</pubinfo>
					</citeinfo>
				</srccite>
				<typesrc>digital data</typesrc>
				<srctime>
					<timeinfo>
						<rngdates>
						</rngdates>
					</timeinfo>
					<srccurr>ground condition</srccurr>
				</srctime>
				<srccitea>VBMP</srccitea>
				<srccontr>base shoreline and imagery</srccontr>
			</srcinfo>
			<procstep>
				<procdesc>Wherever possible, all field surveys are performed from a small  shoal draft vessel navigating at slow speeds parallel to the shoreline.  To the extent possible, surveys take place on a rising tide allowing the boat to be as close to the shore as possible.  The field crew consists of a boat operator and one data collector.
</procdesc>
				<procdate>2013</procdate>
			</procstep>
			<procstep><procdesc>Data is logged using a geo-referenced video camera.  The Red Hen System provides hardware and software to collect geo-referenced video and photo data in the field.  A standard video camera (sony ACC-HDV7)  is interfaced with a GPS antennae via the Red Hen hardware device - VMS 300.   VMS 300 converts GPS data into audio signals, which are sent to a video camera through its microphone input connector.  As the video is recorded, GPS data are transmitted once per second to the video camera by VMS 300.  Each GPS location is linked with a time code on the video.  Therefore, the survey is a set of videos containing geographically referenced shoreline data.
</procdesc><procdate>2013</procdate></procstep><procstep><procdesc>For tributaries surveyed in the field using GPS referenced videography, the proprietary software associated with the Red Hen System is used for post processing: Pixpoint and GeoVideo for GIS. The PixPoint software package is used to generate a point shapefile containing points representing locations of geo-referenced still photos taken during the survey.  GeoVideo software package is an ArcGIS extension.  It is a desktop mapping application that brings the geo-referenced video directly into the ArcGIS environment.  This software enables users to digitally map videos using GPS coordinates.  After the videos are downloaded to the computer, the GeoVideo software is used to generate a point shapefile which is geotagged to the precise track of the video survey.  This shapefile is a representation of the survey track. Along with the video link, it enables GIS personnel to code the shoreline conditions in ArcMap based on what is viewed in the video.
</procdesc><procdate>2013</procdate></procstep><procstep><proccont><cntinfo><cntperp><cntper>Sharon Killeen</cntper><cntorg>Comprehensive Coastal Inventory Program, Viginia Institute of Marine Science </cntorg></cntperp><cntpos>GIS Programmer/Analyst </cntpos><cntaddr><addrtype>mailing and physical address</addrtype><address>1346 Greate Road</address><city>Gloucester Point</city><state>Virginia</state><postal>23062</postal><country>USA</country></cntaddr><cntvoice>804-684-7534</cntvoice><cntfax>804-684-7179</cntfax><cntemail>sharon@vims.edu</cntemail></cntinfo></proccont><procdesc>Areas that are coded remotely used the most current imagery available as background.
</procdesc><procdate>2013</procdate></procstep></lineage>
		<complete>This inventory targets tidal shoreline only.  Access by boat is required for field surveys.  Remote sensing techniques are used in areas where water depths are too shallow for access or where unmanaged, undeveloped shoreline persists along very long reaches.   This would include headwaters of tidal creeks, and natural areas along park and conservation lands.
</complete></dataqual>
	<eainfo>
		<detailed Name="Suffolk_lubc">
			<attr><attrlabl Sync="TRUE">Shape</attrlabl><attalias Sync="TRUE">Shape</attalias><attrtype Sync="TRUE">Geometry</attrtype><attwidth Sync="TRUE">0</attwidth><atprecis Sync="TRUE">0</atprecis><attscale Sync="TRUE">0</attscale><attrdef Sync="TRUE">Feature geometry.</attrdef><attrdefs Sync="TRUE">ESRI</attrdefs><attrdomv><udom Sync="TRUE">Coordinates defining the features.</udom></attrdomv></attr><attr><attrlabl Sync="TRUE">FID</attrlabl><attalias Sync="TRUE">FID</attalias><attrtype Sync="TRUE">OID</attrtype><attwidth Sync="TRUE">4</attwidth><atprecis Sync="TRUE">0</atprecis><attscale Sync="TRUE">0</attscale><attrdef Sync="TRUE">Internal feature number.</attrdef><attrdefs Sync="TRUE">ESRI</attrdefs><attrdomv><udom Sync="TRUE">Sequential unique whole numbers that are automatically generated.</udom></attrdomv></attr><attr><attrlabl Sync="TRUE">LENGTH</attrlabl><attalias Sync="TRUE">LENGTH</attalias><attrtype Sync="TRUE">Double</attrtype><attwidth Sync="TRUE">19</attwidth><attrdef>segment length in meters</attrdef><atprecis Sync="TRUE">0</atprecis><attscale Sync="TRUE">0</attscale></attr><attr><attrlabl Sync="TRUE">ID</attrlabl><attalias Sync="TRUE">ID</attalias><attrtype Sync="TRUE">Double</attrtype><attwidth Sync="TRUE">19</attwidth><atprecis Sync="TRUE">0</atprecis><attscale Sync="TRUE">0</attscale></attr><enttyp><enttypl Sync="TRUE">Suffolk_lubc</enttypl><enttypt Sync="TRUE">Feature Class</enttypt><enttypc Sync="TRUE">1755</enttypc></enttyp><attr><attrlabl Sync="TRUE">EROSION</attrlabl><attalias Sync="TRUE">EROSION</attalias><attrtype Sync="TRUE">String</attrtype><attwidth Sync="TRUE">50</attwidth><attrdef>bank stabilty:  stable is minimal erosion on bank face, transitional is the bank showing signs of instability, erosional shows slumping, scarps and exposed roots. Each of these is further defined by undercut when erosion is at the base of the bank.</attrdef><atprecis Sync="TRUE">0</atprecis><attscale Sync="TRUE">0</attscale></attr><attr><attrlabl Sync="TRUE">BEACH</attrlabl><attalias Sync="TRUE">BEACH</attalias><attrtype Sync="TRUE">String</attrtype><attwidth Sync="TRUE">50</attwidth><attrdef>presence or absence of</attrdef><atprecis Sync="TRUE">0</atprecis><attscale Sync="TRUE">0</attscale></attr><attr><attrlabl Sync="TRUE">TREE_FRING</attrlabl><attalias Sync="TRUE">TREE_FRING</attalias><attrtype Sync="TRUE">String</attrtype><attwidth Sync="TRUE">50</attwidth><attrdef>Low densiity distribution of trees in the riparian zone with or without canopy overhang</attrdef><atprecis Sync="TRUE">0</atprecis><attscale Sync="TRUE">0</attscale></attr><attr><attrlabl Sync="TRUE">FEATURE</attrlabl><attalias Sync="TRUE">FEATURE</attalias><attrtype Sync="TRUE">String</attrtype><attwidth Sync="TRUE">50</attwidth><attrdef>Low densiity distribution of trees in the riparian zone with or without canopy overhang</attrdef><atprecis Sync="TRUE">0</atprecis><attscale Sync="TRUE">0</attscale></attr><attr><attrlabl Sync="TRUE">HEIGHT</attrlabl><attalias Sync="TRUE">HEIGHT</attalias><attrtype Sync="TRUE">String</attrtype><attwidth Sync="TRUE">50</attwidth><attrdef>Height of bank : 0-5, 5-10, 10-30 and &gt;30 feet</attrdef><atprecis Sync="TRUE">0</atprecis><attscale Sync="TRUE">0</attscale></attr><attr><attrlabl Sync="TRUE">COVER</attrlabl><attalias Sync="TRUE">COVER</attalias><attrtype Sync="TRUE">String</attrtype><attwidth Sync="TRUE">50</attwidth><attrdef>coverage of bank: bare &lt; 25% vegetative/structural cover, partial 25-75% vegetative/structural cover, total &gt; 75% vegetative/structural cover</attrdef><atprecis Sync="TRUE">0</atprecis><attscale Sync="TRUE">0</attscale></attr><attr><attrlabl Sync="TRUE">REMOTE</attrlabl><attalias Sync="TRUE">REMOTE</attalias><attrtype Sync="TRUE">String</attrtype><attwidth Sync="TRUE">50</attwidth><attrdef>coded remotely or not</attrdef><atprecis Sync="TRUE">0</atprecis><attscale Sync="TRUE">0</attscale></attr><attr><attrlabl Sync="TRUE">Field_Date</attrlabl><attalias Sync="TRUE">Field_Date</attalias><attrtype Sync="TRUE">String</attrtype><attwidth Sync="TRUE">20</attwidth><attrdef>date of field verification</attrdef><atprecis Sync="TRUE">0</atprecis><attscale Sync="TRUE">0</attscale></attr><attr><attrlabl Sync="TRUE">ImageryRef</attrlabl><attalias Sync="TRUE">ImageryRef</attalias><attrtype Sync="TRUE">String</attrtype><attwidth Sync="TRUE">70</attwidth><atprecis Sync="TRUE">0</atprecis><attscale Sync="TRUE">0</attscale></attr></detailed>
	</eainfo>
	<distinfo>
		<distrib>
			<cntinfo>
				<cntorgp>
					<cntorg>Virginia Institute of Marine Science (VIMS)</cntorg>
				</cntorgp>
				<cntpos>Director Comprehensive Coastal Inventory Program</cntpos>
				<cntaddr>
					<addrtype>mailing address</addrtype>
					<address>P.O. Box 1346</address>
					<city>Gloucester Point</city>
					<state>Virginia</state>
					<postal>23062</postal>
					<country>USA</country>
				</cntaddr>
				<cntvoice>(804) 684-7188</cntvoice>
				<cntemail>marcia@vims.edu</cntemail>
				<cntinst>Contact via email</cntinst>
			</cntinfo>
		</distrib>
		<resdesc>Downloadable Data</resdesc>
		<distliab>The Comprehensive Coastal Inventory Program (CCI) at VIMS performs a service by distributing data generated by either CCI or public agencies which offer data without restriction or charge. CCI assumes no responsibility for data accuracy or precision, metadata completeness or correctness for digital information. CCI assumes no liability for misuse of any data which may arise as a result of any alteration, conversion, or combination with other data sources. As well, the timeliness and scale of these products must be considered when evaluating appropriate use.</distliab>
		<stdorder><digform><digtinfo><transize Sync="TRUE">12.778</transize><dssize Sync="TRUE">12.778</dssize></digtinfo></digform></stdorder></distinfo>
	<metainfo>
		<metc>
			<cntinfo>
				<cntpos>GIS Programmer/Analyst</cntpos>
				<cntaddr>
					<addrtype>mailing and physical address</addrtype>
					<address>1346 Greate Road</address>
					<city>Gloucester Point</city>
					<state>Virginia</state>
					<postal>23062</postal>
					<country>USA</country>
				</cntaddr>
				<cntvoice>(804) 684-7534</cntvoice>
				<cntfax>(804) 684-7179</cntfax>
				<cntemail>sharon@vims.edu</cntemail>
				<cntperp><cntper>Sharon Killeen</cntper><cntorg>Virginia Institute of Marine Science (VIMS)</cntorg></cntperp></cntinfo>
		</metc>
		<langmeta Sync="TRUE">en</langmeta><metstdn Sync="TRUE">FGDC Content Standards for Digital Geospatial Metadata</metstdn><metstdv Sync="TRUE">FGDC-STD-001-1998</metstdv><mettc Sync="TRUE">local time</mettc><metd Sync="TRUE">20130926</metd></metainfo>
	<Esri><CreaDate>20130812</CreaDate><CreaTime>13295400</CreaTime><SyncOnce>FALSE</SyncOnce><SyncDate>20130926</SyncDate><SyncTime>15052400</SyncTime><ModDate>20130926</ModDate><ModTime>15052400</ModTime><ArcGISstyle>FGDC CSDGM Metadata</ArcGISstyle><DataProperties><itemProps><itemLocation><linkage Sync="TRUE">file://\\139.70.26.251\ccrm\cci\Shoreline_Inventories\Inventories_In_Progress\Suffolk\Final_Shapefiles\Suffolk_lubc.shp</linkage><protocol Sync="TRUE">Local Area Network</protocol></itemLocation><itemName Sync="TRUE">Suffolk_lubc</itemName><imsContentType Sync="TRUE">002</imsContentType><itemSize Sync="TRUE">12.778</itemSize><nativeExtBox><westBL Sync="TRUE">327235.732400</westBL><eastBL Sync="TRUE">374887.098900</eastBL><southBL Sync="TRUE">4046900.876100</southBL><northBL Sync="TRUE">4087227.982300</northBL><exTypeCode Sync="TRUE">1</exTypeCode></nativeExtBox></itemProps><copyHistory><copy source="C:\Henrico_Shoreline\henrico_shl_11" dest="\\139.70.26.249\ccrm\cci\portfolios\henrico_inv\henrico_shl_11" date="20120229" time="10503900"></copy></copyHistory><coordRef><type Sync="TRUE">Projected</type><geogcsn Sync="TRUE">GCS_North_American_1983</geogcsn><csUnits Sync="TRUE">Linear Unit: Meter (1.000000)</csUnits><projcsn Sync="TRUE">NAD_1983_UTM_Zone_18N</projcsn><peXml Sync="TRUE">&lt;ProjectedCoordinateSystem xsi:type='typens:ProjectedCoordinateSystem' xmlns:xsi='http://www.w3.org/2001/XMLSchema-instance' xmlns:xs='http://www.w3.org/2001/XMLSchema' xmlns:typens='http://www.esri.com/schemas/ArcGIS/10.0'&gt;&lt;WKT&gt;PROJCS[&amp;quot;NAD_1983_UTM_Zone_18N&amp;quot;,GEOGCS[&amp;quot;GCS_North_American_1983&amp;quot;,DATUM[&amp;quot;D_North_American_1983&amp;quot;,SPHEROID[&amp;quot;GRS_1980&amp;quot;,6378137.0,298.257222101]],PRIMEM[&amp;quot;Greenwich&amp;quot;,0.0],UNIT[&amp;quot;Degree&amp;quot;,0.0174532925199433]],PROJECTION[&amp;quot;Transverse_Mercator&amp;quot;],PARAMETER[&amp;quot;False_Easting&amp;quot;,500000.0],PARAMETER[&amp;quot;False_Northing&amp;quot;,0.0],PARAMETER[&amp;quot;Central_Meridian&amp;quot;,-75.0],PARAMETER[&amp;quot;Scale_Factor&amp;quot;,0.9996],PARAMETER[&amp;quot;Latitude_Of_Origin&amp;quot;,0.0],UNIT[&amp;quot;Meter&amp;quot;,1.0],AUTHORITY[&amp;quot;EPSG&amp;quot;,26918]]&lt;/WKT&gt;&lt;XOrigin&gt;-5120900&lt;/XOrigin&gt;&lt;YOrigin&gt;-9998100&lt;/YOrigin&gt;&lt;XYScale&gt;450445547.3910538&lt;/XYScale&gt;&lt;ZOrigin&gt;-100000&lt;/ZOrigin&gt;&lt;ZScale&gt;10000&lt;/ZScale&gt;&lt;MOrigin&gt;-100000&lt;/MOrigin&gt;&lt;MScale&gt;10000&lt;/MScale&gt;&lt;XYTolerance&gt;0.001&lt;/XYTolerance&gt;&lt;ZTolerance&gt;0.001&lt;/ZTolerance&gt;&lt;MTolerance&gt;0.001&lt;/MTolerance&gt;&lt;HighPrecision&gt;true&lt;/HighPrecision&gt;&lt;WKID&gt;26918&lt;/WKID&gt;&lt;/ProjectedCoordinateSystem&gt;</peXml></coordRef><lineage><Process ToolSource="c:\program files (x86)\arcgis\desktop10.0\ArcToolbox\Toolboxes\Cartography Tools.tbx\SmoothLine" Date="20120229" Time="094902">SmoothLine henrico_shl_07 C:\Henrico_Shoreline\henrico_shl_11.shp PAEK "5 Meters" FIXED_CLOSED_ENDPOINT NO_CHECK</Process><Process ToolSource="c:\program files (x86)\arcgis\desktop10.0\ArcToolbox\Toolboxes\Cartography Tools.tbx\SmoothLine" Date="20120229" Time="103255">SmoothLine henrico_shl_11 C:\Henrico_Shoreline\henrico_shl_11s.shp PAEK "5 Meters" NO_FIXED NO_CHECK</Process><Process ToolSource="C:\Program Files\ArcGIS\ArcToolbox\Toolboxes\Conversion Tools.tbx\FeatureClassToFeatureClass" Date="20120917" Time="094250">FeatureClassToFeatureClass N:\cci\Shoreline_Inventories\Inventories_In_Progress\Henrico\Base_shoreline\henrico_shl_11.shp "C:\Red Hen\Shoreline_Inventory.gdb\Henrico" Henrico_lubc_12 # "LENGTH 'LENGTH' true true false 19 Double 0 0 ,First,#,N:\cci\Shoreline_Inventories\Inventories_In_Progress\Henrico\Base_shoreline\henrico_shl_11.shp,LENGTH,-1,-1;ID 'ID' true true false 19 Double 0 0 ,First,#,N:\cci\Shoreline_Inventories\Inventories_In_Progress\Henrico\Base_shoreline\henrico_shl_11.shp,ID,-1,-1" # "C:\Red Hen\Shoreline_Inventory.gdb\Henrico\Henrico_lubc_12"</Process><Process ToolSource="c:\program files (x86)\arcgis\desktop10.0\ArcToolbox\Toolboxes\Conversion Tools.tbx\FeatureClassToFeatureClass" Date="20130916" Time="105945">FeatureClassToFeatureClass X:\cci\RedHen_Bakup\GDB\Shoreline_Inventory.gdb\Suffolk\Suffolk_lubc N:\cci\Shoreline_Inventories\Inventories_In_Progress\Suffolk\Final_Shapefiles Suffolk_lubc.shp # "LENGTH "LENGTH" true true false 8 Double 0 0 ,First,#,X:\cci\RedHen_Bakup\GDB\Shoreline_Inventory.gdb\Suffolk\Suffolk_lubc,LENGTH,-1,-1;ID "ID" true true false 8 Double 0 0 ,First,#,X:\cci\RedHen_Bakup\GDB\Shoreline_Inventory.gdb\Suffolk\Suffolk_lubc,ID,-1,-1;EROSION "EROSION" true true false 50 Text 0 0 ,First,#,X:\cci\RedHen_Bakup\GDB\Shoreline_Inventory.gdb\Suffolk\Suffolk_lubc,EROSION,-1,-1;BEACH "BEACH" true true false 50 Text 0 0 ,First,#,X:\cci\RedHen_Bakup\GDB\Shoreline_Inventory.gdb\Suffolk\Suffolk_lubc,BEACH,-1,-1;TREE_FRING "TREE_FRING" true true false 50 Text 0 0 ,First,#,X:\cci\RedHen_Bakup\GDB\Shoreline_Inventory.gdb\Suffolk\Suffolk_lubc,TREE_FRING,-1,-1;FEATURE "FEATURE" true true false 50 Text 0 0 ,First,#,X:\cci\RedHen_Bakup\GDB\Shoreline_Inventory.gdb\Suffolk\Suffolk_lubc,FEATURE,-1,-1;HEIGHT "HEIGHT" true true false 50 Text 0 0 ,First,#,X:\cci\RedHen_Bakup\GDB\Shoreline_Inventory.gdb\Suffolk\Suffolk_lubc,HEIGHT,-1,-1;COVER "COVER" true true false 50 Text 0 0 ,First,#,X:\cci\RedHen_Bakup\GDB\Shoreline_Inventory.gdb\Suffolk\Suffolk_lubc,COVER,-1,-1;GPS_DATE "GPS_DATE" true true false 8 Date 0 0 ,First,#,X:\cci\RedHen_Bakup\GDB\Shoreline_Inventory.gdb\Suffolk\Suffolk_lubc,GPS_DATE,-1,-1;REMOTE "REMOTE" true true false 50 Text 0 0 ,First,#,X:\cci\RedHen_Bakup\GDB\Shoreline_Inventory.gdb\Suffolk\Suffolk_lubc,REMOTE,-1,-1;Shape_Leng "Shape_Length" false true true 8 Double 0 0 ,First,#,X:\cci\RedHen_Bakup\GDB\Shoreline_Inventory.gdb\Suffolk\Suffolk_lubc,Shape_Length,-1,-1" #</Process><Process ToolSource="c:\program files (x86)\arcgis\desktop10.0\ArcToolbox\Toolboxes\Data Management Tools.tbx\Merge" Date="20130916" Time="110917">Merge N:\cci\Shoreline_Inventories\Inventories_In_Progress\Suffolk\Final_Shapefiles\Suffolk_lubc.shp;N:\cci\Shoreline_Inventories\Inventories_In_Progress\Suffolk\Final_Shapefiles\Suffolk_lubc2.shp N:\cci\Shoreline_Inventories\Inventories_In_Progress\Suffolk\Final_Shapefiles\Suffolk_lubcF.shp "LENGTH "LENGTH" true true false 19 Double 0 0 ,First,#,N:\cci\Shoreline_Inventories\Inventories_In_Progress\Suffolk\Final_Shapefiles\Suffolk_lubc.shp,LENGTH,-1,-1,N:\cci\Shoreline_Inventories\Inventories_In_Progress\Suffolk\Final_Shapefiles\Suffolk_lubc2.shp,LENGTH,-1,-1;ID "ID" true true false 19 Double 0 0 ,First,#,N:\cci\Shoreline_Inventories\Inventories_In_Progress\Suffolk\Final_Shapefiles\Suffolk_lubc.shp,ID,-1,-1,N:\cci\Shoreline_Inventories\Inventories_In_Progress\Suffolk\Final_Shapefiles\Suffolk_lubc2.shp,ID,-1,-1;EROSION "EROSION" true true false 50 Text 0 0 ,First,#,N:\cci\Shoreline_Inventories\Inventories_In_Progress\Suffolk\Final_Shapefiles\Suffolk_lubc.shp,EROSION,-1,-1,N:\cci\Shoreline_Inventories\Inventories_In_Progress\Suffolk\Final_Shapefiles\Suffolk_lubc2.shp,EROSION,-1,-1;BEACH "BEACH" true true false 50 Text 0 0 ,First,#,N:\cci\Shoreline_Inventories\Inventories_In_Progress\Suffolk\Final_Shapefiles\Suffolk_lubc.shp,BEACH,-1,-1,N:\cci\Shoreline_Inventories\Inventories_In_Progress\Suffolk\Final_Shapefiles\Suffolk_lubc2.shp,BEACH,-1,-1;TREE_FRING "TREE_FRING" true true false 50 Text 0 0 ,First,#,N:\cci\Shoreline_Inventories\Inventories_In_Progress\Suffolk\Final_Shapefiles\Suffolk_lubc.shp,TREE_FRING,-1,-1,N:\cci\Shoreline_Inventories\Inventories_In_Progress\Suffolk\Final_Shapefiles\Suffolk_lubc2.shp,TREE_FRING,-1,-1;FEATURE "FEATURE" true true false 50 Text 0 0 ,First,#,N:\cci\Shoreline_Inventories\Inventories_In_Progress\Suffolk\Final_Shapefiles\Suffolk_lubc.shp,FEATURE,-1,-1,N:\cci\Shoreline_Inventories\Inventories_In_Progress\Suffolk\Final_Shapefiles\Suffolk_lubc2.shp,FEATURE,-1,-1;HEIGHT "HEIGHT" true true false 50 Text 0 0 ,First,#,N:\cci\Shoreline_Inventories\Inventories_In_Progress\Suffolk\Final_Shapefiles\Suffolk_lubc.shp,HEIGHT,-1,-1,N:\cci\Shoreline_Inventories\Inventories_In_Progress\Suffolk\Final_Shapefiles\Suffolk_lubc2.shp,HEIGHT,-1,-1;COVER "COVER" true true false 50 Text 0 0 ,First,#,N:\cci\Shoreline_Inventories\Inventories_In_Progress\Suffolk\Final_Shapefiles\Suffolk_lubc.shp,COVER,-1,-1,N:\cci\Shoreline_Inventories\Inventories_In_Progress\Suffolk\Final_Shapefiles\Suffolk_lubc2.shp,COVER,-1,-1;GPS_DATE "GPS_DATE" true true false 8 Date 0 0 ,First,#,N:\cci\Shoreline_Inventories\Inventories_In_Progress\Suffolk\Final_Shapefiles\Suffolk_lubc.shp,GPS_DATE,-1,-1,N:\cci\Shoreline_Inventories\Inventories_In_Progress\Suffolk\Final_Shapefiles\Suffolk_lubc2.shp,GPS_DATE,-1,-1;REMOTE "REMOTE" true true false 50 Text 0 0 ,First,#,N:\cci\Shoreline_Inventories\Inventories_In_Progress\Suffolk\Final_Shapefiles\Suffolk_lubc.shp,REMOTE,-1,-1,N:\cci\Shoreline_Inventories\Inventories_In_Progress\Suffolk\Final_Shapefiles\Suffolk_lubc2.shp,REMOTE,-1,-1;Shape_Leng "Shape_Leng" true true false 19 Double 0 0 ,First,#,N:\cci\Shoreline_Inventories\Inventories_In_Progress\Suffolk\Final_Shapefiles\Suffolk_lubc.shp,Shape_Leng,-1,-1,N:\cci\Shoreline_Inventories\Inventories_In_Progress\Suffolk\Final_Shapefiles\Suffolk_lubc2.shp,Shape_Leng,-1,-1;EROSI_DESC "EROSI_DESC" true true false 254 Text 0 0 ,First,#,N:\cci\Shoreline_Inventories\Inventories_In_Progress\Suffolk\Final_Shapefiles\Suffolk_lubc.shp,EROSI_DESC,-1,-1,N:\cci\Shoreline_Inventories\Inventories_In_Progress\Suffolk\Final_Shapefiles\Suffolk_lubc2.shp,EROSI_DESC,-1,-1;BEACH_DESC "BEACH_DESC" true true false 254 Text 0 0 ,First,#,N:\cci\Shoreline_Inventories\Inventories_In_Progress\Suffolk\Final_Shapefiles\Suffolk_lubc.shp,BEACH_DESC,-1,-1,N:\cci\Shoreline_Inventories\Inventories_In_Progress\Suffolk\Final_Shapefiles\Suffolk_lubc2.shp,BEACH_DESC,-1,-1;TREE__DESC "TREE__DESC" true true false 254 Text 0 0 ,First,#,N:\cci\Shoreline_Inventories\Inventories_In_Progress\Suffolk\Final_Shapefiles\Suffolk_lubc.shp,TREE__DESC,-1,-1,N:\cci\Shoreline_Inventories\Inventories_In_Progress\Suffolk\Final_Shapefiles\Suffolk_lubc2.shp,TREE__DESC,-1,-1;FEATU_DESC "FEATU_DESC" true true false 254 Text 0 0 ,First,#,N:\cci\Shoreline_Inventories\Inventories_In_Progress\Suffolk\Final_Shapefiles\Suffolk_lubc.shp,FEATU_DESC,-1,-1,N:\cci\Shoreline_Inventories\Inventories_In_Progress\Suffolk\Final_Shapefiles\Suffolk_lubc2.shp,FEATU_DESC,-1,-1;HEIGH_DESC "HEIGH_DESC" true true false 254 Text 0 0 ,First,#,N:\cci\Shoreline_Inventories\Inventories_In_Progress\Suffolk\Final_Shapefiles\Suffolk_lubc.shp,HEIGH_DESC,-1,-1,N:\cci\Shoreline_Inventories\Inventories_In_Progress\Suffolk\Final_Shapefiles\Suffolk_lubc2.shp,HEIGH_DESC,-1,-1;COVER_DESC "COVER_DESC" true true false 254 Text 0 0 ,First,#,N:\cci\Shoreline_Inventories\Inventories_In_Progress\Suffolk\Final_Shapefiles\Suffolk_lubc.shp,COVER_DESC,-1,-1,N:\cci\Shoreline_Inventories\Inventories_In_Progress\Suffolk\Final_Shapefiles\Suffolk_lubc2.shp,COVER_DESC,-1,-1;REMOT_DESC "REMOT_DESC" true true false 254 Text 0 0 ,First,#,N:\cci\Shoreline_Inventories\Inventories_In_Progress\Suffolk\Final_Shapefiles\Suffolk_lubc.shp,REMOT_DESC,-1,-1,N:\cci\Shoreline_Inventories\Inventories_In_Progress\Suffolk\Final_Shapefiles\Suffolk_lubc2.shp,REMOT_DESC,-1,-1"</Process><Process ToolSource="c:\program files (x86)\arcgis\desktop10.0\ArcToolbox\Toolboxes\Data Management Tools.tbx\CalculateField" Date="20130916" Time="152427">CalculateField Suffolk_lubc Field_Date "7/8/2013" VB #</Process><Process ToolSource="c:\program files (x86)\arcgis\desktop10.0\ArcToolbox\Toolboxes\Data Management Tools.tbx\CalculateField" Date="20130916" Time="153813">CalculateField Suffolk_lubc Field_Date "7/9/2013" VB #</Process><Process ToolSource="c:\program files (x86)\arcgis\desktop10.0\ArcToolbox\Toolboxes\Data Management Tools.tbx\CalculateField" Date="20130916" Time="153956">CalculateField Suffolk_lubc Field_Date "7/10/2013" VB #</Process><Process ToolSource="c:\program files (x86)\arcgis\desktop10.0\ArcToolbox\Toolboxes\Data Management Tools.tbx\CalculateField" Date="20130916" Time="154127">CalculateField Suffolk_lubc Imagery "background imagery used for coding: 2011 VBMP" VB #</Process><Process ToolSource="c:\program files (x86)\arcgis\desktop10.0\ArcToolbox\Toolboxes\Data Management Tools.tbx\CalculateField" Date="20130916" Time="161755">CalculateField Suffolk_lubc ImageryRef "VBMP 2011 imagery / Bing high resolution oblique imagery" VB #</Process><Process ToolSource="c:\program files (x86)\arcgis\desktop10.0\ArcToolbox\Toolboxes\Data Management Tools.tbx\CalculateField" Date="20130916" Time="162501">CalculateField Suffolk_lubc ImageryRef "VBMP 2009 imagery / Bing high resolution oblique imagery" VB #</Process><Process ToolSource="c:\program files (x86)\arcgis\desktop10.0\ArcToolbox\Toolboxes\Data Management Tools.tbx\CalculateField" Date="20130916" Time="162600">CalculateField Suffolk_lubc ImageryRef "VBMP 2009 imagery / Bing high resolution oblique imagery" VB #</Process><Process ToolSource="c:\program files (x86)\arcgis\desktop10.0\ArcToolbox\Toolboxes\Data Management Tools.tbx\CalculateField" Date="20130916" Time="162935">CalculateField Suffolk_lubc Field_Date "7/10/2013" VB #</Process><Process ToolSource="c:\program files (x86)\arcgis\desktop10.0\ArcToolbox\Toolboxes\Data Management Tools.tbx\CalculateField" Date="20130917" Time="141700">CalculateField Suffolk_lubc REMOTE "Yes" VB #</Process><Process ToolSource="c:\program files (x86)\arcgis\desktop10.0\ArcToolbox\Toolboxes\Data Management Tools.tbx\CalculateField" Date="20130917" Time="141708">CalculateField Suffolk_lubc Field_Date "" VB #</Process><Process ToolSource="c:\program files (x86)\arcgis\desktop10.0\ArcToolbox\Toolboxes\Data Management Tools.tbx\CalculateField" Date="20130917" Time="145218">CalculateField Suffolk_lubc TREE_FRING "No" VB #</Process><Process ToolSource="c:\program files (x86)\arcgis\desktop10.0\ArcToolbox\Toolboxes\Data Management Tools.tbx\CalculateField" Date="20130917" Time="145335">CalculateField Suffolk_lubc HEIGHT "0-5 feet" VB #</Process><Process ToolSource="c:\program files (x86)\arcgis\desktop10.0\ArcToolbox\Toolboxes\Data Management Tools.tbx\CalculateField" Date="20130917" Time="145352">CalculateField Suffolk_lubc HEIGHT "10-30 feet" VB #</Process><Process ToolSource="c:\program files (x86)\arcgis\desktop10.0\ArcToolbox\Toolboxes\Data Management Tools.tbx\CalculateField" Date="20130917" Time="145414">CalculateField Suffolk_lubc HEIGHT "5-10 feet" VB #</Process><Process ToolSource="c:\program files (x86)\arcgis\desktop10.0\ArcToolbox\Toolboxes\Data Management Tools.tbx\CalculateField" Date="20130917" Time="145620">CalculateField Suffolk_lubc REMOTE "No" VB #</Process></lineage></DataProperties><MetaID>{E7E74456-8D7D-4810-8871-509404277635}</MetaID></Esri><dataIdInfo><envirDesc Sync="TRUE">Microsoft Windows XP Version 5.1 (Build 2600) Service Pack 3; ESRI ArcGIS 10.0.3.3600</envirDesc><dataLang><languageCode Sync="TRUE" value="en"></languageCode><countryCode value="US" Sync="TRUE"></countryCode></dataLang><idCitation><resTitle Sync="TRUE">Suffolk_lubc</resTitle><presForm><PresFormCd Sync="TRUE" value="005"></PresFormCd></presForm></idCitation><spatRpType><SpatRepTypCd Sync="TRUE" value="001"></SpatRepTypCd></spatRpType><dataExt><geoEle><GeoBndBox esriExtentType="native"><westBL Sync="TRUE">327235.7324</westBL><eastBL Sync="TRUE">374887.0989</eastBL><northBL Sync="TRUE">4087227.9823</northBL><southBL Sync="TRUE">4046900.8761</southBL><exTypeCode Sync="TRUE">1</exTypeCode></GeoBndBox></geoEle></dataExt><geoBox esriExtentType="decdegrees"><westBL Sync="TRUE">-76.939439</westBL><eastBL Sync="TRUE">-76.398074</eastBL><northBL Sync="TRUE">36.922784</northBL><southBL Sync="TRUE">36.55192</southBL><exTypeCode Sync="TRUE">1</exTypeCode></geoBox><dataExt><geoEle><GeoBndBox esriExtentType="search"><exTypeCode Sync="TRUE">1</exTypeCode><westBL Sync="TRUE">-76.939439</westBL><eastBL Sync="TRUE">-76.398074</eastBL><northBL Sync="TRUE">36.922784</northBL><southBL Sync="TRUE">36.551920</southBL></GeoBndBox></geoEle></dataExt></dataIdInfo><mdLang><languageCode Sync="TRUE" value="en"></languageCode><countryCode value="US" Sync="TRUE"></countryCode></mdLang><mdStanName Sync="TRUE">ISO 19115 Geographic Information - Metadata</mdStanName><mdStanVer Sync="TRUE">DIS_ESRI1.0</mdStanVer><mdChar><CharSetCd Sync="TRUE" value="006"></CharSetCd></mdChar><mdHrLv><ScopeCd Sync="TRUE" value="005"></ScopeCd></mdHrLv><mdHrLvName Sync="TRUE">dataset</mdHrLvName><distInfo><distributor><distorTran><onLineSrc><orDesc Sync="TRUE">002</orDesc><linkage Sync="TRUE">file://\\139.70.26.251\ccrm\cci\Shoreline_Inventories\Inventories_In_Progress\Suffolk\Final_Shapefiles\Suffolk_lubc.shp</linkage><protocol Sync="TRUE">Local Area Network</protocol></onLineSrc><transSize Sync="TRUE">12.778</transSize></distorTran><distorFormat><formatName Sync="TRUE">Shapefile</formatName></distorFormat></distributor><distFormat><formatName Sync="TRUE">Shapefile</formatName></distFormat><distTranOps><transSize Sync="TRUE">12.778</transSize></distTranOps></distInfo><spdoinfo><direct Sync="TRUE">Vector</direct><ptvctinf><esriterm><efeatyp Sync="TRUE">Simple</efeatyp><efeageom code="3" Sync="TRUE"></efeageom><esritopo Sync="TRUE">FALSE</esritopo><efeacnt Sync="TRUE">1755</efeacnt><spindex Sync="TRUE">TRUE</spindex><linrefer Sync="TRUE">FALSE</linrefer></esriterm></ptvctinf></spdoinfo><spref><horizsys><cordsysn><geogcsn Sync="TRUE">GCS_North_American_1983</geogcsn><projcsn Sync="TRUE">NAD_1983_UTM_Zone_18N</projcsn></cordsysn><planar><planci><plance Sync="TRUE">coordinate pair</plance><plandu Sync="TRUE">meters</plandu><coordrep><absres Sync="TRUE">0.000000</absres><ordres Sync="TRUE">0.000000</ordres></coordrep></planci></planar><geodetic><horizdn Sync="TRUE">North American Datum of 1983</horizdn><ellips Sync="TRUE">Geodetic Reference System 80</ellips><semiaxis Sync="TRUE">6378137.000000</semiaxis><denflat Sync="TRUE">298.257222</denflat></geodetic></horizsys><vertdef><altsys><altenc Sync="TRUE">Explicit elevation coordinate included with horizontal coordinates</altenc><altres Sync="TRUE">0.000100</altres></altsys></vertdef></spref><refSysInfo><RefSystem><refSysID><identCode Sync="TRUE" value="26918">NAD_1983_UTM_Zone_18N</identCode><idCodeSpace Sync="TRUE">EPSG</idCodeSpace><idVersion Sync="TRUE">7.4.1</idVersion></refSysID></RefSystem></refSysInfo><spatRepInfo><VectSpatRep><geometObjs Name="Suffolk_lubc"><geoObjTyp><GeoObjTypCd value="002" Sync="TRUE"></GeoObjTypCd></geoObjTyp><geoObjCnt Sync="TRUE">1755</geoObjCnt></geometObjs><topLvl><TopoLevCd value="001" Sync="TRUE"></TopoLevCd></topLvl></VectSpatRep></spatRepInfo><mdDateSt Sync="TRUE">20130926</mdDateSt></metadata>
