<?xml version="1.0" encoding="ISO-8859-1"?>
<metadata>
	<idinfo>
		<citation>
			<citeinfo>
				<origin>Comprehensive Coastal Inventory, Virginia Institute of Marine Science</origin>
				<pubdate>2008</pubdate>
				<title>Gloucester County Land Use Bank Cover (glou_lubc)</title>
				<geoform Sync="TRUE">vector digital data</geoform>
				<pubinfo>
					<pubplace>Gloucester Point, Virginia</pubplace>
					<publish>Virginia Institute of Marine Science</publish>
				</pubinfo>
				<onlink>&lt;URL:http://ccrm.vims.edu/gis_data_maps/shoreline_inventories/index.html&gt;</onlink>
				<ftname Sync="TRUE">glou_lubc</ftname></citeinfo>
		</citation>
		<descript>
			<abstract>Shoreline Situation Reports (SSR) were first generated by VIMS in the 1970s to report the condition and status of the shore lands. The SSR series were published in hardcopy on a county by county basis for each of the Tidewater Virginia localities. The reports were intended to assist planners, managers, and regulators in decisions pertaining to management of coastal areas and natural resources therein. This report continues the process which updates and expands earlier reports. Data collected describes conditions in the immediate riparian zone, the bank, and along the shore.</abstract>
			<purpose>To inventory Virginia's tidal shoreline conditions.</purpose>
			<supplinf>
There are three shapefiles that are included in this metadata file: glou_lubc, glou_astru, glou_sstru. Glou_lubc (land use and bank cover for Gloucester County) is an linear shapefile containing data about land use, bank height, erosion, marsh, and beach status along the shoreline. Glou_sstru (Gloucester County shoreline structures) is an linear shapefile delineating hard structures in place for shoreline protection (bulkhead, riprap, groin fields). Glou_astru (Gloucester County access structures) is a point shapefile with locations of docks, ramps, and boathouses. The attributes of these three shapefiles are explained in the Entity and Attribute Information section below.
</supplinf>
			<langdata Sync="TRUE">en</langdata></descript>
		<status>
			<progress>Complete</progress>
			<update>Unknown</update>
		</status>
		<keywords>
			<theme>
				<themekt>none</themekt>
				<themekey>Shoreline condition</themekey>
				<themekey>Shoreline structures</themekey>
			</theme>
			<place>
				<placekt>none</placekt>
				<placekey>Virginia</placekey>
				<placekey>Chesapeake Bay</placekey>
				<placekey>Piankatank River</placekey>
				<placekey>Gloucester County</placekey>
				<placekey>Mobjack Bay</placekey>
				<placekey>York River</placekey>
			</place>
		</keywords>
		<accconst>none</accconst>
		<useconst>These data should not be used for jurisdictional permit determinations beyond providing general shoreline condition or status information. These data have not been surveyed to property boundaries.</useconst>
		<ptcontac>
			<cntinfo>
				<cntperp>
					<cntper>Marcia Berman</cntper>
					<cntorg>Virgina Institute of Marine Science (VIMS)</cntorg>
				</cntperp>
				<cntpos>Director of Comprehensive Coastal Inventory Program</cntpos>
				<cntaddr>
					<addrtype>mailing address</addrtype>
					<address>P.O. Box 1346</address>
					<city>Gloucester Point</city>
					<state>Virginia</state>
					<postal>23062</postal>
					<country>USA</country>
				</cntaddr>
				<cntvoice>(804) 684-7188</cntvoice>
				<cntfax>(804) 684-7179</cntfax>
				<cntemail>marcia@vims.edu</cntemail>
			</cntinfo>
		</ptcontac>
		<native Sync="TRUE">Microsoft Windows XP Version 5.1 (Build 2600) Service Pack 2; ESRI ArcCatalog 9.3.0.1770</native><timeperd><current>ground condition</current><timeinfo><rngdates><begdate>1998</begdate><enddate>2002</enddate></rngdates></timeinfo></timeperd><spdom><bounding><westbc Sync="TRUE">-76.705134</westbc><eastbc Sync="TRUE">-76.349026</eastbc><northbc Sync="TRUE">37.582647</northbc><southbc Sync="TRUE">37.242605</southbc></bounding><lboundng><leftbc Sync="TRUE">349434.500000</leftbc><rightbc Sync="TRUE">380355.531250</rightbc><bottombc Sync="TRUE">4123136.000000</bottombc><topbc Sync="TRUE">4160373.500000</topbc></lboundng></spdom><natvform Sync="TRUE">Shapefile</natvform></idinfo>
	<dataqual>
		<attracc>
			<attraccr>The attributes were compared to original GPS data logs for accuracy. Errors were corrected where noted. Attributes were updated and/or added based upon visual inspection of the 2002 Virginia Base Map imagery.</attraccr>
		</attracc>
		<logic>Chain-node topology present. Linear coverages were built for line and point coverages were built for points.</logic>
		<complete>All Gloucester County shoreline that has a minimum depth of 2 feet at mean low water was surveyed. Shoreline not surveyed in the field was remotely coded in the lab using visual inspection of the 2002 Virginia Base Map Imagery.</complete>
		<posacc>
			<horizpa>
				<horizpar>Shoreline structures were recorded with a GPS unit as the boat moved along the shoreline. Data was transferred from the GPS boat track to an existing digital shoreline coverage by projecting data to the shoreline at a 90 degree angle from the boat track. Rectified digital orthophoto quads were used as a background coverage to aid in data positioning. Dock and boathouse point data were aligned with docks on the images. Land use features were placed along the shore so changes in land use were coincident with changes illustrated in the imagery. Positional accuracy for data that has been corrected with imagery is  2 meters (equivalent to image resolution). Data not visable on the imagery (bulkheads, riprap, etc.) has a positional accuracy of  11 meters. Accuracy was determined by comparing digitally processed data locations to onsite GPS ground surveys collected at random.</horizpar>
			</horizpa>
		</posacc>
		<lineage>
			<srcinfo>
				<srccite>
					<citeinfo>
						<origin>U.S. Geological Survey</origin>
						<pubdate>1994</pubdate>
						<title>Digital Orthophoto Quadrangles</title>
						<geoform>remote-sensing image</geoform>
						<pubinfo>
							<pubplace>Reston, VA</pubplace>
							<publish>U.S. Geological Survey</publish>
						</pubinfo>
					</citeinfo>
				</srccite>
				<typesrc>color infra-red digital imagery</typesrc>
				<srctime>
					<timeinfo>
						<sngdate>
							<caldate>1994</caldate>
						</sngdate>
					</timeinfo>
					<srccurr>ground condition</srccurr>
				</srctime>
				<srccitea>DOQQ</srccitea>
				<srccontr>
Used to position land use and cover data. Used to create a new digital shoreline for Gloucester County in 2003. This shoreline serves as the base shoreline for the inventory data.
</srccontr>
			</srcinfo>
			<srcinfo>
				<srccite>
					<citeinfo>
						<origin>Commonwealth of Virginia, through the Virginia Geographic Network Division of its Department of Technology Planning (VGIN).</origin>
						<pubdate>03012003</pubdate>
						<title>Virginia Base Map Program Imagery and Hydrology</title>
						<geoform>vector digital data</geoform>
						<pubinfo>
							<pubplace>Richmond, VA</pubplace>
							<publish>Commonwealth of Virginia, through the Virginia Geographic Network Division of its Department of Technology Planning (VGIN).</publish>
						</pubinfo>
					</citeinfo>
				</srccite>
				<typesrc>digital data</typesrc>
				<srctime>
					<timeinfo>
						<rngdates>
							<begdate>02012002</begdate>
							<enddate>04012002</enddate>
						</rngdates>
					</timeinfo>
					<srccurr>date of source photography</srccurr>
				</srctime>
				<srccitea>VBMP</srccitea>
				<srccontr>Imagery serves as a background in the map portfolios. Imagery is used to update land use and structure data as well as to remotely coded areas not previously surveyed in the field. Imagery used to revise digital shoreline for recent conditions.</srccontr>
			</srcinfo>
			<procstep>
				<procdesc>Data was collected by a three-person field crew (two data collectors and one boat operator) using two hand-held Trimble GeoExplorers GPS Units, while navigating along the shoreline. A data dictionary designed for the inventory was installed on each GPS Unit. One data collector records natural features including land use, bank height, presence of marsh or beach, and shoreline stability. A second person collects data on the hardened structures: riprap, bulkheads, docks, boatramps, etc. Point features (docks, boathouses, ramps) were surveyed with a ten second observation recorded at 1 reading/second. Linear features were surveyed kinematically at a rate of one observation every 3 seconds.</procdesc>
				<procdate>1998</procdate>
			</procstep>
			<procstep>
				<procdesc>Data from the GPS units were postprocessed on a PC with Trimble Pathfinder Office software. Postprocessing includes differential correction using base station data collected at the VIMS laboratory. Corrected data is converted to ArcInfo coverages and transfered to a UNIX workstation for further processing.</procdesc>
				<procdate>1999</procdate>
			</procstep>
			<procstep>
				<procdesc>Using ArcInfo and ERADAS Imagine in the UNIX environment, a new base shoreline was created by digitizing the land-water interface illustrated on the DOQQs. Gloucester County boundary (determined from the USGS DLG digital dataset (1990)) set the limits for Gloucester shoreline.</procdesc>
				<srcused>DOQQ</srcused>
				<procdate>2003</procdate>
			</procstep>
			<procstep>
				<procdesc>In the UNIX ArcInfo environment, boat-track points were manually shifted to the base shoreline (DOQQ). Points were moved to locations on the shoreline perpendicular to the original locations on the boat-track. Points were coded and the access structure (astru) was visually checked for attribute accuracy between coded shoreline and boat-track data.</procdesc>
				<srcused>DOQQ</srcused>
				<procdate>2003</procdate>
			</procstep>
			<procstep>
				<procdesc>In the ArcMap environment, boat-track arcs were manually shifted to the base shoreline (DOQQ). Arcs were split and moved to locations on the shoreline perpendicular to the original locations on the boat-track. Shoreline arc segments were coded, and the shapefiles were visually checked for attribute accuracy between coded shoreline and boat-track data.</procdesc>
				<srcused>DOQQ</srcused>
				<procdate>2005</procdate>
			</procstep>
			<procstep>
				<procdesc>Land use, dock, and boathouse locations were digitally checked and repositioned if necessary with DOQQ imagery displayed as a background coverage. This was done using ArcMap capabilities. Areas inaccessible by boat due to low tide were coded based on features observed on the imagery. The "remote" coded areas were given the item REMOTE = "y" to distinquish them from GPS collected data.</procdesc>
				<srcused>DOQQ</srcused>
				<procdate>2005 - 2006</procdate>
			</procstep>
			<procstep>
				<procdesc>Land use and structures were digitally checked and updated, repositioned, or added, if necessary, with 2002 VBMP imagery displayed in the background. This was done using ArcMap version 9.2. New piers, boat houses, and ramps added based upon the updated 2002 VBMP imagery are coded as item REMOTE = "y" to distinquish them from GPS collected data.</procdesc>
				<srcused>DOQQ</srcused>
				<procdate>2008</procdate>
			</procstep>
			<procstep>
				<procdesc>A portfolio containing thirty four 1:12,000 scale plates was created for Gloucester County. Each plate shows three maps: riparian land use, bank and buffer conditions, and shoreline features. 2002 VBMP imagery is displayed in the background to provide users with additional information.  An additional four maps has been created that show the location of remote coded land use and structures.</procdesc>
				<procdate>2008</procdate>
			</procstep>
			<procstep><procdesc Sync="TRUE">Metadata imported.</procdesc><srcused Sync="TRUE">C:\DOCUME~1\tamia\LOCALS~1\Temp\xml2126.tmp</srcused><procdate Sync="TRUE">20081104</procdate><proctime Sync="TRUE">12094500</proctime></procstep></lineage>
	</dataqual>
	<eainfo>
		<overview>
			<eaover>Below is a list of attributes found in the three shapefiles (_lubc, _astru, and _sstru). Attributes in the _lubc file include: FEATURE or land use contains the following values: agriculture, commercial, forest, grass, paved, residential, scrub-shrub, and timbered; HEIGHT is the bank height with 0 - 5 feet, 5 - 10 feet, and 10 - 30 feet; EROSION or bank erosion can have the values: low or high; MARSH values are Yes(Erosion), Yes(No_Erosion), No, or a blank field; BEACH defines the presence and condition of the beach: Yes(Eroding), Yes(No_Erosion), No, or blank field; and REMOTE refers to how the data was gathered: a blank value indicates the data was collected with the GPS unit, a "y" indicates that the shoreline attributes where determined from the DOQQ or 2002 VBMP imagery. Attributes in the _astru (access structure shapefile) are: PNTSTRUC contains access structures such as boathouse, dock, or ramp; and REMOTE. Attributes found in the _sstru shapefile are: STRUCTURE (hardened shoreline)with values such as breakwater, bulkhead, groin, jetty, marina, and riprap; and REMOTE.</eaover>
			<eadetcit>none</eadetcit>
		</overview>
		<detailed Name="glou_lubc"><enttyp><enttypl Sync="TRUE">glou_lubc</enttypl><enttypt Sync="TRUE">Feature Class</enttypt><enttypc Sync="TRUE">2839</enttypc></enttyp><attr><attrlabl Sync="TRUE">FID</attrlabl><attalias Sync="TRUE">FID</attalias><attrtype Sync="TRUE">OID</attrtype><attwidth Sync="TRUE">4</attwidth><atprecis Sync="TRUE">0</atprecis><attscale Sync="TRUE">0</attscale><attrdef Sync="TRUE">Internal feature number.</attrdef><attrdefs Sync="TRUE">ESRI</attrdefs><attrdomv><udom Sync="TRUE">Sequential unique whole numbers that are automatically generated.</udom></attrdomv></attr><attr><attrlabl Sync="TRUE">Shape</attrlabl><attalias Sync="TRUE">Shape</attalias><attrtype Sync="TRUE">Geometry</attrtype><attwidth Sync="TRUE">0</attwidth><atprecis Sync="TRUE">0</atprecis><attscale Sync="TRUE">0</attscale><attrdef Sync="TRUE">Feature geometry.</attrdef><attrdefs Sync="TRUE">ESRI</attrdefs><attrdomv><udom Sync="TRUE">Coordinates defining the features.</udom></attrdomv></attr><attr><attrlabl Sync="TRUE">LENGTH</attrlabl><attalias Sync="TRUE">LENGTH</attalias><attrtype Sync="TRUE">Number</attrtype><attwidth Sync="TRUE">12</attwidth><atnumdec Sync="TRUE">3</atnumdec></attr><attr><attrlabl Sync="TRUE">FEATURE</attrlabl><attalias Sync="TRUE">FEATURE</attalias><attrtype Sync="TRUE">String</attrtype><attwidth Sync="TRUE">50</attwidth><attrdomv><edom><edomv>agriculture</edomv></edom><edom><edomv>commercial</edomv></edom><edom><edomv>forest</edomv></edom><edom><edomv>grass</edomv></edom><edom><edomv>paved</edomv></edom><edom><edomv>residential</edomv></edom><edom><edomv>scrub-shrub</edomv></edom><edom><edomv>timbered</edomv></edom></attrdomv><attrdef>land use/land cover</attrdef></attr><attr><attrlabl Sync="TRUE">REMOTE</attrlabl><attalias Sync="TRUE">REMOTE</attalias><attrtype Sync="TRUE">String</attrtype><attwidth Sync="TRUE">50</attwidth><attrdef>coded in the lab using background imagery</attrdef></attr><attr><attrlabl Sync="TRUE">EROSION</attrlabl><attalias Sync="TRUE">EROSION</attalias><attrtype Sync="TRUE">String</attrtype><attwidth Sync="TRUE">5</attwidth><attrdomv><edom><edomv>low</edomv></edom><edom><edomv>high</edomv></edom></attrdomv><attrdef>bank erosion</attrdef></attr><attr><attrlabl Sync="TRUE">MARSH</attrlabl><attalias Sync="TRUE">MARSH</attalias><attrtype Sync="TRUE">String</attrtype><attwidth Sync="TRUE">50</attwidth><attrdomv><edom><edomv>Yes(Erosion)</edomv></edom><edom><edomv>Yes(No_Erosion)</edomv></edom><edom><edomv>No</edomv></edom></attrdomv><attrdef>marsh presence</attrdef></attr><attr><attrlabl Sync="TRUE">BEACH</attrlabl><attalias Sync="TRUE">BEACH</attalias><attrtype Sync="TRUE">String</attrtype><attwidth Sync="TRUE">50</attwidth><attrdomv><edom><edomv>Yes(Erosion)</edomv></edom><edom><edomv>Yes(No_Erosion)</edomv></edom><edom><edomv>No</edomv></edom></attrdomv><attrdef>beach presence</attrdef></attr><attr><attrlabl Sync="TRUE">HEIGHT</attrlabl><attalias Sync="TRUE">HEIGHT</attalias><attrtype Sync="TRUE">String</attrtype><attwidth Sync="TRUE">50</attwidth><attrdomv><edom><edomv>0 - 5</edomv></edom><edom><edomv>5 - 10</edomv></edom><edom><edomv>10 - 30</edomv></edom></attrdomv><attrdef>bank height (in feet)</attrdef></attr><attr><attrlabl Sync="TRUE">GPS_DATE</attrlabl><attalias Sync="TRUE">GPS_DATE</attalias><attrtype Sync="TRUE">String</attrtype><attwidth Sync="TRUE">25</attwidth><attrdef>date for GPS survey</attrdef></attr></detailed></eainfo>
	<distinfo>
		<distrib>
			<cntinfo>
				<cntorgp>
					<cntorg>Virgina Institute of Marine Science (VIMS)</cntorg>
				</cntorgp>
				<cntpos>Director of Comprehensive Coastal Inventory Program</cntpos>
				<cntaddr>
					<addrtype>mailing address</addrtype>
					<address>P.O. Box 1346</address>
					<city>Gloucester Point</city>
					<state>Virginia</state>
					<postal>23062</postal>
					<country>USA</country>
				</cntaddr>
				<cntvoice>(804) 684-7188</cntvoice>
				<cntemail>marcia@vims.edu</cntemail>
				<cntinst>Contact via email</cntinst>
			</cntinfo>
		</distrib>
		<distliab>
The Comprehensive Coastal Inventory Program (CCI) at VIMS performs a service by distributing data generated by either CCI or public agencies which offer data without restriction or charge. CCI assumes no responsibility for data accuracy or precision, metadata completeness or correctness for digital information. CCI assumes no liability for misuse of any data which may arise as a result of any alteration, conversion, or combination with other data sources. As well, the timeliness and scale of these products must be considered when evaluating appropriate use.
</distliab>
		<resdesc Sync="TRUE">Downloadable Data</resdesc><stdorder><digform><digtinfo><transize Sync="TRUE">2.963</transize><dssize Sync="TRUE">2.963</dssize></digtinfo></digform></stdorder></distinfo>
	<metainfo>
		<metc>
			<cntinfo>
				<cntorgp>
					<cntorg>Virginia Institute of Marine Science (VIMS)</cntorg>
					<cntper>Tamia Rudnicky</cntper>
				</cntorgp>
				<cntpos>GIS Programmer</cntpos>
				<cntaddr>
					<addrtype>mailing address</addrtype>
					<address>P.O. Box 1346</address>
					<city>Gloucester Point</city>
					<state>Virginia</state>
					<postal>23062</postal>
					<country>USA</country>
				</cntaddr>
				<cntvoice>(804) 684-7181</cntvoice>
				<cntfax>(804) 684-7179</cntfax>
				<cntemail>tamia@vims.edu</cntemail>
			</cntinfo>
		</metc>
		<langmeta Sync="TRUE">en</langmeta><metstdn Sync="TRUE">FGDC Content Standards for Digital Geospatial Metadata</metstdn><metstdv Sync="TRUE">FGDC-STD-001-1998</metstdv><mettc Sync="TRUE">local time</mettc><metd Sync="TRUE">20081104</metd><metextns><onlink Sync="TRUE">http://www.esri.com/metadata/esriprof80.html</onlink><metprof Sync="TRUE">ESRI Metadata Profile</metprof></metextns></metainfo>
	<Esri><MetaID>{A7429F08-B6E2-4EB9-AC9B-9A6AB59DF9CD}</MetaID><CreaDate>20081104</CreaDate><CreaTime>12094500</CreaTime><SyncOnce>FALSE</SyncOnce><SyncDate>20081104</SyncDate><SyncTime>13391700</SyncTime><ModDate>20081104</ModDate><ModTime>13391700</ModTime></Esri><dataIdInfo><envirDesc Sync="TRUE">Microsoft Windows XP Version 5.1 (Build 2600) Service Pack 2; ESRI ArcCatalog 9.3.0.1770</envirDesc><dataLang><languageCode Sync="TRUE" value="en"></languageCode></dataLang><idCitation><resTitle Sync="TRUE">glou_lubc</resTitle><presForm><PresFormCd Sync="TRUE" value="005"></PresFormCd></presForm></idCitation><spatRpType><SpatRepTypCd Sync="TRUE" value="001"></SpatRepTypCd></spatRpType><dataExt><geoEle><GeoBndBox esriExtentType="native"><westBL Sync="TRUE">349434.5</westBL><eastBL Sync="TRUE">380355.53125</eastBL><northBL Sync="TRUE">4160373.5</northBL><southBL Sync="TRUE">4123136</southBL><exTypeCode Sync="TRUE">1</exTypeCode></GeoBndBox></geoEle></dataExt><geoBox esriExtentType="decdegrees"><westBL Sync="TRUE">-76.705134</westBL><eastBL Sync="TRUE">-76.349026</eastBL><northBL Sync="TRUE">37.582647</northBL><southBL Sync="TRUE">37.242605</southBL><exTypeCode Sync="TRUE">1</exTypeCode></geoBox></dataIdInfo><mdLang><languageCode Sync="TRUE" value="en"></languageCode></mdLang><mdStanName Sync="TRUE">ISO 19115 Geographic Information - Metadata</mdStanName><mdStanVer Sync="TRUE">DIS_ESRI1.0</mdStanVer><mdChar><CharSetCd Sync="TRUE" value="004"></CharSetCd></mdChar><mdHrLv><ScopeCd Sync="TRUE" value="005"></ScopeCd></mdHrLv><mdHrLvName Sync="TRUE">dataset</mdHrLvName><distInfo><distributor><distorTran><onLineSrc><orDesc Sync="TRUE">002</orDesc><linkage Sync="TRUE">file://\\139.70.26.250\ccrm\cci\portfolios\glou_portfolio\glou_final_shapefiles\glou_lubc.shp</linkage><protocol Sync="TRUE">Local Area Network</protocol></onLineSrc><transSize Sync="TRUE">2.963</transSize></distorTran><distorFormat><formatName Sync="TRUE">Shapefile</formatName></distorFormat></distributor></distInfo><spdoinfo><direct Sync="TRUE">Vector</direct><ptvctinf><esriterm Name="glou_lubc"><efeatyp Sync="TRUE">Simple</efeatyp><efeageom Sync="TRUE">Polyline</efeageom><esritopo Sync="TRUE">FALSE</esritopo><efeacnt Sync="TRUE">2839</efeacnt><spindex Sync="TRUE">TRUE</spindex><linrefer Sync="TRUE">FALSE</linrefer></esriterm><sdtsterm Name="glou_lubc"><sdtstype Sync="TRUE">String</sdtstype><ptvctcnt Sync="TRUE">2839</ptvctcnt></sdtsterm></ptvctinf></spdoinfo><spref><horizsys><cordsysn><geogcsn Sync="TRUE">GCS_North_American_1983</geogcsn><projcsn Sync="TRUE">NAD_1983_UTM_Zone_18N</projcsn></cordsysn><planar><planci><plance Sync="TRUE">coordinate pair</plance><plandu Sync="TRUE">meters</plandu><coordrep><absres Sync="TRUE">0.000000</absres><ordres Sync="TRUE">0.000000</ordres></coordrep></planci><gridsys><gridsysn Sync="TRUE">Universal Transverse Mercator</gridsysn><utm><utmzone Sync="TRUE">18</utmzone><transmer><sfctrmer Sync="TRUE">0.999600</sfctrmer><longcm Sync="TRUE">-75.000000</longcm><latprjo Sync="TRUE">0.000000</latprjo><feast Sync="TRUE">500000.000000</feast><fnorth Sync="TRUE">0.000000</fnorth></transmer></utm></gridsys></planar><geodetic><horizdn Sync="TRUE">North American Datum of 1983</horizdn><ellips Sync="TRUE">Geodetic Reference System 80</ellips><semiaxis Sync="TRUE">6378137.000000</semiaxis><denflat Sync="TRUE">298.257222</denflat></geodetic></horizsys></spref><refSysInfo><RefSystem><refSysID><identCode Sync="TRUE">NAD_1983_UTM_Zone_18N</identCode></refSysID></RefSystem></refSysInfo><spatRepInfo><VectSpatRep><topLvl><TopoLevCd Sync="TRUE" value="001"></TopoLevCd></topLvl><geometObjs Name="glou_lubc"><geoObjTyp><GeoObjTypCd Sync="TRUE" value="001"></GeoObjTypCd></geoObjTyp><geoObjCnt Sync="TRUE">2839</geoObjCnt></geometObjs></VectSpatRep></spatRepInfo><mdDateSt Sync="TRUE">20081104</mdDateSt></metadata>
