<?xml version="1.0" encoding="UTF-8"?>
<metadata xml:lang="en"><Esri><CreaDate>20111205</CreaDate><CreaTime>12090300</CreaTime><ArcGISFormat>1.0</ArcGISFormat><SyncOnce>FALSE</SyncOnce><DataProperties><itemProps><itemName Sync="TRUE">hazus_50miOilFlty</itemName><imsContentType Sync="TRUE">002</imsContentType><itemSize Sync="TRUE">0.000</itemSize><itemLocation><linkage Sync="TRUE">file://\\aamb-s-clust01\shared_data\MB7\Projects\SpIT\STICS_Pacheco\GIS Download\hazus_50miOilFlty.shp</linkage><protocol Sync="TRUE">Local Area Network</protocol></itemLocation></itemProps><coordRef><type Sync="TRUE">Geographic</type><geogcsn Sync="TRUE">GCS_North_American_1983</geogcsn><csUnits Sync="TRUE">Angular Unit: Degree (0.017453)</csUnits><peXml Sync="TRUE">&lt;GeographicCoordinateSystem xsi:type='typens:GeographicCoordinateSystem' xmlns:xsi='http://www.w3.org/2001/XMLSchema-instance' xmlns:xs='http://www.w3.org/2001/XMLSchema' xmlns:typens='http://www.esri.com/schemas/ArcGIS/10.0'&gt;&lt;WKT&gt;GEOGCS[&amp;quot;GCS_North_American_1983&amp;quot;,DATUM[&amp;quot;D_North_American_1983&amp;quot;,SPHEROID[&amp;quot;GRS_1980&amp;quot;,6378137.0,298.257222101]],PRIMEM[&amp;quot;Greenwich&amp;quot;,0.0],UNIT[&amp;quot;Degree&amp;quot;,0.0174532925199433],AUTHORITY[&amp;quot;EPSG&amp;quot;,4269]]&lt;/WKT&gt;&lt;XOrigin&gt;-399.99999999999989&lt;/XOrigin&gt;&lt;YOrigin&gt;-399.99999999999989&lt;/YOrigin&gt;&lt;XYScale&gt;11258999068426.24&lt;/XYScale&gt;&lt;ZOrigin&gt;-100000&lt;/ZOrigin&gt;&lt;ZScale&gt;10000&lt;/ZScale&gt;&lt;MOrigin&gt;-100000&lt;/MOrigin&gt;&lt;MScale&gt;10000&lt;/MScale&gt;&lt;XYTolerance&gt;8.9831528411952117e-009&lt;/XYTolerance&gt;&lt;ZTolerance&gt;0.001&lt;/ZTolerance&gt;&lt;MTolerance&gt;0.001&lt;/MTolerance&gt;&lt;HighPrecision&gt;true&lt;/HighPrecision&gt;&lt;LeftLongitude&gt;-180&lt;/LeftLongitude&gt;&lt;WKID&gt;4269&lt;/WKID&gt;&lt;/GeographicCoordinateSystem&gt;</peXml></coordRef><lineage><Process ToolSource="c:\program files\arcgis\desktop10.0\ArcToolbox\Toolboxes\Data Management Tools.tbx\Merge" Date="20111205" Time="121005">Merge I:\MB7\Projects\SpIT\STICS_Pacheco\Hazus\AK\UTIL.mdb\hzOilFlty;I:\MB7\Projects\SpIT\STICS_Pacheco\Hazus\AL\UTIL.mdb\hzOilFlty;I:\MB7\Projects\SpIT\STICS_Pacheco\Hazus\AR\UTIL.mdb\hzOilFlty;I:\MB7\Projects\SpIT\STICS_Pacheco\Hazus\AZ\UTIL.mdb\hzOilFlty;I:\MB7\Projects\SpIT\STICS_Pacheco\Hazus\CA\UTIL.mdb\hzOilFlty;I:\MB7\Projects\SpIT\STICS_Pacheco\Hazus\CO\UTIL.mdb\hzOilFlty;I:\MB7\Projects\SpIT\STICS_Pacheco\Hazus\CT\UTIL.mdb\hzOilFlty;I:\MB7\Projects\SpIT\STICS_Pacheco\Hazus\DC\UTIL.mdb\hzOilFlty;I:\MB7\Projects\SpIT\STICS_Pacheco\Hazus\DE\UTIL.mdb\hzOilFlty;I:\MB7\Projects\SpIT\STICS_Pacheco\Hazus\FL\UTIL.mdb\hzOilFlty;I:\MB7\Projects\SpIT\STICS_Pacheco\Hazus\GA\UTIL.mdb\hzOilFlty;I:\MB7\Projects\SpIT\STICS_Pacheco\Hazus\HI\UTIL.mdb\hzOilFlty;I:\MB7\Projects\SpIT\STICS_Pacheco\Hazus\IA\UTIL.mdb\hzOilFlty;I:\MB7\Projects\SpIT\STICS_Pacheco\Hazus\ID\UTIL.mdb\hzOilFlty;I:\MB7\Projects\SpIT\STICS_Pacheco\Hazus\IL\UTIL.mdb\hzOilFlty;I:\MB7\Projects\SpIT\STICS_Pacheco\Hazus\IN\UTIL.mdb\hzOilFlty;I:\MB7\Projects\SpIT\STICS_Pacheco\Hazus\KS\UTIL.mdb\hzOilFlty;I:\MB7\Projects\SpIT\STICS_Pacheco\Hazus\KY\UTIL.mdb\hzOilFlty;I:\MB7\Projects\SpIT\STICS_Pacheco\Hazus\LA\UTIL.mdb\hzOilFlty;I:\MB7\Projects\SpIT\STICS_Pacheco\Hazus\MA\UTIL.mdb\hzOilFlty;I:\MB7\Projects\SpIT\STICS_Pacheco\Hazus\MD\UTIL.mdb\hzOilFlty;I:\MB7\Projects\SpIT\STICS_Pacheco\Hazus\ME\UTIL.mdb\hzOilFlty;I:\MB7\Projects\SpIT\STICS_Pacheco\Hazus\MI\UTIL.mdb\hzOilFlty;I:\MB7\Projects\SpIT\STICS_Pacheco\Hazus\MN\UTIL.mdb\hzOilFlty;I:\MB7\Projects\SpIT\STICS_Pacheco\Hazus\MO\UTIL.mdb\hzOilFlty;I:\MB7\Projects\SpIT\STICS_Pacheco\Hazus\MS\UTIL.mdb\hzOilFlty;I:\MB7\Projects\SpIT\STICS_Pacheco\Hazus\MT\UTIL.mdb\hzOilFlty;I:\MB7\Projects\SpIT\STICS_Pacheco\Hazus\NC\UTIL.mdb\hzOilFlty;I:\MB7\Projects\SpIT\STICS_Pacheco\Hazus\ND\UTIL.mdb\hzOilFlty;I:\MB7\Projects\SpIT\STICS_Pacheco\Hazus\NE\UTIL.mdb\hzOilFlty;I:\MB7\Projects\SpIT\STICS_Pacheco\Hazus\NH\UTIL.mdb\hzOilFlty;I:\MB7\Projects\SpIT\STICS_Pacheco\Hazus\NJ\UTIL.mdb\hzOilFlty;I:\MB7\Projects\SpIT\STICS_Pacheco\Hazus\NM\UTIL.mdb\hzOilFlty;I:\MB7\Projects\SpIT\STICS_Pacheco\Hazus\NV\UTIL.mdb\hzOilFlty;I:\MB7\Projects\SpIT\STICS_Pacheco\Hazus\NY\UTIL.mdb\hzOilFlty;I:\MB7\Projects\SpIT\STICS_Pacheco\Hazus\OH\UTIL.mdb\hzOilFlty;I:\MB7\Projects\SpIT\STICS_Pacheco\Hazus\OK\UTIL.mdb\hzOilFlty;I:\MB7\Projects\SpIT\STICS_Pacheco\Hazus\OR\UTIL.mdb\hzOilFlty;I:\MB7\Projects\SpIT\STICS_Pacheco\Hazus\PA\UTIL.mdb\hzOilFlty;I:\MB7\Projects\SpIT\STICS_Pacheco\Hazus\PR\UTIL.mdb\hzOilFlty;I:\MB7\Projects\SpIT\STICS_Pacheco\Hazus\RI\UTIL.mdb\hzOilFlty;I:\MB7\Projects\SpIT\STICS_Pacheco\Hazus\SC\UTIL.mdb\hzOilFlty;I:\MB7\Projects\SpIT\STICS_Pacheco\Hazus\SD\UTIL.mdb\hzOilFlty;I:\MB7\Projects\SpIT\STICS_Pacheco\Hazus\TN\UTIL.mdb\hzOilFlty;I:\MB7\Projects\SpIT\STICS_Pacheco\Hazus\TX\UTIL.mdb\hzOilFlty;I:\MB7\Projects\SpIT\STICS_Pacheco\Hazus\UT\UTIL.mdb\hzOilFlty;I:\MB7\Projects\SpIT\STICS_Pacheco\Hazus\VA\UTIL.mdb\hzOilFlty;I:\MB7\Projects\SpIT\STICS_Pacheco\Hazus\VT\UTIL.mdb\hzOilFlty;I:\MB7\Projects\SpIT\STICS_Pacheco\Hazus\WA\UTIL.mdb\hzOilFlty;I:\MB7\Projects\SpIT\STICS_Pacheco\Hazus\WI\UTIL.mdb\hzOilFlty;I:\MB7\Projects\SpIT\STICS_Pacheco\Hazus\WV\UTIL.mdb\hzOilFlty;I:\MB7\Projects\SpIT\STICS_Pacheco\Hazus\WY\UTIL.mdb\hzOilFlty I:\MB7\Projects\SpIT\STICS_Pacheco\Hazus\CriticalFacilities\hzOilFlty.shp "OilFltyId "OilFltyId" true false false 8 Text 0 0 ,First,#,I:\MB7\Projects\SpIT\STICS_Pacheco\Hazus\AK\UTIL.mdb\hzOilFlty,OilFltyId,-1,-1,I:\MB7\Projects\SpIT\STICS_Pacheco\Hazus\AL\UTIL.mdb\hzOilFlty,OilFltyId,-1,-1,I:\MB7\Projects\SpIT\STICS_Pacheco\Hazus\AR\UTIL.mdb\hzOilFlty,OilFltyId,-1,-1,I:\MB7\Projects\SpIT\STICS_Pacheco\Hazus\AZ\UTIL.mdb\hzOilFlty,OilFltyId,-1,-1,I:\MB7\Projects\SpIT\STICS_Pacheco\Hazus\CA\UTIL.mdb\hzOilFlty,OilFltyId,-1,-1,I:\MB7\Projects\SpIT\STICS_Pacheco\Hazus\CO\UTIL.mdb\hzOilFlty,OilFltyId,-1,-1,I:\MB7\Projects\SpIT\STICS_Pacheco\Hazus\CT\UTIL.mdb\hzOilFlty,OilFltyId,-1,-1,I:\MB7\Projects\SpIT\STICS_Pacheco\Hazus\DC\UTIL.mdb\hzOilFlty,OilFltyId,-1,-1,I:\MB7\Projects\SpIT\STICS_Pacheco\Hazus\DE\UTIL.mdb\hzOilFlty,OilFltyId,-1,-1,I:\MB7\Projects\SpIT\STICS_Pacheco\Hazus\FL\UTIL.mdb\hzOilFlty,OilFltyId,-1,-1,I:\MB7\Projects\SpIT\STICS_Pacheco\Hazus\GA\UTIL.mdb\hzOilFlty,OilFltyId,-1,-1,I:\MB7\Projects\SpIT\STICS_Pacheco\Hazus\HI\UTIL.mdb\hzOilFlty,OilFltyId,-1,-1,I:\MB7\Projects\SpIT\STICS_Pacheco\Hazus\IA\UTIL.mdb\hzOilFlty,OilFltyId,-1,-1,I:\MB7\Projects\SpIT\STICS_Pacheco\Hazus\ID\UTIL.mdb\hzOilFlty,OilFltyId,-1,-1,I:\MB7\Projects\SpIT\STICS_Pacheco\Hazus\IL\UTIL.mdb\hzOilFlty,OilFltyId,-1,-1,I:\MB7\Projects\SpIT\STICS_Pacheco\Hazus\IN\UTIL.mdb\hzOilFlty,OilFltyId,-1,-1,I:\MB7\Projects\SpIT\STICS_Pacheco\Hazus\KS\UTIL.mdb\hzOilFlty,OilFltyId,-1,-1,I:\MB7\Projects\SpIT\STICS_Pacheco\Hazus\KY\UTIL.mdb\hzOilFlty,OilFltyId,-1,-1,I:\MB7\Projects\SpIT\STICS_Pacheco\Hazus\LA\UTIL.mdb\hzOilFlty,OilFltyId,-1,-1,I:\MB7\Projects\SpIT\STICS_Pacheco\Hazus\MA\UTIL.mdb\hzOilFlty,OilFltyId,-1,-1,I:\MB7\Projects\SpIT\STICS_Pacheco\Hazus\MD\UTIL.mdb\hzOilFlty,OilFltyId,-1,-1,I:\MB7\Projects\SpIT\STICS_Pacheco\Hazus\ME\UTIL.mdb\hzOilFlty,OilFltyId,-1,-1,I:\MB7\Projects\SpIT\STICS_Pacheco\Hazus\MI\UTIL.mdb\hzOilFlty,OilFltyId,-1,-1,I:\MB7\Projects\SpIT\STICS_Pacheco\Hazus\MN\UTIL.mdb\hzOilFlty,OilFltyId,-1,-1,I:\MB7\Projects\SpIT\STICS_Pacheco\Hazus\MO\UTIL.mdb\hzOilFlty,OilFltyId,-1,-1,I:\MB7\Projects\SpIT\STICS_Pacheco\Hazus\MS\UTIL.mdb\hzOilFlty,OilFltyId,-1,-1,I:\MB7\Projects\SpIT\STICS_Pacheco\Hazus\MT\UTIL.mdb\hzOilFlty,OilFltyId,-1,-1,I:\MB7\Projects\SpIT\STICS_Pacheco\Hazus\NC\UTIL.mdb\hzOilFlty,OilFltyId,-1,-1,I:\MB7\Projects\SpIT\STICS_Pacheco\Hazus\ND\UTIL.mdb\hzOilFlty,OilFltyId,-1,-1,I:\MB7\Projects\SpIT\STICS_Pacheco\Hazus\NE\UTIL.mdb\hzOilFlty,OilFltyId,-1,-1,I:\MB7\Projects\SpIT\STICS_Pacheco\Hazus\NH\UTIL.mdb\hzOilFlty,OilFltyId,-1,-1,I:\MB7\Projects\SpIT\STICS_Pacheco\Hazus\NJ\UTIL.mdb\hzOilFlty,OilFltyId,-1,-1,I:\MB7\Projects\SpIT\STICS_Pacheco\Hazus\NM\UTIL.mdb\hzOilFlty,OilFltyId,-1,-1,I:\MB7\Projects\SpIT\STICS_Pacheco\Hazus\NV\UTIL.mdb\hzOilFlty,OilFltyId,-1,-1,I:\MB7\Projects\SpIT\STICS_Pacheco\Hazus\NY\UTIL.mdb\hzOilFlty,OilFltyId,-1,-1,I:\MB7\Projects\SpIT\STICS_Pacheco\Hazus\OH\UTIL.mdb\hzOilFlty,OilFltyId,-1,-1,I:\MB7\Projects\SpIT\STICS_Pacheco\Hazus\OK\UTIL.mdb\hzOilFlty,OilFltyId,-1,-1,I:\MB7\Projects\SpIT\STICS_Pacheco\Hazus\OR\UTIL.mdb\hzOilFlty,OilFltyId,-1,-1,I:\MB7\Projects\SpIT\STICS_Pacheco\Hazus\PA\UTIL.mdb\hzOilFlty,OilFltyId,-1,-1,I:\MB7\Projects\SpIT\STICS_Pacheco\Hazus\PR\UTIL.mdb\hzOilFlty,OilFltyId,-1,-1,I:\MB7\Projects\SpIT\STICS_Pacheco\Hazus\RI\UTIL.mdb\hzOilFlty,OilFltyId,-1,-1,I:\MB7\Projects\SpIT\STICS_Pacheco\Hazus\SC\UTIL.mdb\hzOilFlty,OilFltyId,-1,-1,I:\MB7\Projects\SpIT\STICS_Pacheco\Hazus\SD\UTIL.mdb\hzOilFlty,OilFltyId,-1,-1,I:\MB7\Projects\SpIT\STICS_Pacheco\Hazus\TN\UTIL.mdb\hzOilFlty,OilFltyId,-1,-1,I:\MB7\Projects\SpIT\STICS_Pacheco\Hazus\TX\UTIL.mdb\hzOilFlty,OilFltyId,-1,-1,I:\MB7\Projects\SpIT\STICS_Pacheco\Hazus\UT\UTIL.mdb\hzOilFlty,OilFltyId,-1,-1,I:\MB7\Projects\SpIT\STICS_Pacheco\Hazus\VA\UTIL.mdb\hzOilFlty,OilFltyId,-1,-1,I:\MB7\Projects\SpIT\STICS_Pacheco\Hazus\VT\UTIL.mdb\hzOilFlty,OilFltyId,-1,-1,I:\MB7\Projects\SpIT\STICS_Pacheco\Hazus\WA\UTIL.mdb\hzOilFlty,OilFltyId,-1,-1,I:\MB7\Projects\SpIT\STICS_Pacheco\Hazus\WI\UTIL.mdb\hzOilFlty,OilFltyId,-1,-1,I:\MB7\Projects\SpIT\STICS_Pacheco\Hazus\WV\UTIL.mdb\hzOilFlty,OilFltyId,-1,-1,I:\MB7\Projects\SpIT\STICS_Pacheco\Hazus\WY\UTIL.mdb\hzOilFlty,OilFltyId,-1,-1;UtilFcltyC "UtilFcltyClass" true false false 5 Text 0 0 ,First,#,I:\MB7\Projects\SpIT\STICS_Pacheco\Hazus\AK\UTIL.mdb\hzOilFlty,UtilFcltyClass,-1,-1,I:\MB7\Projects\SpIT\STICS_Pacheco\Hazus\AL\UTIL.mdb\hzOilFlty,UtilFcltyClass,-1,-1,I:\MB7\Projects\SpIT\STICS_Pacheco\Hazus\AR\UTIL.mdb\hzOilFlty,UtilFcltyClass,-1,-1,I:\MB7\Projects\SpIT\STICS_Pacheco\Hazus\AZ\UTIL.mdb\hzOilFlty,UtilFcltyClass,-1,-1,I:\MB7\Projects\SpIT\STICS_Pacheco\Hazus\CA\UTIL.mdb\hzOilFlty,UtilFcltyClass,-1,-1,I:\MB7\Projects\SpIT\STICS_Pacheco\Hazus\CO\UTIL.mdb\hzOilFlty,UtilFcltyClass,-1,-1,I:\MB7\Projects\SpIT\STICS_Pacheco\Hazus\CT\UTIL.mdb\hzOilFlty,UtilFcltyClass,-1,-1,I:\MB7\Projects\SpIT\STICS_Pacheco\Hazus\DC\UTIL.mdb\hzOilFlty,UtilFcltyClass,-1,-1,I:\MB7\Projects\SpIT\STICS_Pacheco\Hazus\DE\UTIL.mdb\hzOilFlty,UtilFcltyClass,-1,-1,I:\MB7\Projects\SpIT\STICS_Pacheco\Hazus\FL\UTIL.mdb\hzOilFlty,UtilFcltyClass,-1,-1,I:\MB7\Projects\SpIT\STICS_Pacheco\Hazus\GA\UTIL.mdb\hzOilFlty,UtilFcltyClass,-1,-1,I:\MB7\Projects\SpIT\STICS_Pacheco\Hazus\HI\UTIL.mdb\hzOilFlty,UtilFcltyClass,-1,-1,I:\MB7\Projects\SpIT\STICS_Pacheco\Hazus\IA\UTIL.mdb\hzOilFlty,UtilFcltyClass,-1,-1,I:\MB7\Projects\SpIT\STICS_Pacheco\Hazus\ID\UTIL.mdb\hzOilFlty,UtilFcltyClass,-1,-1,I:\MB7\Projects\SpIT\STICS_Pacheco\Hazus\IL\UTIL.mdb\hzOilFlty,UtilFcltyClass,-1,-1,I:\MB7\Projects\SpIT\STICS_Pacheco\Hazus\IN\UTIL.mdb\hzOilFlty,UtilFcltyClass,-1,-1,I:\MB7\Projects\SpIT\STICS_Pacheco\Hazus\KS\UTIL.mdb\hzOilFlty,UtilFcltyClass,-1,-1,I:\MB7\Projects\SpIT\STICS_Pacheco\Hazus\KY\UTIL.mdb\hzOilFlty,UtilFcltyClass,-1,-1,I:\MB7\Projects\SpIT\STICS_Pacheco\Hazus\LA\UTIL.mdb\hzOilFlty,UtilFcltyClass,-1,-1,I:\MB7\Projects\SpIT\STICS_Pacheco\Hazus\MA\UTIL.mdb\hzOilFlty,UtilFcltyClass,-1,-1,I:\MB7\Projects\SpIT\STICS_Pacheco\Hazus\MD\UTIL.mdb\hzOilFlty,UtilFcltyClass,-1,-1,I:\MB7\Projects\SpIT\STICS_Pacheco\Hazus\ME\UTIL.mdb\hzOilFlty,UtilFcltyClass,-1,-1,I:\MB7\Projects\SpIT\STICS_Pacheco\Hazus\MI\UTIL.mdb\hzOilFlty,UtilFcltyClass,-1,-1,I:\MB7\Projects\SpIT\STICS_Pacheco\Hazus\MN\UTIL.mdb\hzOilFlty,UtilFcltyClass,-1,-1,I:\MB7\Projects\SpIT\STICS_Pacheco\Hazus\MO\UTIL.mdb\hzOilFlty,UtilFcltyClass,-1,-1,I:\MB7\Projects\SpIT\STICS_Pacheco\Hazus\MS\UTIL.mdb\hzOilFlty,UtilFcltyClass,-1,-1,I:\MB7\Projects\SpIT\STICS_Pacheco\Hazus\MT\UTIL.mdb\hzOilFlty,UtilFcltyClass,-1,-1,I:\MB7\Projects\SpIT\STICS_Pacheco\Hazus\NC\UTIL.mdb\hzOilFlty,UtilFcltyClass,-1,-1,I:\MB7\Projects\SpIT\STICS_Pacheco\Hazus\ND\UTIL.mdb\hzOilFlty,UtilFcltyClass,-1,-1,I:\MB7\Projects\SpIT\STICS_Pacheco\Hazus\NE\UTIL.mdb\hzOilFlty,UtilFcltyClass,-1,-1,I:\MB7\Projects\SpIT\STICS_Pacheco\Hazus\NH\UTIL.mdb\hzOilFlty,UtilFcltyClass,-1,-1,I:\MB7\Projects\SpIT\STICS_Pacheco\Hazus\NJ\UTIL.mdb\hzOilFlty,UtilFcltyClass,-1,-1,I:\MB7\Projects\SpIT\STICS_Pacheco\Hazus\NM\UTIL.mdb\hzOilFlty,UtilFcltyClass,-1,-1,I:\MB7\Projects\SpIT\STICS_Pacheco\Hazus\NV\UTIL.mdb\hzOilFlty,UtilFcltyClass,-1,-1,I:\MB7\Projects\SpIT\STICS_Pacheco\Hazus\NY\UTIL.mdb\hzOilFlty,UtilFcltyClass,-1,-1,I:\MB7\Projects\SpIT\STICS_Pacheco\Hazus\OH\UTIL.mdb\hzOilFlty,UtilFcltyClass,-1,-1,I:\MB7\Projects\SpIT\STICS_Pacheco\Hazus\OK\UTIL.mdb\hzOilFlty,UtilFcltyClass,-1,-1,I:\MB7\Projects\SpIT\STICS_Pacheco\Hazus\OR\UTIL.mdb\hzOilFlty,UtilFcltyClass,-1,-1,I:\MB7\Projects\SpIT\STICS_Pacheco\Hazus\PA\UTIL.mdb\hzOilFlty,UtilFcltyClass,-1,-1,I:\MB7\Projects\SpIT\STICS_Pacheco\Hazus\PR\UTIL.mdb\hzOilFlty,UtilFcltyClass,-1,-1,I:\MB7\Projects\SpIT\STICS_Pacheco\Hazus\RI\UTIL.mdb\hzOilFlty,UtilFcltyClass,-1,-1,I:\MB7\Projects\SpIT\STICS_Pacheco\Hazus\SC\UTIL.mdb\hzOilFlty,UtilFcltyClass,-1,-1,I:\MB7\Projects\SpIT\STICS_Pacheco\Hazus\SD\UTIL.mdb\hzOilFlty,UtilFcltyClass,-1,-1,I:\MB7\Projects\SpIT\STICS_Pacheco\Hazus\TN\UTIL.mdb\hzOilFlty,UtilFcltyClass,-1,-1,I:\MB7\Projects\SpIT\STICS_Pacheco\Hazus\TX\UTIL.mdb\hzOilFlty,UtilFcltyClass,-1,-1,I:\MB7\Projects\SpIT\STICS_Pacheco\Hazus\UT\UTIL.mdb\hzOilFlty,UtilFcltyClass,-1,-1,I:\MB7\Projects\SpIT\STICS_Pacheco\Hazus\VA\UTIL.mdb\hzOilFlty,UtilFcltyClass,-1,-1,I:\MB7\Projects\SpIT\STICS_Pacheco\Hazus\VT\UTIL.mdb\hzOilFlty,UtilFcltyClass,-1,-1,I:\MB7\Projects\SpIT\STICS_Pacheco\Hazus\WA\UTIL.mdb\hzOilFlty,UtilFcltyClass,-1,-1,I:\MB7\Projects\SpIT\STICS_Pacheco\Hazus\WI\UTIL.mdb\hzOilFlty,UtilFcltyClass,-1,-1,I:\MB7\Projects\SpIT\STICS_Pacheco\Hazus\WV\UTIL.mdb\hzOilFlty,UtilFcltyClass,-1,-1,I:\MB7\Projects\SpIT\STICS_Pacheco\Hazus\WY\UTIL.mdb\hzOilFlty,UtilFcltyClass,-1,-1;Tract "Tract" true false false 11 Text 0 0 ,First,#,I:\MB7\Projects\SpIT\STICS_Pacheco\Hazus\AK\UTIL.mdb\hzOilFlty,Tract,-1,-1,I:\MB7\Projects\SpIT\STICS_Pacheco\Hazus\AL\UTIL.mdb\hzOilFlty,Tract,-1,-1,I:\MB7\Projects\SpIT\STICS_Pacheco\Hazus\AR\UTIL.mdb\hzOilFlty,Tract,-1,-1,I:\MB7\Projects\SpIT\STICS_Pacheco\Hazus\AZ\UTIL.mdb\hzOilFlty,Tract,-1,-1,I:\MB7\Projects\SpIT\STICS_Pacheco\Hazus\CA\UTIL.mdb\hzOilFlty,Tract,-1,-1,I:\MB7\Projects\SpIT\STICS_Pacheco\Hazus\CO\UTIL.mdb\hzOilFlty,Tract,-1,-1,I:\MB7\Projects\SpIT\STICS_Pacheco\Hazus\CT\UTIL.mdb\hzOilFlty,Tract,-1,-1,I:\MB7\Projects\SpIT\STICS_Pacheco\Hazus\DC\UTIL.mdb\hzOilFlty,Tract,-1,-1,I:\MB7\Projects\SpIT\STICS_Pacheco\Hazus\DE\UTIL.mdb\hzOilFlty,Tract,-1,-1,I:\MB7\Projects\SpIT\STICS_Pacheco\Hazus\FL\UTIL.mdb\hzOilFlty,Tract,-1,-1,I:\MB7\Projects\SpIT\STICS_Pacheco\Hazus\GA\UTIL.mdb\hzOilFlty,Tract,-1,-1,I:\MB7\Projects\SpIT\STICS_Pacheco\Hazus\HI\UTIL.mdb\hzOilFlty,Tract,-1,-1,I:\MB7\Projects\SpIT\STICS_Pacheco\Hazus\IA\UTIL.mdb\hzOilFlty,Tract,-1,-1,I:\MB7\Projects\SpIT\STICS_Pacheco\Hazus\ID\UTIL.mdb\hzOilFlty,Tract,-1,-1,I:\MB7\Projects\SpIT\STICS_Pacheco\Hazus\IL\UTIL.mdb\hzOilFlty,Tract,-1,-1,I:\MB7\Projects\SpIT\STICS_Pacheco\Hazus\IN\UTIL.mdb\hzOilFlty,Tract,-1,-1,I:\MB7\Projects\SpIT\STICS_Pacheco\Hazus\KS\UTIL.mdb\hzOilFlty,Tract,-1,-1,I:\MB7\Projects\SpIT\STICS_Pacheco\Hazus\KY\UTIL.mdb\hzOilFlty,Tract,-1,-1,I:\MB7\Projects\SpIT\STICS_Pacheco\Hazus\LA\UTIL.mdb\hzOilFlty,Tract,-1,-1,I:\MB7\Projects\SpIT\STICS_Pacheco\Hazus\MA\UTIL.mdb\hzOilFlty,Tract,-1,-1,I:\MB7\Projects\SpIT\STICS_Pacheco\Hazus\MD\UTIL.mdb\hzOilFlty,Tract,-1,-1,I:\MB7\Projects\SpIT\STICS_Pacheco\Hazus\ME\UTIL.mdb\hzOilFlty,Tract,-1,-1,I:\MB7\Projects\SpIT\STICS_Pacheco\Hazus\MI\UTIL.mdb\hzOilFlty,Tract,-1,-1,I:\MB7\Projects\SpIT\STICS_Pacheco\Hazus\MN\UTIL.mdb\hzOilFlty,Tract,-1,-1,I:\MB7\Projects\SpIT\STICS_Pacheco\Hazus\MO\UTIL.mdb\hzOilFlty,Tract,-1,-1,I:\MB7\Projects\SpIT\STICS_Pacheco\Hazus\MS\UTIL.mdb\hzOilFlty,Tract,-1,-1,I:\MB7\Projects\SpIT\STICS_Pacheco\Hazus\MT\UTIL.mdb\hzOilFlty,Tract,-1,-1,I:\MB7\Projects\SpIT\STICS_Pacheco\Hazus\NC\UTIL.mdb\hzOilFlty,Tract,-1,-1,I:\MB7\Projects\SpIT\STICS_Pacheco\Hazus\ND\UTIL.mdb\hzOilFlty,Tract,-1,-1,I:\MB7\Projects\SpIT\STICS_Pacheco\Hazus\NE\UTIL.mdb\hzOilFlty,Tract,-1,-1,I:\MB7\Projects\SpIT\STICS_Pacheco\Hazus\NH\UTIL.mdb\hzOilFlty,Tract,-1,-1,I:\MB7\Projects\SpIT\STICS_Pacheco\Hazus\NJ\UTIL.mdb\hzOilFlty,Tract,-1,-1,I:\MB7\Projects\SpIT\STICS_Pacheco\Hazus\NM\UTIL.mdb\hzOilFlty,Tract,-1,-1,I:\MB7\Projects\SpIT\STICS_Pacheco\Hazus\NV\UTIL.mdb\hzOilFlty,Tract,-1,-1,I:\MB7\Projects\SpIT\STICS_Pacheco\Hazus\NY\UTIL.mdb\hzOilFlty,Tract,-1,-1,I:\MB7\Projects\SpIT\STICS_Pacheco\Hazus\OH\UTIL.mdb\hzOilFlty,Tract,-1,-1,I:\MB7\Projects\SpIT\STICS_Pacheco\Hazus\OK\UTIL.mdb\hzOilFlty,Tract,-1,-1,I:\MB7\Projects\SpIT\STICS_Pacheco\Hazus\OR\UTIL.mdb\hzOilFlty,Tract,-1,-1,I:\MB7\Projects\SpIT\STICS_Pacheco\Hazus\PA\UTIL.mdb\hzOilFlty,Tract,-1,-1,I:\MB7\Projects\SpIT\STICS_Pacheco\Hazus\PR\UTIL.mdb\hzOilFlty,Tract,-1,-1,I:\MB7\Projects\SpIT\STICS_Pacheco\Hazus\RI\UTIL.mdb\hzOilFlty,Tract,-1,-1,I:\MB7\Projects\SpIT\STICS_Pacheco\Hazus\SC\UTIL.mdb\hzOilFlty,Tract,-1,-1,I:\MB7\Projects\SpIT\STICS_Pacheco\Hazus\SD\UTIL.mdb\hzOilFlty,Tract,-1,-1,I:\MB7\Projects\SpIT\STICS_Pacheco\Hazus\TN\UTIL.mdb\hzOilFlty,Tract,-1,-1,I:\MB7\Projects\SpIT\STICS_Pacheco\Hazus\TX\UTIL.mdb\hzOilFlty,Tract,-1,-1,I:\MB7\Projects\SpIT\STICS_Pacheco\Hazus\UT\UTIL.mdb\hzOilFlty,Tract,-1,-1,I:\MB7\Projects\SpIT\STICS_Pacheco\Hazus\VA\UTIL.mdb\hzOilFlty,Tract,-1,-1,I:\MB7\Projects\SpIT\STICS_Pacheco\Hazus\VT\UTIL.mdb\hzOilFlty,Tract,-1,-1,I:\MB7\Projects\SpIT\STICS_Pacheco\Hazus\WA\UTIL.mdb\hzOilFlty,Tract,-1,-1,I:\MB7\Projects\SpIT\STICS_Pacheco\Hazus\WI\UTIL.mdb\hzOilFlty,Tract,-1,-1,I:\MB7\Projects\SpIT\STICS_Pacheco\Hazus\WV\UTIL.mdb\hzOilFlty,Tract,-1,-1,I:\MB7\Projects\SpIT\STICS_Pacheco\Hazus\WY\UTIL.mdb\hzOilFlty,Tract,-1,-1;Name "Name" true true false 40 Text 0 0 ,First,#,I:\MB7\Projects\SpIT\STICS_Pacheco\Hazus\AK\UTIL.mdb\hzOilFlty,Name,-1,-1,I:\MB7\Projects\SpIT\STICS_Pacheco\Hazus\AL\UTIL.mdb\hzOilFlty,Name,-1,-1,I:\MB7\Projects\SpIT\STICS_Pacheco\Hazus\AR\UTIL.mdb\hzOilFlty,Name,-1,-1,I:\MB7\Projects\SpIT\STICS_Pacheco\Hazus\AZ\UTIL.mdb\hzOilFlty,Name,-1,-1,I:\MB7\Projects\SpIT\STICS_Pacheco\Hazus\CA\UTIL.mdb\hzOilFlty,Name,-1,-1,I:\MB7\Projects\SpIT\STICS_Pacheco\Hazus\CO\UTIL.mdb\hzOilFlty,Name,-1,-1,I:\MB7\Projects\SpIT\STICS_Pacheco\Hazus\CT\UTIL.mdb\hzOilFlty,Name,-1,-1,I:\MB7\Projects\SpIT\STICS_Pacheco\Hazus\DC\UTIL.mdb\hzOilFlty,Name,-1,-1,I:\MB7\Projects\SpIT\STICS_Pacheco\Hazus\DE\UTIL.mdb\hzOilFlty,Name,-1,-1,I:\MB7\Projects\SpIT\STICS_Pacheco\Hazus\FL\UTIL.mdb\hzOilFlty,Name,-1,-1,I:\MB7\Projects\SpIT\STICS_Pacheco\Hazus\GA\UTIL.mdb\hzOilFlty,Name,-1,-1,I:\MB7\Projects\SpIT\STICS_Pacheco\Hazus\HI\UTIL.mdb\hzOilFlty,Name,-1,-1,I:\MB7\Projects\SpIT\STICS_Pacheco\Hazus\IA\UTIL.mdb\hzOilFlty,Name,-1,-1,I:\MB7\Projects\SpIT\STICS_Pacheco\Hazus\ID\UTIL.mdb\hzOilFlty,Name,-1,-1,I:\MB7\Projects\SpIT\STICS_Pacheco\Hazus\IL\UTIL.mdb\hzOilFlty,Name,-1,-1,I:\MB7\Projects\SpIT\STICS_Pacheco\Hazus\IN\UTIL.mdb\hzOilFlty,Name,-1,-1,I:\MB7\Projects\SpIT\STICS_Pacheco\Hazus\KS\UTIL.mdb\hzOilFlty,Name,-1,-1,I:\MB7\Projects\SpIT\STICS_Pacheco\Hazus\KY\UTIL.mdb\hzOilFlty,Name,-1,-1,I:\MB7\Projects\SpIT\STICS_Pacheco\Hazus\LA\UTIL.mdb\hzOilFlty,Name,-1,-1,I:\MB7\Projects\SpIT\STICS_Pacheco\Hazus\MA\UTIL.mdb\hzOilFlty,Name,-1,-1,I:\MB7\Projects\SpIT\STICS_Pacheco\Hazus\MD\UTIL.mdb\hzOilFlty,Name,-1,-1,I:\MB7\Projects\SpIT\STICS_Pacheco\Hazus\ME\UTIL.mdb\hzOilFlty,Name,-1,-1,I:\MB7\Projects\SpIT\STICS_Pacheco\Hazus\MI\UTIL.mdb\hzOilFlty,Name,-1,-1,I:\MB7\Projects\SpIT\STICS_Pacheco\Hazus\MN\UTIL.mdb\hzOilFlty,Name,-1,-1,I:\MB7\Projects\SpIT\STICS_Pacheco\Hazus\MO\UTIL.mdb\hzOilFlty,Name,-1,-1,I:\MB7\Projects\SpIT\STICS_Pacheco\Hazus\MS\UTIL.mdb\hzOilFlty,Name,-1,-1,I:\MB7\Projects\SpIT\STICS_Pacheco\Hazus\MT\UTIL.mdb\hzOilFlty,Name,-1,-1,I:\MB7\Projects\SpIT\STICS_Pacheco\Hazus\NC\UTIL.mdb\hzOilFlty,Name,-1,-1,I:\MB7\Projects\SpIT\STICS_Pacheco\Hazus\ND\UTIL.mdb\hzOilFlty,Name,-1,-1,I:\MB7\Projects\SpIT\STICS_Pacheco\Hazus\NE\UTIL.mdb\hzOilFlty,Name,-1,-1,I:\MB7\Projects\SpIT\STICS_Pacheco\Hazus\NH\UTIL.mdb\hzOilFlty,Name,-1,-1,I:\MB7\Projects\SpIT\STICS_Pacheco\Hazus\NJ\UTIL.mdb\hzOilFlty,Name,-1,-1,I:\MB7\Projects\SpIT\STICS_Pacheco\Hazus\NM\UTIL.mdb\hzOilFlty,Name,-1,-1,I:\MB7\Projects\SpIT\STICS_Pacheco\Hazus\NV\UTIL.mdb\hzOilFlty,Name,-1,-1,I:\MB7\Projects\SpIT\STICS_Pacheco\Hazus\NY\UTIL.mdb\hzOilFlty,Name,-1,-1,I:\MB7\Projects\SpIT\STICS_Pacheco\Hazus\OH\UTIL.mdb\hzOilFlty,Name,-1,-1,I:\MB7\Projects\SpIT\STICS_Pacheco\Hazus\OK\UTIL.mdb\hzOilFlty,Name,-1,-1,I:\MB7\Projects\SpIT\STICS_Pacheco\Hazus\OR\UTIL.mdb\hzOilFlty,Name,-1,-1,I:\MB7\Projects\SpIT\STICS_Pacheco\Hazus\PA\UTIL.mdb\hzOilFlty,Name,-1,-1,I:\MB7\Projects\SpIT\STICS_Pacheco\Hazus\PR\UTIL.mdb\hzOilFlty,Name,-1,-1,I:\MB7\Projects\SpIT\STICS_Pacheco\Hazus\RI\UTIL.mdb\hzOilFlty,Name,-1,-1,I:\MB7\Projects\SpIT\STICS_Pacheco\Hazus\SC\UTIL.mdb\hzOilFlty,Name,-1,-1,I:\MB7\Projects\SpIT\STICS_Pacheco\Hazus\SD\UTIL.mdb\hzOilFlty,Name,-1,-1,I:\MB7\Projects\SpIT\STICS_Pacheco\Hazus\TN\UTIL.mdb\hzOilFlty,Name,-1,-1,I:\MB7\Projects\SpIT\STICS_Pacheco\Hazus\TX\UTIL.mdb\hzOilFlty,Name,-1,-1,I:\MB7\Projects\SpIT\STICS_Pacheco\Hazus\UT\UTIL.mdb\hzOilFlty,Name,-1,-1,I:\MB7\Projects\SpIT\STICS_Pacheco\Hazus\VA\UTIL.mdb\hzOilFlty,Name,-1,-1,I:\MB7\Projects\SpIT\STICS_Pacheco\Hazus\VT\UTIL.mdb\hzOilFlty,Name,-1,-1,I:\MB7\Projects\SpIT\STICS_Pacheco\Hazus\WA\UTIL.mdb\hzOilFlty,Name,-1,-1,I:\MB7\Projects\SpIT\STICS_Pacheco\Hazus\WI\UTIL.mdb\hzOilFlty,Name,-1,-1,I:\MB7\Projects\SpIT\STICS_Pacheco\Hazus\WV\UTIL.mdb\hzOilFlty,Name,-1,-1,I:\MB7\Projects\SpIT\STICS_Pacheco\Hazus\WY\UTIL.mdb\hzOilFlty,Name,-1,-1;Address "Address" true true false 40 Text 0 0 ,First,#,I:\MB7\Projects\SpIT\STICS_Pacheco\Hazus\AK\UTIL.mdb\hzOilFlty,Address,-1,-1,I:\MB7\Projects\SpIT\STICS_Pacheco\Hazus\AL\UTIL.mdb\hzOilFlty,Address,-1,-1,I:\MB7\Projects\SpIT\STICS_Pacheco\Hazus\AR\UTIL.mdb\hzOilFlty,Address,-1,-1,I:\MB7\Projects\SpIT\STICS_Pacheco\Hazus\AZ\UTIL.mdb\hzOilFlty,Address,-1,-1,I:\MB7\Projects\SpIT\STICS_Pacheco\Hazus\CA\UTIL.mdb\hzOilFlty,Address,-1,-1,I:\MB7\Projects\SpIT\STICS_Pacheco\Hazus\CO\UTIL.mdb\hzOilFlty,Address,-1,-1,I:\MB7\Projects\SpIT\STICS_Pacheco\Hazus\CT\UTIL.mdb\hzOilFlty,Address,-1,-1,I:\MB7\Projects\SpIT\STICS_Pacheco\Hazus\DC\UTIL.mdb\hzOilFlty,Address,-1,-1,I:\MB7\Projects\SpIT\STICS_Pacheco\Hazus\DE\UTIL.mdb\hzOilFlty,Address,-1,-1,I:\MB7\Projects\SpIT\STICS_Pacheco\Hazus\FL\UTIL.mdb\hzOilFlty,Address,-1,-1,I:\MB7\Projects\SpIT\STICS_Pacheco\Hazus\GA\UTIL.mdb\hzOilFlty,Address,-1,-1,I:\MB7\Projects\SpIT\STICS_Pacheco\Hazus\HI\UTIL.mdb\hzOilFlty,Address,-1,-1,I:\MB7\Projects\SpIT\STICS_Pacheco\Hazus\IA\UTIL.mdb\hzOilFlty,Address,-1,-1,I:\MB7\Projects\SpIT\STICS_Pacheco\Hazus\ID\UTIL.mdb\hzOilFlty,Address,-1,-1,I:\MB7\Projects\SpIT\STICS_Pacheco\Hazus\IL\UTIL.mdb\hzOilFlty,Address,-1,-1,I:\MB7\Projects\SpIT\STICS_Pacheco\Hazus\IN\UTIL.mdb\hzOilFlty,Address,-1,-1,I:\MB7\Projects\SpIT\STICS_Pacheco\Hazus\KS\UTIL.mdb\hzOilFlty,Address,-1,-1,I:\MB7\Projects\SpIT\STICS_Pacheco\Hazus\KY\UTIL.mdb\hzOilFlty,Address,-1,-1,I:\MB7\Projects\SpIT\STICS_Pacheco\Hazus\LA\UTIL.mdb\hzOilFlty,Address,-1,-1,I:\MB7\Projects\SpIT\STICS_Pacheco\Hazus\MA\UTIL.mdb\hzOilFlty,Address,-1,-1,I:\MB7\Projects\SpIT\STICS_Pacheco\Hazus\MD\UTIL.mdb\hzOilFlty,Address,-1,-1,I:\MB7\Projects\SpIT\STICS_Pacheco\Hazus\ME\UTIL.mdb\hzOilFlty,Address,-1,-1,I:\MB7\Projects\SpIT\STICS_Pacheco\Hazus\MI\UTIL.mdb\hzOilFlty,Address,-1,-1,I:\MB7\Projects\SpIT\STICS_Pacheco\Hazus\MN\UTIL.mdb\hzOilFlty,Address,-1,-1,I:\MB7\Projects\SpIT\STICS_Pacheco\Hazus\MO\UTIL.mdb\hzOilFlty,Address,-1,-1,I:\MB7\Projects\SpIT\STICS_Pacheco\Hazus\MS\UTIL.mdb\hzOilFlty,Address,-1,-1,I:\MB7\Projects\SpIT\STICS_Pacheco\Hazus\MT\UTIL.mdb\hzOilFlty,Address,-1,-1,I:\MB7\Projects\SpIT\STICS_Pacheco\Hazus\NC\UTIL.mdb\hzOilFlty,Address,-1,-1,I:\MB7\Projects\SpIT\STICS_Pacheco\Hazus\ND\UTIL.mdb\hzOilFlty,Address,-1,-1,I:\MB7\Projects\SpIT\STICS_Pacheco\Hazus\NE\UTIL.mdb\hzOilFlty,Address,-1,-1,I:\MB7\Projects\SpIT\STICS_Pacheco\Hazus\NH\UTIL.mdb\hzOilFlty,Address,-1,-1,I:\MB7\Projects\SpIT\STICS_Pacheco\Hazus\NJ\UTIL.mdb\hzOilFlty,Address,-1,-1,I:\MB7\Projects\SpIT\STICS_Pacheco\Hazus\NM\UTIL.mdb\hzOilFlty,Address,-1,-1,I:\MB7\Projects\SpIT\STICS_Pacheco\Hazus\NV\UTIL.mdb\hzOilFlty,Address,-1,-1,I:\MB7\Projects\SpIT\STICS_Pacheco\Hazus\NY\UTIL.mdb\hzOilFlty,Address,-1,-1,I:\MB7\Projects\SpIT\STICS_Pacheco\Hazus\OH\UTIL.mdb\hzOilFlty,Address,-1,-1,I:\MB7\Projects\SpIT\STICS_Pacheco\Hazus\OK\UTIL.mdb\hzOilFlty,Address,-1,-1,I:\MB7\Projects\SpIT\STICS_Pacheco\Hazus\OR\UTIL.mdb\hzOilFlty,Address,-1,-1,I:\MB7\Projects\SpIT\STICS_Pacheco\Hazus\PA\UTIL.mdb\hzOilFlty,Address,-1,-1,I:\MB7\Projects\SpIT\STICS_Pacheco\Hazus\PR\UTIL.mdb\hzOilFlty,Address,-1,-1,I:\MB7\Projects\SpIT\STICS_Pacheco\Hazus\RI\UTIL.mdb\hzOilFlty,Address,-1,-1,I:\MB7\Projects\SpIT\STICS_Pacheco\Hazus\SC\UTIL.mdb\hzOilFlty,Address,-1,-1,I:\MB7\Projects\SpIT\STICS_Pacheco\Hazus\SD\UTIL.mdb\hzOilFlty,Address,-1,-1,I:\MB7\Projects\SpIT\STICS_Pacheco\Hazus\TN\UTIL.mdb\hzOilFlty,Address,-1,-1,I:\MB7\Projects\SpIT\STICS_Pacheco\Hazus\TX\UTIL.mdb\hzOilFlty,Address,-1,-1,I:\MB7\Projects\SpIT\STICS_Pacheco\Hazus\UT\UTIL.mdb\hzOilFlty,Address,-1,-1,I:\MB7\Projects\SpIT\STICS_Pacheco\Hazus\VA\UTIL.mdb\hzOilFlty,Address,-1,-1,I:\MB7\Projects\SpIT\STICS_Pacheco\Hazus\VT\UTIL.mdb\hzOilFlty,Address,-1,-1,I:\MB7\Projects\SpIT\STICS_Pacheco\Hazus\WA\UTIL.mdb\hzOilFlty,Address,-1,-1,I:\MB7\Projects\SpIT\STICS_Pacheco\Hazus\WI\UTIL.mdb\hzOilFlty,Address,-1,-1,I:\MB7\Projects\SpIT\STICS_Pacheco\Hazus\WV\UTIL.mdb\hzOilFlty,Address,-1,-1,I:\MB7\Projects\SpIT\STICS_Pacheco\Hazus\WY\UTIL.mdb\hzOilFlty,Address,-1,-1;City "City" true true false 40 Text 0 0 ,First,#,I:\MB7\Projects\SpIT\STICS_Pacheco\Hazus\AK\UTIL.mdb\hzOilFlty,City,-1,-1,I:\MB7\Projects\SpIT\STICS_Pacheco\Hazus\AL\UTIL.mdb\hzOilFlty,City,-1,-1,I:\MB7\Projects\SpIT\STICS_Pacheco\Hazus\AR\UTIL.mdb\hzOilFlty,City,-1,-1,I:\MB7\Projects\SpIT\STICS_Pacheco\Hazus\AZ\UTIL.mdb\hzOilFlty,City,-1,-1,I:\MB7\Projects\SpIT\STICS_Pacheco\Hazus\CA\UTIL.mdb\hzOilFlty,City,-1,-1,I:\MB7\Projects\SpIT\STICS_Pacheco\Hazus\CO\UTIL.mdb\hzOilFlty,City,-1,-1,I:\MB7\Projects\SpIT\STICS_Pacheco\Hazus\CT\UTIL.mdb\hzOilFlty,City,-1,-1,I:\MB7\Projects\SpIT\STICS_Pacheco\Hazus\DC\UTIL.mdb\hzOilFlty,City,-1,-1,I:\MB7\Projects\SpIT\STICS_Pacheco\Hazus\DE\UTIL.mdb\hzOilFlty,City,-1,-1,I:\MB7\Projects\SpIT\STICS_Pacheco\Hazus\FL\UTIL.mdb\hzOilFlty,City,-1,-1,I:\MB7\Projects\SpIT\STICS_Pacheco\Hazus\GA\UTIL.mdb\hzOilFlty,City,-1,-1,I:\MB7\Projects\SpIT\STICS_Pacheco\Hazus\HI\UTIL.mdb\hzOilFlty,City,-1,-1,I:\MB7\Projects\SpIT\STICS_Pacheco\Hazus\IA\UTIL.mdb\hzOilFlty,City,-1,-1,I:\MB7\Projects\SpIT\STICS_Pacheco\Hazus\ID\UTIL.mdb\hzOilFlty,City,-1,-1,I:\MB7\Projects\SpIT\STICS_Pacheco\Hazus\IL\UTIL.mdb\hzOilFlty,City,-1,-1,I:\MB7\Projects\SpIT\STICS_Pacheco\Hazus\IN\UTIL.mdb\hzOilFlty,City,-1,-1,I:\MB7\Projects\SpIT\STICS_Pacheco\Hazus\KS\UTIL.mdb\hzOilFlty,City,-1,-1,I:\MB7\Projects\SpIT\STICS_Pacheco\Hazus\KY\UTIL.mdb\hzOilFlty,City,-1,-1,I:\MB7\Projects\SpIT\STICS_Pacheco\Hazus\LA\UTIL.mdb\hzOilFlty,City,-1,-1,I:\MB7\Projects\SpIT\STICS_Pacheco\Hazus\MA\UTIL.mdb\hzOilFlty,City,-1,-1,I:\MB7\Projects\SpIT\STICS_Pacheco\Hazus\MD\UTIL.mdb\hzOilFlty,City,-1,-1,I:\MB7\Projects\SpIT\STICS_Pacheco\Hazus\ME\UTIL.mdb\hzOilFlty,City,-1,-1,I:\MB7\Projects\SpIT\STICS_Pacheco\Hazus\MI\UTIL.mdb\hzOilFlty,City,-1,-1,I:\MB7\Projects\SpIT\STICS_Pacheco\Hazus\MN\UTIL.mdb\hzOilFlty,City,-1,-1,I:\MB7\Projects\SpIT\STICS_Pacheco\Hazus\MO\UTIL.mdb\hzOilFlty,City,-1,-1,I:\MB7\Projects\SpIT\STICS_Pacheco\Hazus\MS\UTIL.mdb\hzOilFlty,City,-1,-1,I:\MB7\Projects\SpIT\STICS_Pacheco\Hazus\MT\UTIL.mdb\hzOilFlty,City,-1,-1,I:\MB7\Projects\SpIT\STICS_Pacheco\Hazus\NC\UTIL.mdb\hzOilFlty,City,-1,-1,I:\MB7\Projects\SpIT\STICS_Pacheco\Hazus\ND\UTIL.mdb\hzOilFlty,City,-1,-1,I:\MB7\Projects\SpIT\STICS_Pacheco\Hazus\NE\UTIL.mdb\hzOilFlty,City,-1,-1,I:\MB7\Projects\SpIT\STICS_Pacheco\Hazus\NH\UTIL.mdb\hzOilFlty,City,-1,-1,I:\MB7\Projects\SpIT\STICS_Pacheco\Hazus\NJ\UTIL.mdb\hzOilFlty,City,-1,-1,I:\MB7\Projects\SpIT\STICS_Pacheco\Hazus\NM\UTIL.mdb\hzOilFlty,City,-1,-1,I:\MB7\Projects\SpIT\STICS_Pacheco\Hazus\NV\UTIL.mdb\hzOilFlty,City,-1,-1,I:\MB7\Projects\SpIT\STICS_Pacheco\Hazus\NY\UTIL.mdb\hzOilFlty,City,-1,-1,I:\MB7\Projects\SpIT\STICS_Pacheco\Hazus\OH\UTIL.mdb\hzOilFlty,City,-1,-1,I:\MB7\Projects\SpIT\STICS_Pacheco\Hazus\OK\UTIL.mdb\hzOilFlty,City,-1,-1,I:\MB7\Projects\SpIT\STICS_Pacheco\Hazus\OR\UTIL.mdb\hzOilFlty,City,-1,-1,I:\MB7\Projects\SpIT\STICS_Pacheco\Hazus\PA\UTIL.mdb\hzOilFlty,City,-1,-1,I:\MB7\Projects\SpIT\STICS_Pacheco\Hazus\PR\UTIL.mdb\hzOilFlty,City,-1,-1,I:\MB7\Projects\SpIT\STICS_Pacheco\Hazus\RI\UTIL.mdb\hzOilFlty,City,-1,-1,I:\MB7\Projects\SpIT\STICS_Pacheco\Hazus\SC\UTIL.mdb\hzOilFlty,City,-1,-1,I:\MB7\Projects\SpIT\STICS_Pacheco\Hazus\SD\UTIL.mdb\hzOilFlty,City,-1,-1,I:\MB7\Projects\SpIT\STICS_Pacheco\Hazus\TN\UTIL.mdb\hzOilFlty,City,-1,-1,I:\MB7\Projects\SpIT\STICS_Pacheco\Hazus\TX\UTIL.mdb\hzOilFlty,City,-1,-1,I:\MB7\Projects\SpIT\STICS_Pacheco\Hazus\UT\UTIL.mdb\hzOilFlty,City,-1,-1,I:\MB7\Projects\SpIT\STICS_Pacheco\Hazus\VA\UTIL.mdb\hzOilFlty,City,-1,-1,I:\MB7\Projects\SpIT\STICS_Pacheco\Hazus\VT\UTIL.mdb\hzOilFlty,City,-1,-1,I:\MB7\Projects\SpIT\STICS_Pacheco\Hazus\WA\UTIL.mdb\hzOilFlty,City,-1,-1,I:\MB7\Projects\SpIT\STICS_Pacheco\Hazus\WI\UTIL.mdb\hzOilFlty,City,-1,-1,I:\MB7\Projects\SpIT\STICS_Pacheco\Hazus\WV\UTIL.mdb\hzOilFlty,City,-1,-1,I:\MB7\Projects\SpIT\STICS_Pacheco\Hazus\WY\UTIL.mdb\hzOilFlty,City,-1,-1;Statea "Statea" true true false 2 Text 0 0 ,First,#,I:\MB7\Projects\SpIT\STICS_Pacheco\Hazus\AK\UTIL.mdb\hzOilFlty,Statea,-1,-1,I:\MB7\Projects\SpIT\STICS_Pacheco\Hazus\AL\UTIL.mdb\hzOilFlty,Statea,-1,-1,I:\MB7\Projects\SpIT\STICS_Pacheco\Hazus\AR\UTIL.mdb\hzOilFlty,Statea,-1,-1,I:\MB7\Projects\SpIT\STICS_Pacheco\Hazus\AZ\UTIL.mdb\hzOilFlty,Statea,-1,-1,I:\MB7\Projects\SpIT\STICS_Pacheco\Hazus\CA\UTIL.mdb\hzOilFlty,Statea,-1,-1,I:\MB7\Projects\SpIT\STICS_Pacheco\Hazus\CO\UTIL.mdb\hzOilFlty,Statea,-1,-1,I:\MB7\Projects\SpIT\STICS_Pacheco\Hazus\CT\UTIL.mdb\hzOilFlty,Statea,-1,-1,I:\MB7\Projects\SpIT\STICS_Pacheco\Hazus\DC\UTIL.mdb\hzOilFlty,Statea,-1,-1,I:\MB7\Projects\SpIT\STICS_Pacheco\Hazus\DE\UTIL.mdb\hzOilFlty,Statea,-1,-1,I:\MB7\Projects\SpIT\STICS_Pacheco\Hazus\FL\UTIL.mdb\hzOilFlty,Statea,-1,-1,I:\MB7\Projects\SpIT\STICS_Pacheco\Hazus\GA\UTIL.mdb\hzOilFlty,Statea,-1,-1,I:\MB7\Projects\SpIT\STICS_Pacheco\Hazus\HI\UTIL.mdb\hzOilFlty,Statea,-1,-1,I:\MB7\Projects\SpIT\STICS_Pacheco\Hazus\IA\UTIL.mdb\hzOilFlty,Statea,-1,-1,I:\MB7\Projects\SpIT\STICS_Pacheco\Hazus\ID\UTIL.mdb\hzOilFlty,Statea,-1,-1,I:\MB7\Projects\SpIT\STICS_Pacheco\Hazus\IL\UTIL.mdb\hzOilFlty,Statea,-1,-1,I:\MB7\Projects\SpIT\STICS_Pacheco\Hazus\IN\UTIL.mdb\hzOilFlty,Statea,-1,-1,I:\MB7\Projects\SpIT\STICS_Pacheco\Hazus\KS\UTIL.mdb\hzOilFlty,Statea,-1,-1,I:\MB7\Projects\SpIT\STICS_Pacheco\Hazus\KY\UTIL.mdb\hzOilFlty,Statea,-1,-1,I:\MB7\Projects\SpIT\STICS_Pacheco\Hazus\LA\UTIL.mdb\hzOilFlty,Statea,-1,-1,I:\MB7\Projects\SpIT\STICS_Pacheco\Hazus\MA\UTIL.mdb\hzOilFlty,Statea,-1,-1,I:\MB7\Projects\SpIT\STICS_Pacheco\Hazus\MD\UTIL.mdb\hzOilFlty,Statea,-1,-1,I:\MB7\Projects\SpIT\STICS_Pacheco\Hazus\ME\UTIL.mdb\hzOilFlty,Statea,-1,-1,I:\MB7\Projects\SpIT\STICS_Pacheco\Hazus\MI\UTIL.mdb\hzOilFlty,Statea,-1,-1,I:\MB7\Projects\SpIT\STICS_Pacheco\Hazus\MN\UTIL.mdb\hzOilFlty,Statea,-1,-1,I:\MB7\Projects\SpIT\STICS_Pacheco\Hazus\MO\UTIL.mdb\hzOilFlty,Statea,-1,-1,I:\MB7\Projects\SpIT\STICS_Pacheco\Hazus\MS\UTIL.mdb\hzOilFlty,Statea,-1,-1,I:\MB7\Projects\SpIT\STICS_Pacheco\Hazus\MT\UTIL.mdb\hzOilFlty,Statea,-1,-1,I:\MB7\Projects\SpIT\STICS_Pacheco\Hazus\NC\UTIL.mdb\hzOilFlty,Statea,-1,-1,I:\MB7\Projects\SpIT\STICS_Pacheco\Hazus\ND\UTIL.mdb\hzOilFlty,Statea,-1,-1,I:\MB7\Projects\SpIT\STICS_Pacheco\Hazus\NE\UTIL.mdb\hzOilFlty,Statea,-1,-1,I:\MB7\Projects\SpIT\STICS_Pacheco\Hazus\NH\UTIL.mdb\hzOilFlty,Statea,-1,-1,I:\MB7\Projects\SpIT\STICS_Pacheco\Hazus\NJ\UTIL.mdb\hzOilFlty,Statea,-1,-1,I:\MB7\Projects\SpIT\STICS_Pacheco\Hazus\NM\UTIL.mdb\hzOilFlty,Statea,-1,-1,I:\MB7\Projects\SpIT\STICS_Pacheco\Hazus\NV\UTIL.mdb\hzOilFlty,Statea,-1,-1,I:\MB7\Projects\SpIT\STICS_Pacheco\Hazus\NY\UTIL.mdb\hzOilFlty,Statea,-1,-1,I:\MB7\Projects\SpIT\STICS_Pacheco\Hazus\OH\UTIL.mdb\hzOilFlty,Statea,-1,-1,I:\MB7\Projects\SpIT\STICS_Pacheco\Hazus\OK\UTIL.mdb\hzOilFlty,Statea,-1,-1,I:\MB7\Projects\SpIT\STICS_Pacheco\Hazus\OR\UTIL.mdb\hzOilFlty,Statea,-1,-1,I:\MB7\Projects\SpIT\STICS_Pacheco\Hazus\PA\UTIL.mdb\hzOilFlty,Statea,-1,-1,I:\MB7\Projects\SpIT\STICS_Pacheco\Hazus\PR\UTIL.mdb\hzOilFlty,Statea,-1,-1,I:\MB7\Projects\SpIT\STICS_Pacheco\Hazus\RI\UTIL.mdb\hzOilFlty,Statea,-1,-1,I:\MB7\Projects\SpIT\STICS_Pacheco\Hazus\SC\UTIL.mdb\hzOilFlty,Statea,-1,-1,I:\MB7\Projects\SpIT\STICS_Pacheco\Hazus\SD\UTIL.mdb\hzOilFlty,Statea,-1,-1,I:\MB7\Projects\SpIT\STICS_Pacheco\Hazus\TN\UTIL.mdb\hzOilFlty,Statea,-1,-1,I:\MB7\Projects\SpIT\STICS_Pacheco\Hazus\TX\UTIL.mdb\hzOilFlty,Statea,-1,-1,I:\MB7\Projects\SpIT\STICS_Pacheco\Hazus\UT\UTIL.mdb\hzOilFlty,Statea,-1,-1,I:\MB7\Projects\SpIT\STICS_Pacheco\Hazus\VA\UTIL.mdb\hzOilFlty,Statea,-1,-1,I:\MB7\Projects\SpIT\STICS_Pacheco\Hazus\VT\UTIL.mdb\hzOilFlty,Statea,-1,-1,I:\MB7\Projects\SpIT\STICS_Pacheco\Hazus\WA\UTIL.mdb\hzOilFlty,Statea,-1,-1,I:\MB7\Projects\SpIT\STICS_Pacheco\Hazus\WI\UTIL.mdb\hzOilFlty,Statea,-1,-1,I:\MB7\Projects\SpIT\STICS_Pacheco\Hazus\WV\UTIL.mdb\hzOilFlty,Statea,-1,-1,I:\MB7\Projects\SpIT\STICS_Pacheco\Hazus\WY\UTIL.mdb\hzOilFlty,Statea,-1,-1;Zipcode "Zipcode" true true false 10 Text 0 0 ,First,#,I:\MB7\Projects\SpIT\STICS_Pacheco\Hazus\AK\UTIL.mdb\hzOilFlty,Zipcode,-1,-1,I:\MB7\Projects\SpIT\STICS_Pacheco\Hazus\AL\UTIL.mdb\hzOilFlty,Zipcode,-1,-1,I:\MB7\Projects\SpIT\STICS_Pacheco\Hazus\AR\UTIL.mdb\hzOilFlty,Zipcode,-1,-1,I:\MB7\Projects\SpIT\STICS_Pacheco\Hazus\AZ\UTIL.mdb\hzOilFlty,Zipcode,-1,-1,I:\MB7\Projects\SpIT\STICS_Pacheco\Hazus\CA\UTIL.mdb\hzOilFlty,Zipcode,-1,-1,I:\MB7\Projects\SpIT\STICS_Pacheco\Hazus\CO\UTIL.mdb\hzOilFlty,Zipcode,-1,-1,I:\MB7\Projects\SpIT\STICS_Pacheco\Hazus\CT\UTIL.mdb\hzOilFlty,Zipcode,-1,-1,I:\MB7\Projects\SpIT\STICS_Pacheco\Hazus\DC\UTIL.mdb\hzOilFlty,Zipcode,-1,-1,I:\MB7\Projects\SpIT\STICS_Pacheco\Hazus\DE\UTIL.mdb\hzOilFlty,Zipcode,-1,-1,I:\MB7\Projects\SpIT\STICS_Pacheco\Hazus\FL\UTIL.mdb\hzOilFlty,Zipcode,-1,-1,I:\MB7\Projects\SpIT\STICS_Pacheco\Hazus\GA\UTIL.mdb\hzOilFlty,Zipcode,-1,-1,I:\MB7\Projects\SpIT\STICS_Pacheco\Hazus\HI\UTIL.mdb\hzOilFlty,Zipcode,-1,-1,I:\MB7\Projects\SpIT\STICS_Pacheco\Hazus\IA\UTIL.mdb\hzOilFlty,Zipcode,-1,-1,I:\MB7\Projects\SpIT\STICS_Pacheco\Hazus\ID\UTIL.mdb\hzOilFlty,Zipcode,-1,-1,I:\MB7\Projects\SpIT\STICS_Pacheco\Hazus\IL\UTIL.mdb\hzOilFlty,Zipcode,-1,-1,I:\MB7\Projects\SpIT\STICS_Pacheco\Hazus\IN\UTIL.mdb\hzOilFlty,Zipcode,-1,-1,I:\MB7\Projects\SpIT\STICS_Pacheco\Hazus\KS\UTIL.mdb\hzOilFlty,Zipcode,-1,-1,I:\MB7\Projects\SpIT\STICS_Pacheco\Hazus\KY\UTIL.mdb\hzOilFlty,Zipcode,-1,-1,I:\MB7\Projects\SpIT\STICS_Pacheco\Hazus\LA\UTIL.mdb\hzOilFlty,Zipcode,-1,-1,I:\MB7\Projects\SpIT\STICS_Pacheco\Hazus\MA\UTIL.mdb\hzOilFlty,Zipcode,-1,-1,I:\MB7\Projects\SpIT\STICS_Pacheco\Hazus\MD\UTIL.mdb\hzOilFlty,Zipcode,-1,-1,I:\MB7\Projects\SpIT\STICS_Pacheco\Hazus\ME\UTIL.mdb\hzOilFlty,Zipcode,-1,-1,I:\MB7\Projects\SpIT\STICS_Pacheco\Hazus\MI\UTIL.mdb\hzOilFlty,Zipcode,-1,-1,I:\MB7\Projects\SpIT\STICS_Pacheco\Hazus\MN\UTIL.mdb\hzOilFlty,Zipcode,-1,-1,I:\MB7\Projects\SpIT\STICS_Pacheco\Hazus\MO\UTIL.mdb\hzOilFlty,Zipcode,-1,-1,I:\MB7\Projects\SpIT\STICS_Pacheco\Hazus\MS\UTIL.mdb\hzOilFlty,Zipcode,-1,-1,I:\MB7\Projects\SpIT\STICS_Pacheco\Hazus\MT\UTIL.mdb\hzOilFlty,Zipcode,-1,-1,I:\MB7\Projects\SpIT\STICS_Pacheco\Hazus\NC\UTIL.mdb\hzOilFlty,Zipcode,-1,-1,I:\MB7\Projects\SpIT\STICS_Pacheco\Hazus\ND\UTIL.mdb\hzOilFlty,Zipcode,-1,-1,I:\MB7\Projects\SpIT\STICS_Pacheco\Hazus\NE\UTIL.mdb\hzOilFlty,Zipcode,-1,-1,I:\MB7\Projects\SpIT\STICS_Pacheco\Hazus\NH\UTIL.mdb\hzOilFlty,Zipcode,-1,-1,I:\MB7\Projects\SpIT\STICS_Pacheco\Hazus\NJ\UTIL.mdb\hzOilFlty,Zipcode,-1,-1,I:\MB7\Projects\SpIT\STICS_Pacheco\Hazus\NM\UTIL.mdb\hzOilFlty,Zipcode,-1,-1,I:\MB7\Projects\SpIT\STICS_Pacheco\Hazus\NV\UTIL.mdb\hzOilFlty,Zipcode,-1,-1,I:\MB7\Projects\SpIT\STICS_Pacheco\Hazus\NY\UTIL.mdb\hzOilFlty,Zipcode,-1,-1,I:\MB7\Projects\SpIT\STICS_Pacheco\Hazus\OH\UTIL.mdb\hzOilFlty,Zipcode,-1,-1,I:\MB7\Projects\SpIT\STICS_Pacheco\Hazus\OK\UTIL.mdb\hzOilFlty,Zipcode,-1,-1,I:\MB7\Projects\SpIT\STICS_Pacheco\Hazus\OR\UTIL.mdb\hzOilFlty,Zipcode,-1,-1,I:\MB7\Projects\SpIT\STICS_Pacheco\Hazus\PA\UTIL.mdb\hzOilFlty,Zipcode,-1,-1,I:\MB7\Projects\SpIT\STICS_Pacheco\Hazus\PR\UTIL.mdb\hzOilFlty,Zipcode,-1,-1,I:\MB7\Projects\SpIT\STICS_Pacheco\Hazus\RI\UTIL.mdb\hzOilFlty,Zipcode,-1,-1,I:\MB7\Projects\SpIT\STICS_Pacheco\Hazus\SC\UTIL.mdb\hzOilFlty,Zipcode,-1,-1,I:\MB7\Projects\SpIT\STICS_Pacheco\Hazus\SD\UTIL.mdb\hzOilFlty,Zipcode,-1,-1,I:\MB7\Projects\SpIT\STICS_Pacheco\Hazus\TN\UTIL.mdb\hzOilFlty,Zipcode,-1,-1,I:\MB7\Projects\SpIT\STICS_Pacheco\Hazus\TX\UTIL.mdb\hzOilFlty,Zipcode,-1,-1,I:\MB7\Projects\SpIT\STICS_Pacheco\Hazus\UT\UTIL.mdb\hzOilFlty,Zipcode,-1,-1,I:\MB7\Projects\SpIT\STICS_Pacheco\Hazus\VA\UTIL.mdb\hzOilFlty,Zipcode,-1,-1,I:\MB7\Projects\SpIT\STICS_Pacheco\Hazus\VT\UTIL.mdb\hzOilFlty,Zipcode,-1,-1,I:\MB7\Projects\SpIT\STICS_Pacheco\Hazus\WA\UTIL.mdb\hzOilFlty,Zipcode,-1,-1,I:\MB7\Projects\SpIT\STICS_Pacheco\Hazus\WI\UTIL.mdb\hzOilFlty,Zipcode,-1,-1,I:\MB7\Projects\SpIT\STICS_Pacheco\Hazus\WV\UTIL.mdb\hzOilFlty,Zipcode,-1,-1,I:\MB7\Projects\SpIT\STICS_Pacheco\Hazus\WY\UTIL.mdb\hzOilFlty,Zipcode,-1,-1;Owner "Owner" true true false 25 Text 0 0 ,First,#,I:\MB7\Projects\SpIT\STICS_Pacheco\Hazus\AK\UTIL.mdb\hzOilFlty,Owner,-1,-1,I:\MB7\Projects\SpIT\STICS_Pacheco\Hazus\AL\UTIL.mdb\hzOilFlty,Owner,-1,-1,I:\MB7\Projects\SpIT\STICS_Pacheco\Hazus\AR\UTIL.mdb\hzOilFlty,Owner,-1,-1,I:\MB7\Projects\SpIT\STICS_Pacheco\Hazus\AZ\UTIL.mdb\hzOilFlty,Owner,-1,-1,I:\MB7\Projects\SpIT\STICS_Pacheco\Hazus\CA\UTIL.mdb\hzOilFlty,Owner,-1,-1,I:\MB7\Projects\SpIT\STICS_Pacheco\Hazus\CO\UTIL.mdb\hzOilFlty,Owner,-1,-1,I:\MB7\Projects\SpIT\STICS_Pacheco\Hazus\CT\UTIL.mdb\hzOilFlty,Owner,-1,-1,I:\MB7\Projects\SpIT\STICS_Pacheco\Hazus\DC\UTIL.mdb\hzOilFlty,Owner,-1,-1,I:\MB7\Projects\SpIT\STICS_Pacheco\Hazus\DE\UTIL.mdb\hzOilFlty,Owner,-1,-1,I:\MB7\Projects\SpIT\STICS_Pacheco\Hazus\FL\UTIL.mdb\hzOilFlty,Owner,-1,-1,I:\MB7\Projects\SpIT\STICS_Pacheco\Hazus\GA\UTIL.mdb\hzOilFlty,Owner,-1,-1,I:\MB7\Projects\SpIT\STICS_Pacheco\Hazus\HI\UTIL.mdb\hzOilFlty,Owner,-1,-1,I:\MB7\Projects\SpIT\STICS_Pacheco\Hazus\IA\UTIL.mdb\hzOilFlty,Owner,-1,-1,I:\MB7\Projects\SpIT\STICS_Pacheco\Hazus\ID\UTIL.mdb\hzOilFlty,Owner,-1,-1,I:\MB7\Projects\SpIT\STICS_Pacheco\Hazus\IL\UTIL.mdb\hzOilFlty,Owner,-1,-1,I:\MB7\Projects\SpIT\STICS_Pacheco\Hazus\IN\UTIL.mdb\hzOilFlty,Owner,-1,-1,I:\MB7\Projects\SpIT\STICS_Pacheco\Hazus\KS\UTIL.mdb\hzOilFlty,Owner,-1,-1,I:\MB7\Projects\SpIT\STICS_Pacheco\Hazus\KY\UTIL.mdb\hzOilFlty,Owner,-1,-1,I:\MB7\Projects\SpIT\STICS_Pacheco\Hazus\LA\UTIL.mdb\hzOilFlty,Owner,-1,-1,I:\MB7\Projects\SpIT\STICS_Pacheco\Hazus\MA\UTIL.mdb\hzOilFlty,Owner,-1,-1,I:\MB7\Projects\SpIT\STICS_Pacheco\Hazus\MD\UTIL.mdb\hzOilFlty,Owner,-1,-1,I:\MB7\Projects\SpIT\STICS_Pacheco\Hazus\ME\UTIL.mdb\hzOilFlty,Owner,-1,-1,I:\MB7\Projects\SpIT\STICS_Pacheco\Hazus\MI\UTIL.mdb\hzOilFlty,Owner,-1,-1,I:\MB7\Projects\SpIT\STICS_Pacheco\Hazus\MN\UTIL.mdb\hzOilFlty,Owner,-1,-1,I:\MB7\Projects\SpIT\STICS_Pacheco\Hazus\MO\UTIL.mdb\hzOilFlty,Owner,-1,-1,I:\MB7\Projects\SpIT\STICS_Pacheco\Hazus\MS\UTIL.mdb\hzOilFlty,Owner,-1,-1,I:\MB7\Projects\SpIT\STICS_Pacheco\Hazus\MT\UTIL.mdb\hzOilFlty,Owner,-1,-1,I:\MB7\Projects\SpIT\STICS_Pacheco\Hazus\NC\UTIL.mdb\hzOilFlty,Owner,-1,-1,I:\MB7\Projects\SpIT\STICS_Pacheco\Hazus\ND\UTIL.mdb\hzOilFlty,Owner,-1,-1,I:\MB7\Projects\SpIT\STICS_Pacheco\Hazus\NE\UTIL.mdb\hzOilFlty,Owner,-1,-1,I:\MB7\Projects\SpIT\STICS_Pacheco\Hazus\NH\UTIL.mdb\hzOilFlty,Owner,-1,-1,I:\MB7\Projects\SpIT\STICS_Pacheco\Hazus\NJ\UTIL.mdb\hzOilFlty,Owner,-1,-1,I:\MB7\Projects\SpIT\STICS_Pacheco\Hazus\NM\UTIL.mdb\hzOilFlty,Owner,-1,-1,I:\MB7\Projects\SpIT\STICS_Pacheco\Hazus\NV\UTIL.mdb\hzOilFlty,Owner,-1,-1,I:\MB7\Projects\SpIT\STICS_Pacheco\Hazus\NY\UTIL.mdb\hzOilFlty,Owner,-1,-1,I:\MB7\Projects\SpIT\STICS_Pacheco\Hazus\OH\UTIL.mdb\hzOilFlty,Owner,-1,-1,I:\MB7\Projects\SpIT\STICS_Pacheco\Hazus\OK\UTIL.mdb\hzOilFlty,Owner,-1,-1,I:\MB7\Projects\SpIT\STICS_Pacheco\Hazus\OR\UTIL.mdb\hzOilFlty,Owner,-1,-1,I:\MB7\Projects\SpIT\STICS_Pacheco\Hazus\PA\UTIL.mdb\hzOilFlty,Owner,-1,-1,I:\MB7\Projects\SpIT\STICS_Pacheco\Hazus\PR\UTIL.mdb\hzOilFlty,Owner,-1,-1,I:\MB7\Projects\SpIT\STICS_Pacheco\Hazus\RI\UTIL.mdb\hzOilFlty,Owner,-1,-1,I:\MB7\Projects\SpIT\STICS_Pacheco\Hazus\SC\UTIL.mdb\hzOilFlty,Owner,-1,-1,I:\MB7\Projects\SpIT\STICS_Pacheco\Hazus\SD\UTIL.mdb\hzOilFlty,Owner,-1,-1,I:\MB7\Projects\SpIT\STICS_Pacheco\Hazus\TN\UTIL.mdb\hzOilFlty,Owner,-1,-1,I:\MB7\Projects\SpIT\STICS_Pacheco\Hazus\TX\UTIL.mdb\hzOilFlty,Owner,-1,-1,I:\MB7\Projects\SpIT\STICS_Pacheco\Hazus\UT\UTIL.mdb\hzOilFlty,Owner,-1,-1,I:\MB7\Projects\SpIT\STICS_Pacheco\Hazus\VA\UTIL.mdb\hzOilFlty,Owner,-1,-1,I:\MB7\Projects\SpIT\STICS_Pacheco\Hazus\VT\UTIL.mdb\hzOilFlty,Owner,-1,-1,I:\MB7\Projects\SpIT\STICS_Pacheco\Hazus\WA\UTIL.mdb\hzOilFlty,Owner,-1,-1,I:\MB7\Projects\SpIT\STICS_Pacheco\Hazus\WI\UTIL.mdb\hzOilFlty,Owner,-1,-1,I:\MB7\Projects\SpIT\STICS_Pacheco\Hazus\WV\UTIL.mdb\hzOilFlty,Owner,-1,-1,I:\MB7\Projects\SpIT\STICS_Pacheco\Hazus\WY\UTIL.mdb\hzOilFlty,Owner,-1,-1;Contact "Contact" true true false 40 Text 0 0 ,First,#,I:\MB7\Projects\SpIT\STICS_Pacheco\Hazus\AK\UTIL.mdb\hzOilFlty,Contact,-1,-1,I:\MB7\Projects\SpIT\STICS_Pacheco\Hazus\AL\UTIL.mdb\hzOilFlty,Contact,-1,-1,I:\MB7\Projects\SpIT\STICS_Pacheco\Hazus\AR\UTIL.mdb\hzOilFlty,Contact,-1,-1,I:\MB7\Projects\SpIT\STICS_Pacheco\Hazus\AZ\UTIL.mdb\hzOilFlty,Contact,-1,-1,I:\MB7\Projects\SpIT\STICS_Pacheco\Hazus\CA\UTIL.mdb\hzOilFlty,Contact,-1,-1,I:\MB7\Projects\SpIT\STICS_Pacheco\Hazus\CO\UTIL.mdb\hzOilFlty,Contact,-1,-1,I:\MB7\Projects\SpIT\STICS_Pacheco\Hazus\CT\UTIL.mdb\hzOilFlty,Contact,-1,-1,I:\MB7\Projects\SpIT\STICS_Pacheco\Hazus\DC\UTIL.mdb\hzOilFlty,Contact,-1,-1,I:\MB7\Projects\SpIT\STICS_Pacheco\Hazus\DE\UTIL.mdb\hzOilFlty,Contact,-1,-1,I:\MB7\Projects\SpIT\STICS_Pacheco\Hazus\FL\UTIL.mdb\hzOilFlty,Contact,-1,-1,I:\MB7\Projects\SpIT\STICS_Pacheco\Hazus\GA\UTIL.mdb\hzOilFlty,Contact,-1,-1,I:\MB7\Projects\SpIT\STICS_Pacheco\Hazus\HI\UTIL.mdb\hzOilFlty,Contact,-1,-1,I:\MB7\Projects\SpIT\STICS_Pacheco\Hazus\IA\UTIL.mdb\hzOilFlty,Contact,-1,-1,I:\MB7\Projects\SpIT\STICS_Pacheco\Hazus\ID\UTIL.mdb\hzOilFlty,Contact,-1,-1,I:\MB7\Projects\SpIT\STICS_Pacheco\Hazus\IL\UTIL.mdb\hzOilFlty,Contact,-1,-1,I:\MB7\Projects\SpIT\STICS_Pacheco\Hazus\IN\UTIL.mdb\hzOilFlty,Contact,-1,-1,I:\MB7\Projects\SpIT\STICS_Pacheco\Hazus\KS\UTIL.mdb\hzOilFlty,Contact,-1,-1,I:\MB7\Projects\SpIT\STICS_Pacheco\Hazus\KY\UTIL.mdb\hzOilFlty,Contact,-1,-1,I:\MB7\Projects\SpIT\STICS_Pacheco\Hazus\LA\UTIL.mdb\hzOilFlty,Contact,-1,-1,I:\MB7\Projects\SpIT\STICS_Pacheco\Hazus\MA\UTIL.mdb\hzOilFlty,Contact,-1,-1,I:\MB7\Projects\SpIT\STICS_Pacheco\Hazus\MD\UTIL.mdb\hzOilFlty,Contact,-1,-1,I:\MB7\Projects\SpIT\STICS_Pacheco\Hazus\ME\UTIL.mdb\hzOilFlty,Contact,-1,-1,I:\MB7\Projects\SpIT\STICS_Pacheco\Hazus\MI\UTIL.mdb\hzOilFlty,Contact,-1,-1,I:\MB7\Projects\SpIT\STICS_Pacheco\Hazus\MN\UTIL.mdb\hzOilFlty,Contact,-1,-1,I:\MB7\Projects\SpIT\STICS_Pacheco\Hazus\MO\UTIL.mdb\hzOilFlty,Contact,-1,-1,I:\MB7\Projects\SpIT\STICS_Pacheco\Hazus\MS\UTIL.mdb\hzOilFlty,Contact,-1,-1,I:\MB7\Projects\SpIT\STICS_Pacheco\Hazus\MT\UTIL.mdb\hzOilFlty,Contact,-1,-1,I:\MB7\Projects\SpIT\STICS_Pacheco\Hazus\NC\UTIL.mdb\hzOilFlty,Contact,-1,-1,I:\MB7\Projects\SpIT\STICS_Pacheco\Hazus\ND\UTIL.mdb\hzOilFlty,Contact,-1,-1,I:\MB7\Projects\SpIT\STICS_Pacheco\Hazus\NE\UTIL.mdb\hzOilFlty,Contact,-1,-1,I:\MB7\Projects\SpIT\STICS_Pacheco\Hazus\NH\UTIL.mdb\hzOilFlty,Contact,-1,-1,I:\MB7\Projects\SpIT\STICS_Pacheco\Hazus\NJ\UTIL.mdb\hzOilFlty,Contact,-1,-1,I:\MB7\Projects\SpIT\STICS_Pacheco\Hazus\NM\UTIL.mdb\hzOilFlty,Contact,-1,-1,I:\MB7\Projects\SpIT\STICS_Pacheco\Hazus\NV\UTIL.mdb\hzOilFlty,Contact,-1,-1,I:\MB7\Projects\SpIT\STICS_Pacheco\Hazus\NY\UTIL.mdb\hzOilFlty,Contact,-1,-1,I:\MB7\Projects\SpIT\STICS_Pacheco\Hazus\OH\UTIL.mdb\hzOilFlty,Contact,-1,-1,I:\MB7\Projects\SpIT\STICS_Pacheco\Hazus\OK\UTIL.mdb\hzOilFlty,Contact,-1,-1,I:\MB7\Projects\SpIT\STICS_Pacheco\Hazus\OR\UTIL.mdb\hzOilFlty,Contact,-1,-1,I:\MB7\Projects\SpIT\STICS_Pacheco\Hazus\PA\UTIL.mdb\hzOilFlty,Contact,-1,-1,I:\MB7\Projects\SpIT\STICS_Pacheco\Hazus\PR\UTIL.mdb\hzOilFlty,Contact,-1,-1,I:\MB7\Projects\SpIT\STICS_Pacheco\Hazus\RI\UTIL.mdb\hzOilFlty,Contact,-1,-1,I:\MB7\Projects\SpIT\STICS_Pacheco\Hazus\SC\UTIL.mdb\hzOilFlty,Contact,-1,-1,I:\MB7\Projects\SpIT\STICS_Pacheco\Hazus\SD\UTIL.mdb\hzOilFlty,Contact,-1,-1,I:\MB7\Projects\SpIT\STICS_Pacheco\Hazus\TN\UTIL.mdb\hzOilFlty,Contact,-1,-1,I:\MB7\Projects\SpIT\STICS_Pacheco\Hazus\TX\UTIL.mdb\hzOilFlty,Contact,-1,-1,I:\MB7\Projects\SpIT\STICS_Pacheco\Hazus\UT\UTIL.mdb\hzOilFlty,Contact,-1,-1,I:\MB7\Projects\SpIT\STICS_Pacheco\Hazus\VA\UTIL.mdb\hzOilFlty,Contact,-1,-1,I:\MB7\Projects\SpIT\STICS_Pacheco\Hazus\VT\UTIL.mdb\hzOilFlty,Contact,-1,-1,I:\MB7\Projects\SpIT\STICS_Pacheco\Hazus\WA\UTIL.mdb\hzOilFlty,Contact,-1,-1,I:\MB7\Projects\SpIT\STICS_Pacheco\Hazus\WI\UTIL.mdb\hzOilFlty,Contact,-1,-1,I:\MB7\Projects\SpIT\STICS_Pacheco\Hazus\WV\UTIL.mdb\hzOilFlty,Contact,-1,-1,I:\MB7\Projects\SpIT\STICS_Pacheco\Hazus\WY\UTIL.mdb\hzOilFlty,Contact,-1,-1;PhoneNumbe "PhoneNumbe" true true false 14 Text 0 0 ,First,#,I:\MB7\Projects\SpIT\STICS_Pacheco\Hazus\AK\UTIL.mdb\hzOilFlty,PhoneNumber,-1,-1,I:\MB7\Projects\SpIT\STICS_Pacheco\Hazus\AL\UTIL.mdb\hzOilFlty,PhoneNumber,-1,-1,I:\MB7\Projects\SpIT\STICS_Pacheco\Hazus\AR\UTIL.mdb\hzOilFlty,PhoneNumber,-1,-1,I:\MB7\Projects\SpIT\STICS_Pacheco\Hazus\AZ\UTIL.mdb\hzOilFlty,PhoneNumber,-1,-1,I:\MB7\Projects\SpIT\STICS_Pacheco\Hazus\CA\UTIL.mdb\hzOilFlty,PhoneNumber,-1,-1,I:\MB7\Projects\SpIT\STICS_Pacheco\Hazus\CO\UTIL.mdb\hzOilFlty,PhoneNumber,-1,-1,I:\MB7\Projects\SpIT\STICS_Pacheco\Hazus\CT\UTIL.mdb\hzOilFlty,PhoneNumber,-1,-1,I:\MB7\Projects\SpIT\STICS_Pacheco\Hazus\DC\UTIL.mdb\hzOilFlty,PhoneNumber,-1,-1,I:\MB7\Projects\SpIT\STICS_Pacheco\Hazus\DE\UTIL.mdb\hzOilFlty,PhoneNumber,-1,-1,I:\MB7\Projects\SpIT\STICS_Pacheco\Hazus\FL\UTIL.mdb\hzOilFlty,PhoneNumber,-1,-1,I:\MB7\Projects\SpIT\STICS_Pacheco\Hazus\GA\UTIL.mdb\hzOilFlty,PhoneNumber,-1,-1,I:\MB7\Projects\SpIT\STICS_Pacheco\Hazus\HI\UTIL.mdb\hzOilFlty,PhoneNumber,-1,-1,I:\MB7\Projects\SpIT\STICS_Pacheco\Hazus\IA\UTIL.mdb\hzOilFlty,PhoneNumber,-1,-1,I:\MB7\Projects\SpIT\STICS_Pacheco\Hazus\ID\UTIL.mdb\hzOilFlty,PhoneNumber,-1,-1,I:\MB7\Projects\SpIT\STICS_Pacheco\Hazus\IL\UTIL.mdb\hzOilFlty,PhoneNumber,-1,-1,I:\MB7\Projects\SpIT\STICS_Pacheco\Hazus\IN\UTIL.mdb\hzOilFlty,PhoneNumber,-1,-1,I:\MB7\Projects\SpIT\STICS_Pacheco\Hazus\KS\UTIL.mdb\hzOilFlty,PhoneNumber,-1,-1,I:\MB7\Projects\SpIT\STICS_Pacheco\Hazus\KY\UTIL.mdb\hzOilFlty,PhoneNumber,-1,-1,I:\MB7\Projects\SpIT\STICS_Pacheco\Hazus\LA\UTIL.mdb\hzOilFlty,PhoneNumber,-1,-1,I:\MB7\Projects\SpIT\STICS_Pacheco\Hazus\MA\UTIL.mdb\hzOilFlty,PhoneNumber,-1,-1,I:\MB7\Projects\SpIT\STICS_Pacheco\Hazus\MD\UTIL.mdb\hzOilFlty,PhoneNumber,-1,-1,I:\MB7\Projects\SpIT\STICS_Pacheco\Hazus\ME\UTIL.mdb\hzOilFlty,PhoneNumber,-1,-1,I:\MB7\Projects\SpIT\STICS_Pacheco\Hazus\MI\UTIL.mdb\hzOilFlty,PhoneNumber,-1,-1,I:\MB7\Projects\SpIT\STICS_Pacheco\Hazus\MN\UTIL.mdb\hzOilFlty,PhoneNumber,-1,-1,I:\MB7\Projects\SpIT\STICS_Pacheco\Hazus\MO\UTIL.mdb\hzOilFlty,PhoneNumber,-1,-1,I:\MB7\Projects\SpIT\STICS_Pacheco\Hazus\MS\UTIL.mdb\hzOilFlty,PhoneNumber,-1,-1,I:\MB7\Projects\SpIT\STICS_Pacheco\Hazus\MT\UTIL.mdb\hzOilFlty,PhoneNumber,-1,-1,I:\MB7\Projects\SpIT\STICS_Pacheco\Hazus\NC\UTIL.mdb\hzOilFlty,PhoneNumber,-1,-1,I:\MB7\Projects\SpIT\STICS_Pacheco\Hazus\ND\UTIL.mdb\hzOilFlty,PhoneNumber,-1,-1,I:\MB7\Projects\SpIT\STICS_Pacheco\Hazus\NE\UTIL.mdb\hzOilFlty,PhoneNumber,-1,-1,I:\MB7\Projects\SpIT\STICS_Pacheco\Hazus\NH\UTIL.mdb\hzOilFlty,PhoneNumber,-1,-1,I:\MB7\Projects\SpIT\STICS_Pacheco\Hazus\NJ\UTIL.mdb\hzOilFlty,PhoneNumber,-1,-1,I:\MB7\Projects\SpIT\STICS_Pacheco\Hazus\NM\UTIL.mdb\hzOilFlty,PhoneNumber,-1,-1,I:\MB7\Projects\SpIT\STICS_Pacheco\Hazus\NV\UTIL.mdb\hzOilFlty,PhoneNumber,-1,-1,I:\MB7\Projects\SpIT\STICS_Pacheco\Hazus\NY\UTIL.mdb\hzOilFlty,PhoneNumber,-1,-1,I:\MB7\Projects\SpIT\STICS_Pacheco\Hazus\OH\UTIL.mdb\hzOilFlty,PhoneNumber,-1,-1,I:\MB7\Projects\SpIT\STICS_Pacheco\Hazus\OK\UTIL.mdb\hzOilFlty,PhoneNumber,-1,-1,I:\MB7\Projects\SpIT\STICS_Pacheco\Hazus\OR\UTIL.mdb\hzOilFlty,PhoneNumber,-1,-1,I:\MB7\Projects\SpIT\STICS_Pacheco\Hazus\PA\UTIL.mdb\hzOilFlty,PhoneNumber,-1,-1,I:\MB7\Projects\SpIT\STICS_Pacheco\Hazus\PR\UTIL.mdb\hzOilFlty,PhoneNumber,-1,-1,I:\MB7\Projects\SpIT\STICS_Pacheco\Hazus\RI\UTIL.mdb\hzOilFlty,PhoneNumber,-1,-1,I:\MB7\Projects\SpIT\STICS_Pacheco\Hazus\SC\UTIL.mdb\hzOilFlty,PhoneNumber,-1,-1,I:\MB7\Projects\SpIT\STICS_Pacheco\Hazus\SD\UTIL.mdb\hzOilFlty,PhoneNumber,-1,-1,I:\MB7\Projects\SpIT\STICS_Pacheco\Hazus\TN\UTIL.mdb\hzOilFlty,PhoneNumber,-1,-1,I:\MB7\Projects\SpIT\STICS_Pacheco\Hazus\TX\UTIL.mdb\hzOilFlty,PhoneNumber,-1,-1,I:\MB7\Projects\SpIT\STICS_Pacheco\Hazus\UT\UTIL.mdb\hzOilFlty,PhoneNumber,-1,-1,I:\MB7\Projects\SpIT\STICS_Pacheco\Hazus\VA\UTIL.mdb\hzOilFlty,PhoneNumber,-1,-1,I:\MB7\Projects\SpIT\STICS_Pacheco\Hazus\VT\UTIL.mdb\hzOilFlty,PhoneNumber,-1,-1,I:\MB7\Projects\SpIT\STICS_Pacheco\Hazus\WA\UTIL.mdb\hzOilFlty,PhoneNumber,-1,-1,I:\MB7\Projects\SpIT\STICS_Pacheco\Hazus\WI\UTIL.mdb\hzOilFlty,PhoneNumber,-1,-1,I:\MB7\Projects\SpIT\STICS_Pacheco\Hazus\WV\UTIL.mdb\hzOilFlty,PhoneNumber,-1,-1,I:\MB7\Projects\SpIT\STICS_Pacheco\Hazus\WY\UTIL.mdb\hzOilFlty,PhoneNumber,-1,-1;Use "Use" true true false 10 Text 0 0 ,First,#,I:\MB7\Projects\SpIT\STICS_Pacheco\Hazus\AK\UTIL.mdb\hzOilFlty,Use,-1,-1,I:\MB7\Projects\SpIT\STICS_Pacheco\Hazus\AL\UTIL.mdb\hzOilFlty,Use,-1,-1,I:\MB7\Projects\SpIT\STICS_Pacheco\Hazus\AR\UTIL.mdb\hzOilFlty,Use,-1,-1,I:\MB7\Projects\SpIT\STICS_Pacheco\Hazus\AZ\UTIL.mdb\hzOilFlty,Use,-1,-1,I:\MB7\Projects\SpIT\STICS_Pacheco\Hazus\CA\UTIL.mdb\hzOilFlty,Use,-1,-1,I:\MB7\Projects\SpIT\STICS_Pacheco\Hazus\CO\UTIL.mdb\hzOilFlty,Use,-1,-1,I:\MB7\Projects\SpIT\STICS_Pacheco\Hazus\CT\UTIL.mdb\hzOilFlty,Use,-1,-1,I:\MB7\Projects\SpIT\STICS_Pacheco\Hazus\DC\UTIL.mdb\hzOilFlty,Use,-1,-1,I:\MB7\Projects\SpIT\STICS_Pacheco\Hazus\DE\UTIL.mdb\hzOilFlty,Use,-1,-1,I:\MB7\Projects\SpIT\STICS_Pacheco\Hazus\FL\UTIL.mdb\hzOilFlty,Use,-1,-1,I:\MB7\Projects\SpIT\STICS_Pacheco\Hazus\GA\UTIL.mdb\hzOilFlty,Use,-1,-1,I:\MB7\Projects\SpIT\STICS_Pacheco\Hazus\HI\UTIL.mdb\hzOilFlty,Use,-1,-1,I:\MB7\Projects\SpIT\STICS_Pacheco\Hazus\IA\UTIL.mdb\hzOilFlty,Use,-1,-1,I:\MB7\Projects\SpIT\STICS_Pacheco\Hazus\ID\UTIL.mdb\hzOilFlty,Use,-1,-1,I:\MB7\Projects\SpIT\STICS_Pacheco\Hazus\IL\UTIL.mdb\hzOilFlty,Use,-1,-1,I:\MB7\Projects\SpIT\STICS_Pacheco\Hazus\IN\UTIL.mdb\hzOilFlty,Use,-1,-1,I:\MB7\Projects\SpIT\STICS_Pacheco\Hazus\KS\UTIL.mdb\hzOilFlty,Use,-1,-1,I:\MB7\Projects\SpIT\STICS_Pacheco\Hazus\KY\UTIL.mdb\hzOilFlty,Use,-1,-1,I:\MB7\Projects\SpIT\STICS_Pacheco\Hazus\LA\UTIL.mdb\hzOilFlty,Use,-1,-1,I:\MB7\Projects\SpIT\STICS_Pacheco\Hazus\MA\UTIL.mdb\hzOilFlty,Use,-1,-1,I:\MB7\Projects\SpIT\STICS_Pacheco\Hazus\MD\UTIL.mdb\hzOilFlty,Use,-1,-1,I:\MB7\Projects\SpIT\STICS_Pacheco\Hazus\ME\UTIL.mdb\hzOilFlty,Use,-1,-1,I:\MB7\Projects\SpIT\STICS_Pacheco\Hazus\MI\UTIL.mdb\hzOilFlty,Use,-1,-1,I:\MB7\Projects\SpIT\STICS_Pacheco\Hazus\MN\UTIL.mdb\hzOilFlty,Use,-1,-1,I:\MB7\Projects\SpIT\STICS_Pacheco\Hazus\MO\UTIL.mdb\hzOilFlty,Use,-1,-1,I:\MB7\Projects\SpIT\STICS_Pacheco\Hazus\MS\UTIL.mdb\hzOilFlty,Use,-1,-1,I:\MB7\Projects\SpIT\STICS_Pacheco\Hazus\MT\UTIL.mdb\hzOilFlty,Use,-1,-1,I:\MB7\Projects\SpIT\STICS_Pacheco\Hazus\NC\UTIL.mdb\hzOilFlty,Use,-1,-1,I:\MB7\Projects\SpIT\STICS_Pacheco\Hazus\ND\UTIL.mdb\hzOilFlty,Use,-1,-1,I:\MB7\Projects\SpIT\STICS_Pacheco\Hazus\NE\UTIL.mdb\hzOilFlty,Use,-1,-1,I:\MB7\Projects\SpIT\STICS_Pacheco\Hazus\NH\UTIL.mdb\hzOilFlty,Use,-1,-1,I:\MB7\Projects\SpIT\STICS_Pacheco\Hazus\NJ\UTIL.mdb\hzOilFlty,Use,-1,-1,I:\MB7\Projects\SpIT\STICS_Pacheco\Hazus\NM\UTIL.mdb\hzOilFlty,Use,-1,-1,I:\MB7\Projects\SpIT\STICS_Pacheco\Hazus\NV\UTIL.mdb\hzOilFlty,Use,-1,-1,I:\MB7\Projects\SpIT\STICS_Pacheco\Hazus\NY\UTIL.mdb\hzOilFlty,Use,-1,-1,I:\MB7\Projects\SpIT\STICS_Pacheco\Hazus\OH\UTIL.mdb\hzOilFlty,Use,-1,-1,I:\MB7\Projects\SpIT\STICS_Pacheco\Hazus\OK\UTIL.mdb\hzOilFlty,Use,-1,-1,I:\MB7\Projects\SpIT\STICS_Pacheco\Hazus\OR\UTIL.mdb\hzOilFlty,Use,-1,-1,I:\MB7\Projects\SpIT\STICS_Pacheco\Hazus\PA\UTIL.mdb\hzOilFlty,Use,-1,-1,I:\MB7\Projects\SpIT\STICS_Pacheco\Hazus\PR\UTIL.mdb\hzOilFlty,Use,-1,-1,I:\MB7\Projects\SpIT\STICS_Pacheco\Hazus\RI\UTIL.mdb\hzOilFlty,Use,-1,-1,I:\MB7\Projects\SpIT\STICS_Pacheco\Hazus\SC\UTIL.mdb\hzOilFlty,Use,-1,-1,I:\MB7\Projects\SpIT\STICS_Pacheco\Hazus\SD\UTIL.mdb\hzOilFlty,Use,-1,-1,I:\MB7\Projects\SpIT\STICS_Pacheco\Hazus\TN\UTIL.mdb\hzOilFlty,Use,-1,-1,I:\MB7\Projects\SpIT\STICS_Pacheco\Hazus\TX\UTIL.mdb\hzOilFlty,Use,-1,-1,I:\MB7\Projects\SpIT\STICS_Pacheco\Hazus\UT\UTIL.mdb\hzOilFlty,Use,-1,-1,I:\MB7\Projects\SpIT\STICS_Pacheco\Hazus\VA\UTIL.mdb\hzOilFlty,Use,-1,-1,I:\MB7\Projects\SpIT\STICS_Pacheco\Hazus\VT\UTIL.mdb\hzOilFlty,Use,-1,-1,I:\MB7\Projects\SpIT\STICS_Pacheco\Hazus\WA\UTIL.mdb\hzOilFlty,Use,-1,-1,I:\MB7\Projects\SpIT\STICS_Pacheco\Hazus\WI\UTIL.mdb\hzOilFlty,Use,-1,-1,I:\MB7\Projects\SpIT\STICS_Pacheco\Hazus\WV\UTIL.mdb\hzOilFlty,Use,-1,-1,I:\MB7\Projects\SpIT\STICS_Pacheco\Hazus\WY\UTIL.mdb\hzOilFlty,Use,-1,-1;YearBuilt "YearBuilt" true true false 2 Short 0 0 ,First,#,I:\MB7\Projects\SpIT\STICS_Pacheco\Hazus\AK\UTIL.mdb\hzOilFlty,YearBuilt,-1,-1,I:\MB7\Projects\SpIT\STICS_Pacheco\Hazus\AL\UTIL.mdb\hzOilFlty,YearBuilt,-1,-1,I:\MB7\Projects\SpIT\STICS_Pacheco\Hazus\AR\UTIL.mdb\hzOilFlty,YearBuilt,-1,-1,I:\MB7\Projects\SpIT\STICS_Pacheco\Hazus\AZ\UTIL.mdb\hzOilFlty,YearBuilt,-1,-1,I:\MB7\Projects\SpIT\STICS_Pacheco\Hazus\CA\UTIL.mdb\hzOilFlty,YearBuilt,-1,-1,I:\MB7\Projects\SpIT\STICS_Pacheco\Hazus\CO\UTIL.mdb\hzOilFlty,YearBuilt,-1,-1,I:\MB7\Projects\SpIT\STICS_Pacheco\Hazus\CT\UTIL.mdb\hzOilFlty,YearBuilt,-1,-1,I:\MB7\Projects\SpIT\STICS_Pacheco\Hazus\DC\UTIL.mdb\hzOilFlty,YearBuilt,-1,-1,I:\MB7\Projects\SpIT\STICS_Pacheco\Hazus\DE\UTIL.mdb\hzOilFlty,YearBuilt,-1,-1,I:\MB7\Projects\SpIT\STICS_Pacheco\Hazus\FL\UTIL.mdb\hzOilFlty,YearBuilt,-1,-1,I:\MB7\Projects\SpIT\STICS_Pacheco\Hazus\GA\UTIL.mdb\hzOilFlty,YearBuilt,-1,-1,I:\MB7\Projects\SpIT\STICS_Pacheco\Hazus\HI\UTIL.mdb\hzOilFlty,YearBuilt,-1,-1,I:\MB7\Projects\SpIT\STICS_Pacheco\Hazus\IA\UTIL.mdb\hzOilFlty,YearBuilt,-1,-1,I:\MB7\Projects\SpIT\STICS_Pacheco\Hazus\ID\UTIL.mdb\hzOilFlty,YearBuilt,-1,-1,I:\MB7\Projects\SpIT\STICS_Pacheco\Hazus\IL\UTIL.mdb\hzOilFlty,YearBuilt,-1,-1,I:\MB7\Projects\SpIT\STICS_Pacheco\Hazus\IN\UTIL.mdb\hzOilFlty,YearBuilt,-1,-1,I:\MB7\Projects\SpIT\STICS_Pacheco\Hazus\KS\UTIL.mdb\hzOilFlty,YearBuilt,-1,-1,I:\MB7\Projects\SpIT\STICS_Pacheco\Hazus\KY\UTIL.mdb\hzOilFlty,YearBuilt,-1,-1,I:\MB7\Projects\SpIT\STICS_Pacheco\Hazus\LA\UTIL.mdb\hzOilFlty,YearBuilt,-1,-1,I:\MB7\Projects\SpIT\STICS_Pacheco\Hazus\MA\UTIL.mdb\hzOilFlty,YearBuilt,-1,-1,I:\MB7\Projects\SpIT\STICS_Pacheco\Hazus\MD\UTIL.mdb\hzOilFlty,YearBuilt,-1,-1,I:\MB7\Projects\SpIT\STICS_Pacheco\Hazus\ME\UTIL.mdb\hzOilFlty,YearBuilt,-1,-1,I:\MB7\Projects\SpIT\STICS_Pacheco\Hazus\MI\UTIL.mdb\hzOilFlty,YearBuilt,-1,-1,I:\MB7\Projects\SpIT\STICS_Pacheco\Hazus\MN\UTIL.mdb\hzOilFlty,YearBuilt,-1,-1,I:\MB7\Projects\SpIT\STICS_Pacheco\Hazus\MO\UTIL.mdb\hzOilFlty,YearBuilt,-1,-1,I:\MB7\Projects\SpIT\STICS_Pacheco\Hazus\MS\UTIL.mdb\hzOilFlty,YearBuilt,-1,-1,I:\MB7\Projects\SpIT\STICS_Pacheco\Hazus\MT\UTIL.mdb\hzOilFlty,YearBuilt,-1,-1,I:\MB7\Projects\SpIT\STICS_Pacheco\Hazus\NC\UTIL.mdb\hzOilFlty,YearBuilt,-1,-1,I:\MB7\Projects\SpIT\STICS_Pacheco\Hazus\ND\UTIL.mdb\hzOilFlty,YearBuilt,-1,-1,I:\MB7\Projects\SpIT\STICS_Pacheco\Hazus\NE\UTIL.mdb\hzOilFlty,YearBuilt,-1,-1,I:\MB7\Projects\SpIT\STICS_Pacheco\Hazus\NH\UTIL.mdb\hzOilFlty,YearBuilt,-1,-1,I:\MB7\Projects\SpIT\STICS_Pacheco\Hazus\NJ\UTIL.mdb\hzOilFlty,YearBuilt,-1,-1,I:\MB7\Projects\SpIT\STICS_Pacheco\Hazus\NM\UTIL.mdb\hzOilFlty,YearBuilt,-1,-1,I:\MB7\Projects\SpIT\STICS_Pacheco\Hazus\NV\UTIL.mdb\hzOilFlty,YearBuilt,-1,-1,I:\MB7\Projects\SpIT\STICS_Pacheco\Hazus\NY\UTIL.mdb\hzOilFlty,YearBuilt,-1,-1,I:\MB7\Projects\SpIT\STICS_Pacheco\Hazus\OH\UTIL.mdb\hzOilFlty,YearBuilt,-1,-1,I:\MB7\Projects\SpIT\STICS_Pacheco\Hazus\OK\UTIL.mdb\hzOilFlty,YearBuilt,-1,-1,I:\MB7\Projects\SpIT\STICS_Pacheco\Hazus\OR\UTIL.mdb\hzOilFlty,YearBuilt,-1,-1,I:\MB7\Projects\SpIT\STICS_Pacheco\Hazus\PA\UTIL.mdb\hzOilFlty,YearBuilt,-1,-1,I:\MB7\Projects\SpIT\STICS_Pacheco\Hazus\PR\UTIL.mdb\hzOilFlty,YearBuilt,-1,-1,I:\MB7\Projects\SpIT\STICS_Pacheco\Hazus\RI\UTIL.mdb\hzOilFlty,YearBuilt,-1,-1,I:\MB7\Projects\SpIT\STICS_Pacheco\Hazus\SC\UTIL.mdb\hzOilFlty,YearBuilt,-1,-1,I:\MB7\Projects\SpIT\STICS_Pacheco\Hazus\SD\UTIL.mdb\hzOilFlty,YearBuilt,-1,-1,I:\MB7\Projects\SpIT\STICS_Pacheco\Hazus\TN\UTIL.mdb\hzOilFlty,YearBuilt,-1,-1,I:\MB7\Projects\SpIT\STICS_Pacheco\Hazus\TX\UTIL.mdb\hzOilFlty,YearBuilt,-1,-1,I:\MB7\Projects\SpIT\STICS_Pacheco\Hazus\UT\UTIL.mdb\hzOilFlty,YearBuilt,-1,-1,I:\MB7\Projects\SpIT\STICS_Pacheco\Hazus\VA\UTIL.mdb\hzOilFlty,YearBuilt,-1,-1,I:\MB7\Projects\SpIT\STICS_Pacheco\Hazus\VT\UTIL.mdb\hzOilFlty,YearBuilt,-1,-1,I:\MB7\Projects\SpIT\STICS_Pacheco\Hazus\WA\UTIL.mdb\hzOilFlty,YearBuilt,-1,-1,I:\MB7\Projects\SpIT\STICS_Pacheco\Hazus\WI\UTIL.mdb\hzOilFlty,YearBuilt,-1,-1,I:\MB7\Projects\SpIT\STICS_Pacheco\Hazus\WV\UTIL.mdb\hzOilFlty,YearBuilt,-1,-1,I:\MB7\Projects\SpIT\STICS_Pacheco\Hazus\WY\UTIL.mdb\hzOilFlty,YearBuilt,-1,-1;Cost "Cost" true true false 8 Double 0 0 ,First,#,I:\MB7\Projects\SpIT\STICS_Pacheco\Hazus\AK\UTIL.mdb\hzOilFlty,Cost,-1,-1,I:\MB7\Projects\SpIT\STICS_Pacheco\Hazus\AL\UTIL.mdb\hzOilFlty,Cost,-1,-1,I:\MB7\Projects\SpIT\STICS_Pacheco\Hazus\AR\UTIL.mdb\hzOilFlty,Cost,-1,-1,I:\MB7\Projects\SpIT\STICS_Pacheco\Hazus\AZ\UTIL.mdb\hzOilFlty,Cost,-1,-1,I:\MB7\Projects\SpIT\STICS_Pacheco\Hazus\CA\UTIL.mdb\hzOilFlty,Cost,-1,-1,I:\MB7\Projects\SpIT\STICS_Pacheco\Hazus\CO\UTIL.mdb\hzOilFlty,Cost,-1,-1,I:\MB7\Projects\SpIT\STICS_Pacheco\Hazus\CT\UTIL.mdb\hzOilFlty,Cost,-1,-1,I:\MB7\Projects\SpIT\STICS_Pacheco\Hazus\DC\UTIL.mdb\hzOilFlty,Cost,-1,-1,I:\MB7\Projects\SpIT\STICS_Pacheco\Hazus\DE\UTIL.mdb\hzOilFlty,Cost,-1,-1,I:\MB7\Projects\SpIT\STICS_Pacheco\Hazus\FL\UTIL.mdb\hzOilFlty,Cost,-1,-1,I:\MB7\Projects\SpIT\STICS_Pacheco\Hazus\GA\UTIL.mdb\hzOilFlty,Cost,-1,-1,I:\MB7\Projects\SpIT\STICS_Pacheco\Hazus\HI\UTIL.mdb\hzOilFlty,Cost,-1,-1,I:\MB7\Projects\SpIT\STICS_Pacheco\Hazus\IA\UTIL.mdb\hzOilFlty,Cost,-1,-1,I:\MB7\Projects\SpIT\STICS_Pacheco\Hazus\ID\UTIL.mdb\hzOilFlty,Cost,-1,-1,I:\MB7\Projects\SpIT\STICS_Pacheco\Hazus\IL\UTIL.mdb\hzOilFlty,Cost,-1,-1,I:\MB7\Projects\SpIT\STICS_Pacheco\Hazus\IN\UTIL.mdb\hzOilFlty,Cost,-1,-1,I:\MB7\Projects\SpIT\STICS_Pacheco\Hazus\KS\UTIL.mdb\hzOilFlty,Cost,-1,-1,I:\MB7\Projects\SpIT\STICS_Pacheco\Hazus\KY\UTIL.mdb\hzOilFlty,Cost,-1,-1,I:\MB7\Projects\SpIT\STICS_Pacheco\Hazus\LA\UTIL.mdb\hzOilFlty,Cost,-1,-1,I:\MB7\Projects\SpIT\STICS_Pacheco\Hazus\MA\UTIL.mdb\hzOilFlty,Cost,-1,-1,I:\MB7\Projects\SpIT\STICS_Pacheco\Hazus\MD\UTIL.mdb\hzOilFlty,Cost,-1,-1,I:\MB7\Projects\SpIT\STICS_Pacheco\Hazus\ME\UTIL.mdb\hzOilFlty,Cost,-1,-1,I:\MB7\Projects\SpIT\STICS_Pacheco\Hazus\MI\UTIL.mdb\hzOilFlty,Cost,-1,-1,I:\MB7\Projects\SpIT\STICS_Pacheco\Hazus\MN\UTIL.mdb\hzOilFlty,Cost,-1,-1,I:\MB7\Projects\SpIT\STICS_Pacheco\Hazus\MO\UTIL.mdb\hzOilFlty,Cost,-1,-1,I:\MB7\Projects\SpIT\STICS_Pacheco\Hazus\MS\UTIL.mdb\hzOilFlty,Cost,-1,-1,I:\MB7\Projects\SpIT\STICS_Pacheco\Hazus\MT\UTIL.mdb\hzOilFlty,Cost,-1,-1,I:\MB7\Projects\SpIT\STICS_Pacheco\Hazus\NC\UTIL.mdb\hzOilFlty,Cost,-1,-1,I:\MB7\Projects\SpIT\STICS_Pacheco\Hazus\ND\UTIL.mdb\hzOilFlty,Cost,-1,-1,I:\MB7\Projects\SpIT\STICS_Pacheco\Hazus\NE\UTIL.mdb\hzOilFlty,Cost,-1,-1,I:\MB7\Projects\SpIT\STICS_Pacheco\Hazus\NH\UTIL.mdb\hzOilFlty,Cost,-1,-1,I:\MB7\Projects\SpIT\STICS_Pacheco\Hazus\NJ\UTIL.mdb\hzOilFlty,Cost,-1,-1,I:\MB7\Projects\SpIT\STICS_Pacheco\Hazus\NM\UTIL.mdb\hzOilFlty,Cost,-1,-1,I:\MB7\Projects\SpIT\STICS_Pacheco\Hazus\NV\UTIL.mdb\hzOilFlty,Cost,-1,-1,I:\MB7\Projects\SpIT\STICS_Pacheco\Hazus\NY\UTIL.mdb\hzOilFlty,Cost,-1,-1,I:\MB7\Projects\SpIT\STICS_Pacheco\Hazus\OH\UTIL.mdb\hzOilFlty,Cost,-1,-1,I:\MB7\Projects\SpIT\STICS_Pacheco\Hazus\OK\UTIL.mdb\hzOilFlty,Cost,-1,-1,I:\MB7\Projects\SpIT\STICS_Pacheco\Hazus\OR\UTIL.mdb\hzOilFlty,Cost,-1,-1,I:\MB7\Projects\SpIT\STICS_Pacheco\Hazus\PA\UTIL.mdb\hzOilFlty,Cost,-1,-1,I:\MB7\Projects\SpIT\STICS_Pacheco\Hazus\PR\UTIL.mdb\hzOilFlty,Cost,-1,-1,I:\MB7\Projects\SpIT\STICS_Pacheco\Hazus\RI\UTIL.mdb\hzOilFlty,Cost,-1,-1,I:\MB7\Projects\SpIT\STICS_Pacheco\Hazus\SC\UTIL.mdb\hzOilFlty,Cost,-1,-1,I:\MB7\Projects\SpIT\STICS_Pacheco\Hazus\SD\UTIL.mdb\hzOilFlty,Cost,-1,-1,I:\MB7\Projects\SpIT\STICS_Pacheco\Hazus\TN\UTIL.mdb\hzOilFlty,Cost,-1,-1,I:\MB7\Projects\SpIT\STICS_Pacheco\Hazus\TX\UTIL.mdb\hzOilFlty,Cost,-1,-1,I:\MB7\Projects\SpIT\STICS_Pacheco\Hazus\UT\UTIL.mdb\hzOilFlty,Cost,-1,-1,I:\MB7\Projects\SpIT\STICS_Pacheco\Hazus\VA\UTIL.mdb\hzOilFlty,Cost,-1,-1,I:\MB7\Projects\SpIT\STICS_Pacheco\Hazus\VT\UTIL.mdb\hzOilFlty,Cost,-1,-1,I:\MB7\Projects\SpIT\STICS_Pacheco\Hazus\WA\UTIL.mdb\hzOilFlty,Cost,-1,-1,I:\MB7\Projects\SpIT\STICS_Pacheco\Hazus\WI\UTIL.mdb\hzOilFlty,Cost,-1,-1,I:\MB7\Projects\SpIT\STICS_Pacheco\Hazus\WV\UTIL.mdb\hzOilFlty,Cost,-1,-1,I:\MB7\Projects\SpIT\STICS_Pacheco\Hazus\WY\UTIL.mdb\hzOilFlty,Cost,-1,-1;BackupPowe "BackupPowe" true true false 1 Short 0 0 ,First,#,I:\MB7\Projects\SpIT\STICS_Pacheco\Hazus\AK\UTIL.mdb\hzOilFlty,BackupPower,-1,-1,I:\MB7\Projects\SpIT\STICS_Pacheco\Hazus\AL\UTIL.mdb\hzOilFlty,BackupPower,-1,-1,I:\MB7\Projects\SpIT\STICS_Pacheco\Hazus\AR\UTIL.mdb\hzOilFlty,BackupPower,-1,-1,I:\MB7\Projects\SpIT\STICS_Pacheco\Hazus\AZ\UTIL.mdb\hzOilFlty,BackupPower,-1,-1,I:\MB7\Projects\SpIT\STICS_Pacheco\Hazus\CA\UTIL.mdb\hzOilFlty,BackupPower,-1,-1,I:\MB7\Projects\SpIT\STICS_Pacheco\Hazus\CO\UTIL.mdb\hzOilFlty,BackupPower,-1,-1,I:\MB7\Projects\SpIT\STICS_Pacheco\Hazus\CT\UTIL.mdb\hzOilFlty,BackupPower,-1,-1,I:\MB7\Projects\SpIT\STICS_Pacheco\Hazus\DC\UTIL.mdb\hzOilFlty,BackupPower,-1,-1,I:\MB7\Projects\SpIT\STICS_Pacheco\Hazus\DE\UTIL.mdb\hzOilFlty,BackupPower,-1,-1,I:\MB7\Projects\SpIT\STICS_Pacheco\Hazus\FL\UTIL.mdb\hzOilFlty,BackupPower,-1,-1,I:\MB7\Projects\SpIT\STICS_Pacheco\Hazus\GA\UTIL.mdb\hzOilFlty,BackupPower,-1,-1,I:\MB7\Projects\SpIT\STICS_Pacheco\Hazus\HI\UTIL.mdb\hzOilFlty,BackupPower,-1,-1,I:\MB7\Projects\SpIT\STICS_Pacheco\Hazus\IA\UTIL.mdb\hzOilFlty,BackupPower,-1,-1,I:\MB7\Projects\SpIT\STICS_Pacheco\Hazus\ID\UTIL.mdb\hzOilFlty,BackupPower,-1,-1,I:\MB7\Projects\SpIT\STICS_Pacheco\Hazus\IL\UTIL.mdb\hzOilFlty,BackupPower,-1,-1,I:\MB7\Projects\SpIT\STICS_Pacheco\Hazus\IN\UTIL.mdb\hzOilFlty,BackupPower,-1,-1,I:\MB7\Projects\SpIT\STICS_Pacheco\Hazus\KS\UTIL.mdb\hzOilFlty,BackupPower,-1,-1,I:\MB7\Projects\SpIT\STICS_Pacheco\Hazus\KY\UTIL.mdb\hzOilFlty,BackupPower,-1,-1,I:\MB7\Projects\SpIT\STICS_Pacheco\Hazus\LA\UTIL.mdb\hzOilFlty,BackupPower,-1,-1,I:\MB7\Projects\SpIT\STICS_Pacheco\Hazus\MA\UTIL.mdb\hzOilFlty,BackupPower,-1,-1,I:\MB7\Projects\SpIT\STICS_Pacheco\Hazus\MD\UTIL.mdb\hzOilFlty,BackupPower,-1,-1,I:\MB7\Projects\SpIT\STICS_Pacheco\Hazus\ME\UTIL.mdb\hzOilFlty,BackupPower,-1,-1,I:\MB7\Projects\SpIT\STICS_Pacheco\Hazus\MI\UTIL.mdb\hzOilFlty,BackupPower,-1,-1,I:\MB7\Projects\SpIT\STICS_Pacheco\Hazus\MN\UTIL.mdb\hzOilFlty,BackupPower,-1,-1,I:\MB7\Projects\SpIT\STICS_Pacheco\Hazus\MO\UTIL.mdb\hzOilFlty,BackupPower,-1,-1,I:\MB7\Projects\SpIT\STICS_Pacheco\Hazus\MS\UTIL.mdb\hzOilFlty,BackupPower,-1,-1,I:\MB7\Projects\SpIT\STICS_Pacheco\Hazus\MT\UTIL.mdb\hzOilFlty,BackupPower,-1,-1,I:\MB7\Projects\SpIT\STICS_Pacheco\Hazus\NC\UTIL.mdb\hzOilFlty,BackupPower,-1,-1,I:\MB7\Projects\SpIT\STICS_Pacheco\Hazus\ND\UTIL.mdb\hzOilFlty,BackupPower,-1,-1,I:\MB7\Projects\SpIT\STICS_Pacheco\Hazus\NE\UTIL.mdb\hzOilFlty,BackupPower,-1,-1,I:\MB7\Projects\SpIT\STICS_Pacheco\Hazus\NH\UTIL.mdb\hzOilFlty,BackupPower,-1,-1,I:\MB7\Projects\SpIT\STICS_Pacheco\Hazus\NJ\UTIL.mdb\hzOilFlty,BackupPower,-1,-1,I:\MB7\Projects\SpIT\STICS_Pacheco\Hazus\NM\UTIL.mdb\hzOilFlty,BackupPower,-1,-1,I:\MB7\Projects\SpIT\STICS_Pacheco\Hazus\NV\UTIL.mdb\hzOilFlty,BackupPower,-1,-1,I:\MB7\Projects\SpIT\STICS_Pacheco\Hazus\NY\UTIL.mdb\hzOilFlty,BackupPower,-1,-1,I:\MB7\Projects\SpIT\STICS_Pacheco\Hazus\OH\UTIL.mdb\hzOilFlty,BackupPower,-1,-1,I:\MB7\Projects\SpIT\STICS_Pacheco\Hazus\OK\UTIL.mdb\hzOilFlty,BackupPower,-1,-1,I:\MB7\Projects\SpIT\STICS_Pacheco\Hazus\OR\UTIL.mdb\hzOilFlty,BackupPower,-1,-1,I:\MB7\Projects\SpIT\STICS_Pacheco\Hazus\PA\UTIL.mdb\hzOilFlty,BackupPower,-1,-1,I:\MB7\Projects\SpIT\STICS_Pacheco\Hazus\PR\UTIL.mdb\hzOilFlty,BackupPower,-1,-1,I:\MB7\Projects\SpIT\STICS_Pacheco\Hazus\RI\UTIL.mdb\hzOilFlty,BackupPower,-1,-1,I:\MB7\Projects\SpIT\STICS_Pacheco\Hazus\SC\UTIL.mdb\hzOilFlty,BackupPower,-1,-1,I:\MB7\Projects\SpIT\STICS_Pacheco\Hazus\SD\UTIL.mdb\hzOilFlty,BackupPower,-1,-1,I:\MB7\Projects\SpIT\STICS_Pacheco\Hazus\TN\UTIL.mdb\hzOilFlty,BackupPower,-1,-1,I:\MB7\Projects\SpIT\STICS_Pacheco\Hazus\TX\UTIL.mdb\hzOilFlty,BackupPower,-1,-1,I:\MB7\Projects\SpIT\STICS_Pacheco\Hazus\UT\UTIL.mdb\hzOilFlty,BackupPower,-1,-1,I:\MB7\Projects\SpIT\STICS_Pacheco\Hazus\VA\UTIL.mdb\hzOilFlty,BackupPower,-1,-1,I:\MB7\Projects\SpIT\STICS_Pacheco\Hazus\VT\UTIL.mdb\hzOilFlty,BackupPower,-1,-1,I:\MB7\Projects\SpIT\STICS_Pacheco\Hazus\WA\UTIL.mdb\hzOilFlty,BackupPower,-1,-1,I:\MB7\Projects\SpIT\STICS_Pacheco\Hazus\WI\UTIL.mdb\hzOilFlty,BackupPower,-1,-1,I:\MB7\Projects\SpIT\STICS_Pacheco\Hazus\WV\UTIL.mdb\hzOilFlty,BackupPower,-1,-1,I:\MB7\Projects\SpIT\STICS_Pacheco\Hazus\WY\UTIL.mdb\hzOilFlty,BackupPower,-1,-1;Capacity "Capacity" true true false 4 Float 0 0 ,First,#,I:\MB7\Projects\SpIT\STICS_Pacheco\Hazus\AK\UTIL.mdb\hzOilFlty,Capacity,-1,-1,I:\MB7\Projects\SpIT\STICS_Pacheco\Hazus\AL\UTIL.mdb\hzOilFlty,Capacity,-1,-1,I:\MB7\Projects\SpIT\STICS_Pacheco\Hazus\AR\UTIL.mdb\hzOilFlty,Capacity,-1,-1,I:\MB7\Projects\SpIT\STICS_Pacheco\Hazus\AZ\UTIL.mdb\hzOilFlty,Capacity,-1,-1,I:\MB7\Projects\SpIT\STICS_Pacheco\Hazus\CA\UTIL.mdb\hzOilFlty,Capacity,-1,-1,I:\MB7\Projects\SpIT\STICS_Pacheco\Hazus\CO\UTIL.mdb\hzOilFlty,Capacity,-1,-1,I:\MB7\Projects\SpIT\STICS_Pacheco\Hazus\CT\UTIL.mdb\hzOilFlty,Capacity,-1,-1,I:\MB7\Projects\SpIT\STICS_Pacheco\Hazus\DC\UTIL.mdb\hzOilFlty,Capacity,-1,-1,I:\MB7\Projects\SpIT\STICS_Pacheco\Hazus\DE\UTIL.mdb\hzOilFlty,Capacity,-1,-1,I:\MB7\Projects\SpIT\STICS_Pacheco\Hazus\FL\UTIL.mdb\hzOilFlty,Capacity,-1,-1,I:\MB7\Projects\SpIT\STICS_Pacheco\Hazus\GA\UTIL.mdb\hzOilFlty,Capacity,-1,-1,I:\MB7\Projects\SpIT\STICS_Pacheco\Hazus\HI\UTIL.mdb\hzOilFlty,Capacity,-1,-1,I:\MB7\Projects\SpIT\STICS_Pacheco\Hazus\IA\UTIL.mdb\hzOilFlty,Capacity,-1,-1,I:\MB7\Projects\SpIT\STICS_Pacheco\Hazus\ID\UTIL.mdb\hzOilFlty,Capacity,-1,-1,I:\MB7\Projects\SpIT\STICS_Pacheco\Hazus\IL\UTIL.mdb\hzOilFlty,Capacity,-1,-1,I:\MB7\Projects\SpIT\STICS_Pacheco\Hazus\IN\UTIL.mdb\hzOilFlty,Capacity,-1,-1,I:\MB7\Projects\SpIT\STICS_Pacheco\Hazus\KS\UTIL.mdb\hzOilFlty,Capacity,-1,-1,I:\MB7\Projects\SpIT\STICS_Pacheco\Hazus\KY\UTIL.mdb\hzOilFlty,Capacity,-1,-1,I:\MB7\Projects\SpIT\STICS_Pacheco\Hazus\LA\UTIL.mdb\hzOilFlty,Capacity,-1,-1,I:\MB7\Projects\SpIT\STICS_Pacheco\Hazus\MA\UTIL.mdb\hzOilFlty,Capacity,-1,-1,I:\MB7\Projects\SpIT\STICS_Pacheco\Hazus\MD\UTIL.mdb\hzOilFlty,Capacity,-1,-1,I:\MB7\Projects\SpIT\STICS_Pacheco\Hazus\ME\UTIL.mdb\hzOilFlty,Capacity,-1,-1,I:\MB7\Projects\SpIT\STICS_Pacheco\Hazus\MI\UTIL.mdb\hzOilFlty,Capacity,-1,-1,I:\MB7\Projects\SpIT\STICS_Pacheco\Hazus\MN\UTIL.mdb\hzOilFlty,Capacity,-1,-1,I:\MB7\Projects\SpIT\STICS_Pacheco\Hazus\MO\UTIL.mdb\hzOilFlty,Capacity,-1,-1,I:\MB7\Projects\SpIT\STICS_Pacheco\Hazus\MS\UTIL.mdb\hzOilFlty,Capacity,-1,-1,I:\MB7\Projects\SpIT\STICS_Pacheco\Hazus\MT\UTIL.mdb\hzOilFlty,Capacity,-1,-1,I:\MB7\Projects\SpIT\STICS_Pacheco\Hazus\NC\UTIL.mdb\hzOilFlty,Capacity,-1,-1,I:\MB7\Projects\SpIT\STICS_Pacheco\Hazus\ND\UTIL.mdb\hzOilFlty,Capacity,-1,-1,I:\MB7\Projects\SpIT\STICS_Pacheco\Hazus\NE\UTIL.mdb\hzOilFlty,Capacity,-1,-1,I:\MB7\Projects\SpIT\STICS_Pacheco\Hazus\NH\UTIL.mdb\hzOilFlty,Capacity,-1,-1,I:\MB7\Projects\SpIT\STICS_Pacheco\Hazus\NJ\UTIL.mdb\hzOilFlty,Capacity,-1,-1,I:\MB7\Projects\SpIT\STICS_Pacheco\Hazus\NM\UTIL.mdb\hzOilFlty,Capacity,-1,-1,I:\MB7\Projects\SpIT\STICS_Pacheco\Hazus\NV\UTIL.mdb\hzOilFlty,Capacity,-1,-1,I:\MB7\Projects\SpIT\STICS_Pacheco\Hazus\NY\UTIL.mdb\hzOilFlty,Capacity,-1,-1,I:\MB7\Projects\SpIT\STICS_Pacheco\Hazus\OH\UTIL.mdb\hzOilFlty,Capacity,-1,-1,I:\MB7\Projects\SpIT\STICS_Pacheco\Hazus\OK\UTIL.mdb\hzOilFlty,Capacity,-1,-1,I:\MB7\Projects\SpIT\STICS_Pacheco\Hazus\OR\UTIL.mdb\hzOilFlty,Capacity,-1,-1,I:\MB7\Projects\SpIT\STICS_Pacheco\Hazus\PA\UTIL.mdb\hzOilFlty,Capacity,-1,-1,I:\MB7\Projects\SpIT\STICS_Pacheco\Hazus\PR\UTIL.mdb\hzOilFlty,Capacity,-1,-1,I:\MB7\Projects\SpIT\STICS_Pacheco\Hazus\RI\UTIL.mdb\hzOilFlty,Capacity,-1,-1,I:\MB7\Projects\SpIT\STICS_Pacheco\Hazus\SC\UTIL.mdb\hzOilFlty,Capacity,-1,-1,I:\MB7\Projects\SpIT\STICS_Pacheco\Hazus\SD\UTIL.mdb\hzOilFlty,Capacity,-1,-1,I:\MB7\Projects\SpIT\STICS_Pacheco\Hazus\TN\UTIL.mdb\hzOilFlty,Capacity,-1,-1,I:\MB7\Projects\SpIT\STICS_Pacheco\Hazus\TX\UTIL.mdb\hzOilFlty,Capacity,-1,-1,I:\MB7\Projects\SpIT\STICS_Pacheco\Hazus\UT\UTIL.mdb\hzOilFlty,Capacity,-1,-1,I:\MB7\Projects\SpIT\STICS_Pacheco\Hazus\VA\UTIL.mdb\hzOilFlty,Capacity,-1,-1,I:\MB7\Projects\SpIT\STICS_Pacheco\Hazus\VT\UTIL.mdb\hzOilFlty,Capacity,-1,-1,I:\MB7\Projects\SpIT\STICS_Pacheco\Hazus\WA\UTIL.mdb\hzOilFlty,Capacity,-1,-1,I:\MB7\Projects\SpIT\STICS_Pacheco\Hazus\WI\UTIL.mdb\hzOilFlty,Capacity,-1,-1,I:\MB7\Projects\SpIT\STICS_Pacheco\Hazus\WV\UTIL.mdb\hzOilFlty,Capacity,-1,-1,I:\MB7\Projects\SpIT\STICS_Pacheco\Hazus\WY\UTIL.mdb\hzOilFlty,Capacity,-1,-1;Latitude "Latitude" true true false 8 Double 0 0 ,First,#,I:\MB7\Projects\SpIT\STICS_Pacheco\Hazus\AK\UTIL.mdb\hzOilFlty,Latitude,-1,-1,I:\MB7\Projects\SpIT\STICS_Pacheco\Hazus\AL\UTIL.mdb\hzOilFlty,Latitude,-1,-1,I:\MB7\Projects\SpIT\STICS_Pacheco\Hazus\AR\UTIL.mdb\hzOilFlty,Latitude,-1,-1,I:\MB7\Projects\SpIT\STICS_Pacheco\Hazus\AZ\UTIL.mdb\hzOilFlty,Latitude,-1,-1,I:\MB7\Projects\SpIT\STICS_Pacheco\Hazus\CA\UTIL.mdb\hzOilFlty,Latitude,-1,-1,I:\MB7\Projects\SpIT\STICS_Pacheco\Hazus\CO\UTIL.mdb\hzOilFlty,Latitude,-1,-1,I:\MB7\Projects\SpIT\STICS_Pacheco\Hazus\CT\UTIL.mdb\hzOilFlty,Latitude,-1,-1,I:\MB7\Projects\SpIT\STICS_Pacheco\Hazus\DC\UTIL.mdb\hzOilFlty,Latitude,-1,-1,I:\MB7\Projects\SpIT\STICS_Pacheco\Hazus\DE\UTIL.mdb\hzOilFlty,Latitude,-1,-1,I:\MB7\Projects\SpIT\STICS_Pacheco\Hazus\FL\UTIL.mdb\hzOilFlty,Latitude,-1,-1,I:\MB7\Projects\SpIT\STICS_Pacheco\Hazus\GA\UTIL.mdb\hzOilFlty,Latitude,-1,-1,I:\MB7\Projects\SpIT\STICS_Pacheco\Hazus\HI\UTIL.mdb\hzOilFlty,Latitude,-1,-1,I:\MB7\Projects\SpIT\STICS_Pacheco\Hazus\IA\UTIL.mdb\hzOilFlty,Latitude,-1,-1,I:\MB7\Projects\SpIT\STICS_Pacheco\Hazus\ID\UTIL.mdb\hzOilFlty,Latitude,-1,-1,I:\MB7\Projects\SpIT\STICS_Pacheco\Hazus\IL\UTIL.mdb\hzOilFlty,Latitude,-1,-1,I:\MB7\Projects\SpIT\STICS_Pacheco\Hazus\IN\UTIL.mdb\hzOilFlty,Latitude,-1,-1,I:\MB7\Projects\SpIT\STICS_Pacheco\Hazus\KS\UTIL.mdb\hzOilFlty,Latitude,-1,-1,I:\MB7\Projects\SpIT\STICS_Pacheco\Hazus\KY\UTIL.mdb\hzOilFlty,Latitude,-1,-1,I:\MB7\Projects\SpIT\STICS_Pacheco\Hazus\LA\UTIL.mdb\hzOilFlty,Latitude,-1,-1,I:\MB7\Projects\SpIT\STICS_Pacheco\Hazus\MA\UTIL.mdb\hzOilFlty,Latitude,-1,-1,I:\MB7\Projects\SpIT\STICS_Pacheco\Hazus\MD\UTIL.mdb\hzOilFlty,Latitude,-1,-1,I:\MB7\Projects\SpIT\STICS_Pacheco\Hazus\ME\UTIL.mdb\hzOilFlty,Latitude,-1,-1,I:\MB7\Projects\SpIT\STICS_Pacheco\Hazus\MI\UTIL.mdb\hzOilFlty,Latitude,-1,-1,I:\MB7\Projects\SpIT\STICS_Pacheco\Hazus\MN\UTIL.mdb\hzOilFlty,Latitude,-1,-1,I:\MB7\Projects\SpIT\STICS_Pacheco\Hazus\MO\UTIL.mdb\hzOilFlty,Latitude,-1,-1,I:\MB7\Projects\SpIT\STICS_Pacheco\Hazus\MS\UTIL.mdb\hzOilFlty,Latitude,-1,-1,I:\MB7\Projects\SpIT\STICS_Pacheco\Hazus\MT\UTIL.mdb\hzOilFlty,Latitude,-1,-1,I:\MB7\Projects\SpIT\STICS_Pacheco\Hazus\NC\UTIL.mdb\hzOilFlty,Latitude,-1,-1,I:\MB7\Projects\SpIT\STICS_Pacheco\Hazus\ND\UTIL.mdb\hzOilFlty,Latitude,-1,-1,I:\MB7\Projects\SpIT\STICS_Pacheco\Hazus\NE\UTIL.mdb\hzOilFlty,Latitude,-1,-1,I:\MB7\Projects\SpIT\STICS_Pacheco\Hazus\NH\UTIL.mdb\hzOilFlty,Latitude,-1,-1,I:\MB7\Projects\SpIT\STICS_Pacheco\Hazus\NJ\UTIL.mdb\hzOilFlty,Latitude,-1,-1,I:\MB7\Projects\SpIT\STICS_Pacheco\Hazus\NM\UTIL.mdb\hzOilFlty,Latitude,-1,-1,I:\MB7\Projects\SpIT\STICS_Pacheco\Hazus\NV\UTIL.mdb\hzOilFlty,Latitude,-1,-1,I:\MB7\Projects\SpIT\STICS_Pacheco\Hazus\NY\UTIL.mdb\hzOilFlty,Latitude,-1,-1,I:\MB7\Projects\SpIT\STICS_Pacheco\Hazus\OH\UTIL.mdb\hzOilFlty,Latitude,-1,-1,I:\MB7\Projects\SpIT\STICS_Pacheco\Hazus\OK\UTIL.mdb\hzOilFlty,Latitude,-1,-1,I:\MB7\Projects\SpIT\STICS_Pacheco\Hazus\OR\UTIL.mdb\hzOilFlty,Latitude,-1,-1,I:\MB7\Projects\SpIT\STICS_Pacheco\Hazus\PA\UTIL.mdb\hzOilFlty,Latitude,-1,-1,I:\MB7\Projects\SpIT\STICS_Pacheco\Hazus\PR\UTIL.mdb\hzOilFlty,Latitude,-1,-1,I:\MB7\Projects\SpIT\STICS_Pacheco\Hazus\RI\UTIL.mdb\hzOilFlty,Latitude,-1,-1,I:\MB7\Projects\SpIT\STICS_Pacheco\Hazus\SC\UTIL.mdb\hzOilFlty,Latitude,-1,-1,I:\MB7\Projects\SpIT\STICS_Pacheco\Hazus\SD\UTIL.mdb\hzOilFlty,Latitude,-1,-1,I:\MB7\Projects\SpIT\STICS_Pacheco\Hazus\TN\UTIL.mdb\hzOilFlty,Latitude,-1,-1,I:\MB7\Projects\SpIT\STICS_Pacheco\Hazus\TX\UTIL.mdb\hzOilFlty,Latitude,-1,-1,I:\MB7\Projects\SpIT\STICS_Pacheco\Hazus\UT\UTIL.mdb\hzOilFlty,Latitude,-1,-1,I:\MB7\Projects\SpIT\STICS_Pacheco\Hazus\VA\UTIL.mdb\hzOilFlty,Latitude,-1,-1,I:\MB7\Projects\SpIT\STICS_Pacheco\Hazus\VT\UTIL.mdb\hzOilFlty,Latitude,-1,-1,I:\MB7\Projects\SpIT\STICS_Pacheco\Hazus\WA\UTIL.mdb\hzOilFlty,Latitude,-1,-1,I:\MB7\Projects\SpIT\STICS_Pacheco\Hazus\WI\UTIL.mdb\hzOilFlty,Latitude,-1,-1,I:\MB7\Projects\SpIT\STICS_Pacheco\Hazus\WV\UTIL.mdb\hzOilFlty,Latitude,-1,-1,I:\MB7\Projects\SpIT\STICS_Pacheco\Hazus\WY\UTIL.mdb\hzOilFlty,Latitude,-1,-1;Longitude "Longitude" true true false 8 Double 0 0 ,First,#,I:\MB7\Projects\SpIT\STICS_Pacheco\Hazus\AK\UTIL.mdb\hzOilFlty,Longitude,-1,-1,I:\MB7\Projects\SpIT\STICS_Pacheco\Hazus\AL\UTIL.mdb\hzOilFlty,Longitude,-1,-1,I:\MB7\Projects\SpIT\STICS_Pacheco\Hazus\AR\UTIL.mdb\hzOilFlty,Longitude,-1,-1,I:\MB7\Projects\SpIT\STICS_Pacheco\Hazus\AZ\UTIL.mdb\hzOilFlty,Longitude,-1,-1,I:\MB7\Projects\SpIT\STICS_Pacheco\Hazus\CA\UTIL.mdb\hzOilFlty,Longitude,-1,-1,I:\MB7\Projects\SpIT\STICS_Pacheco\Hazus\CO\UTIL.mdb\hzOilFlty,Longitude,-1,-1,I:\MB7\Projects\SpIT\STICS_Pacheco\Hazus\CT\UTIL.mdb\hzOilFlty,Longitude,-1,-1,I:\MB7\Projects\SpIT\STICS_Pacheco\Hazus\DC\UTIL.mdb\hzOilFlty,Longitude,-1,-1,I:\MB7\Projects\SpIT\STICS_Pacheco\Hazus\DE\UTIL.mdb\hzOilFlty,Longitude,-1,-1,I:\MB7\Projects\SpIT\STICS_Pacheco\Hazus\FL\UTIL.mdb\hzOilFlty,Longitude,-1,-1,I:\MB7\Projects\SpIT\STICS_Pacheco\Hazus\GA\UTIL.mdb\hzOilFlty,Longitude,-1,-1,I:\MB7\Projects\SpIT\STICS_Pacheco\Hazus\HI\UTIL.mdb\hzOilFlty,Longitude,-1,-1,I:\MB7\Projects\SpIT\STICS_Pacheco\Hazus\IA\UTIL.mdb\hzOilFlty,Longitude,-1,-1,I:\MB7\Projects\SpIT\STICS_Pacheco\Hazus\ID\UTIL.mdb\hzOilFlty,Longitude,-1,-1,I:\MB7\Projects\SpIT\STICS_Pacheco\Hazus\IL\UTIL.mdb\hzOilFlty,Longitude,-1,-1,I:\MB7\Projects\SpIT\STICS_Pacheco\Hazus\IN\UTIL.mdb\hzOilFlty,Longitude,-1,-1,I:\MB7\Projects\SpIT\STICS_Pacheco\Hazus\KS\UTIL.mdb\hzOilFlty,Longitude,-1,-1,I:\MB7\Projects\SpIT\STICS_Pacheco\Hazus\KY\UTIL.mdb\hzOilFlty,Longitude,-1,-1,I:\MB7\Projects\SpIT\STICS_Pacheco\Hazus\LA\UTIL.mdb\hzOilFlty,Longitude,-1,-1,I:\MB7\Projects\SpIT\STICS_Pacheco\Hazus\MA\UTIL.mdb\hzOilFlty,Longitude,-1,-1,I:\MB7\Projects\SpIT\STICS_Pacheco\Hazus\MD\UTIL.mdb\hzOilFlty,Longitude,-1,-1,I:\MB7\Projects\SpIT\STICS_Pacheco\Hazus\ME\UTIL.mdb\hzOilFlty,Longitude,-1,-1,I:\MB7\Projects\SpIT\STICS_Pacheco\Hazus\MI\UTIL.mdb\hzOilFlty,Longitude,-1,-1,I:\MB7\Projects\SpIT\STICS_Pacheco\Hazus\MN\UTIL.mdb\hzOilFlty,Longitude,-1,-1,I:\MB7\Projects\SpIT\STICS_Pacheco\Hazus\MO\UTIL.mdb\hzOilFlty,Longitude,-1,-1,I:\MB7\Projects\SpIT\STICS_Pacheco\Hazus\MS\UTIL.mdb\hzOilFlty,Longitude,-1,-1,I:\MB7\Projects\SpIT\STICS_Pacheco\Hazus\MT\UTIL.mdb\hzOilFlty,Longitude,-1,-1,I:\MB7\Projects\SpIT\STICS_Pacheco\Hazus\NC\UTIL.mdb\hzOilFlty,Longitude,-1,-1,I:\MB7\Projects\SpIT\STICS_Pacheco\Hazus\ND\UTIL.mdb\hzOilFlty,Longitude,-1,-1,I:\MB7\Projects\SpIT\STICS_Pacheco\Hazus\NE\UTIL.mdb\hzOilFlty,Longitude,-1,-1,I:\MB7\Projects\SpIT\STICS_Pacheco\Hazus\NH\UTIL.mdb\hzOilFlty,Longitude,-1,-1,I:\MB7\Projects\SpIT\STICS_Pacheco\Hazus\NJ\UTIL.mdb\hzOilFlty,Longitude,-1,-1,I:\MB7\Projects\SpIT\STICS_Pacheco\Hazus\NM\UTIL.mdb\hzOilFlty,Longitude,-1,-1,I:\MB7\Projects\SpIT\STICS_Pacheco\Hazus\NV\UTIL.mdb\hzOilFlty,Longitude,-1,-1,I:\MB7\Projects\SpIT\STICS_Pacheco\Hazus\NY\UTIL.mdb\hzOilFlty,Longitude,-1,-1,I:\MB7\Projects\SpIT\STICS_Pacheco\Hazus\OH\UTIL.mdb\hzOilFlty,Longitude,-1,-1,I:\MB7\Projects\SpIT\STICS_Pacheco\Hazus\OK\UTIL.mdb\hzOilFlty,Longitude,-1,-1,I:\MB7\Projects\SpIT\STICS_Pacheco\Hazus\OR\UTIL.mdb\hzOilFlty,Longitude,-1,-1,I:\MB7\Projects\SpIT\STICS_Pacheco\Hazus\PA\UTIL.mdb\hzOilFlty,Longitude,-1,-1,I:\MB7\Projects\SpIT\STICS_Pacheco\Hazus\PR\UTIL.mdb\hzOilFlty,Longitude,-1,-1,I:\MB7\Projects\SpIT\STICS_Pacheco\Hazus\RI\UTIL.mdb\hzOilFlty,Longitude,-1,-1,I:\MB7\Projects\SpIT\STICS_Pacheco\Hazus\SC\UTIL.mdb\hzOilFlty,Longitude,-1,-1,I:\MB7\Projects\SpIT\STICS_Pacheco\Hazus\SD\UTIL.mdb\hzOilFlty,Longitude,-1,-1,I:\MB7\Projects\SpIT\STICS_Pacheco\Hazus\TN\UTIL.mdb\hzOilFlty,Longitude,-1,-1,I:\MB7\Projects\SpIT\STICS_Pacheco\Hazus\TX\UTIL.mdb\hzOilFlty,Longitude,-1,-1,I:\MB7\Projects\SpIT\STICS_Pacheco\Hazus\UT\UTIL.mdb\hzOilFlty,Longitude,-1,-1,I:\MB7\Projects\SpIT\STICS_Pacheco\Hazus\VA\UTIL.mdb\hzOilFlty,Longitude,-1,-1,I:\MB7\Projects\SpIT\STICS_Pacheco\Hazus\VT\UTIL.mdb\hzOilFlty,Longitude,-1,-1,I:\MB7\Projects\SpIT\STICS_Pacheco\Hazus\WA\UTIL.mdb\hzOilFlty,Longitude,-1,-1,I:\MB7\Projects\SpIT\STICS_Pacheco\Hazus\WI\UTIL.mdb\hzOilFlty,Longitude,-1,-1,I:\MB7\Projects\SpIT\STICS_Pacheco\Hazus\WV\UTIL.mdb\hzOilFlty,Longitude,-1,-1,I:\MB7\Projects\SpIT\STICS_Pacheco\Hazus\WY\UTIL.mdb\hzOilFlty,Longitude,-1,-1;Comment "Comment" true true false 40 Text 0 0 ,First,#,I:\MB7\Projects\SpIT\STICS_Pacheco\Hazus\AK\UTIL.mdb\hzOilFlty,Comment,-1,-1,I:\MB7\Projects\SpIT\STICS_Pacheco\Hazus\AL\UTIL.mdb\hzOilFlty,Comment,-1,-1,I:\MB7\Projects\SpIT\STICS_Pacheco\Hazus\AR\UTIL.mdb\hzOilFlty,Comment,-1,-1,I:\MB7\Projects\SpIT\STICS_Pacheco\Hazus\AZ\UTIL.mdb\hzOilFlty,Comment,-1,-1,I:\MB7\Projects\SpIT\STICS_Pacheco\Hazus\CA\UTIL.mdb\hzOilFlty,Comment,-1,-1,I:\MB7\Projects\SpIT\STICS_Pacheco\Hazus\CO\UTIL.mdb\hzOilFlty,Comment,-1,-1,I:\MB7\Projects\SpIT\STICS_Pacheco\Hazus\CT\UTIL.mdb\hzOilFlty,Comment,-1,-1,I:\MB7\Projects\SpIT\STICS_Pacheco\Hazus\DC\UTIL.mdb\hzOilFlty,Comment,-1,-1,I:\MB7\Projects\SpIT\STICS_Pacheco\Hazus\DE\UTIL.mdb\hzOilFlty,Comment,-1,-1,I:\MB7\Projects\SpIT\STICS_Pacheco\Hazus\FL\UTIL.mdb\hzOilFlty,Comment,-1,-1,I:\MB7\Projects\SpIT\STICS_Pacheco\Hazus\GA\UTIL.mdb\hzOilFlty,Comment,-1,-1,I:\MB7\Projects\SpIT\STICS_Pacheco\Hazus\HI\UTIL.mdb\hzOilFlty,Comment,-1,-1,I:\MB7\Projects\SpIT\STICS_Pacheco\Hazus\IA\UTIL.mdb\hzOilFlty,Comment,-1,-1,I:\MB7\Projects\SpIT\STICS_Pacheco\Hazus\ID\UTIL.mdb\hzOilFlty,Comment,-1,-1,I:\MB7\Projects\SpIT\STICS_Pacheco\Hazus\IL\UTIL.mdb\hzOilFlty,Comment,-1,-1,I:\MB7\Projects\SpIT\STICS_Pacheco\Hazus\IN\UTIL.mdb\hzOilFlty,Comment,-1,-1,I:\MB7\Projects\SpIT\STICS_Pacheco\Hazus\KS\UTIL.mdb\hzOilFlty,Comment,-1,-1,I:\MB7\Projects\SpIT\STICS_Pacheco\Hazus\KY\UTIL.mdb\hzOilFlty,Comment,-1,-1,I:\MB7\Projects\SpIT\STICS_Pacheco\Hazus\LA\UTIL.mdb\hzOilFlty,Comment,-1,-1,I:\MB7\Projects\SpIT\STICS_Pacheco\Hazus\MA\UTIL.mdb\hzOilFlty,Comment,-1,-1,I:\MB7\Projects\SpIT\STICS_Pacheco\Hazus\MD\UTIL.mdb\hzOilFlty,Comment,-1,-1,I:\MB7\Projects\SpIT\STICS_Pacheco\Hazus\ME\UTIL.mdb\hzOilFlty,Comment,-1,-1,I:\MB7\Projects\SpIT\STICS_Pacheco\Hazus\MI\UTIL.mdb\hzOilFlty,Comment,-1,-1,I:\MB7\Projects\SpIT\STICS_Pacheco\Hazus\MN\UTIL.mdb\hzOilFlty,Comment,-1,-1,I:\MB7\Projects\SpIT\STICS_Pacheco\Hazus\MO\UTIL.mdb\hzOilFlty,Comment,-1,-1,I:\MB7\Projects\SpIT\STICS_Pacheco\Hazus\MS\UTIL.mdb\hzOilFlty,Comment,-1,-1,I:\MB7\Projects\SpIT\STICS_Pacheco\Hazus\MT\UTIL.mdb\hzOilFlty,Comment,-1,-1,I:\MB7\Projects\SpIT\STICS_Pacheco\Hazus\NC\UTIL.mdb\hzOilFlty,Comment,-1,-1,I:\MB7\Projects\SpIT\STICS_Pacheco\Hazus\ND\UTIL.mdb\hzOilFlty,Comment,-1,-1,I:\MB7\Projects\SpIT\STICS_Pacheco\Hazus\NE\UTIL.mdb\hzOilFlty,Comment,-1,-1,I:\MB7\Projects\SpIT\STICS_Pacheco\Hazus\NH\UTIL.mdb\hzOilFlty,Comment,-1,-1,I:\MB7\Projects\SpIT\STICS_Pacheco\Hazus\NJ\UTIL.mdb\hzOilFlty,Comment,-1,-1,I:\MB7\Projects\SpIT\STICS_Pacheco\Hazus\NM\UTIL.mdb\hzOilFlty,Comment,-1,-1,I:\MB7\Projects\SpIT\STICS_Pacheco\Hazus\NV\UTIL.mdb\hzOilFlty,Comment,-1,-1,I:\MB7\Projects\SpIT\STICS_Pacheco\Hazus\NY\UTIL.mdb\hzOilFlty,Comment,-1,-1,I:\MB7\Projects\SpIT\STICS_Pacheco\Hazus\OH\UTIL.mdb\hzOilFlty,Comment,-1,-1,I:\MB7\Projects\SpIT\STICS_Pacheco\Hazus\OK\UTIL.mdb\hzOilFlty,Comment,-1,-1,I:\MB7\Projects\SpIT\STICS_Pacheco\Hazus\OR\UTIL.mdb\hzOilFlty,Comment,-1,-1,I:\MB7\Projects\SpIT\STICS_Pacheco\Hazus\PA\UTIL.mdb\hzOilFlty,Comment,-1,-1,I:\MB7\Projects\SpIT\STICS_Pacheco\Hazus\PR\UTIL.mdb\hzOilFlty,Comment,-1,-1,I:\MB7\Projects\SpIT\STICS_Pacheco\Hazus\RI\UTIL.mdb\hzOilFlty,Comment,-1,-1,I:\MB7\Projects\SpIT\STICS_Pacheco\Hazus\SC\UTIL.mdb\hzOilFlty,Comment,-1,-1,I:\MB7\Projects\SpIT\STICS_Pacheco\Hazus\SD\UTIL.mdb\hzOilFlty,Comment,-1,-1,I:\MB7\Projects\SpIT\STICS_Pacheco\Hazus\TN\UTIL.mdb\hzOilFlty,Comment,-1,-1,I:\MB7\Projects\SpIT\STICS_Pacheco\Hazus\TX\UTIL.mdb\hzOilFlty,Comment,-1,-1,I:\MB7\Projects\SpIT\STICS_Pacheco\Hazus\UT\UTIL.mdb\hzOilFlty,Comment,-1,-1,I:\MB7\Projects\SpIT\STICS_Pacheco\Hazus\VA\UTIL.mdb\hzOilFlty,Comment,-1,-1,I:\MB7\Projects\SpIT\STICS_Pacheco\Hazus\VT\UTIL.mdb\hzOilFlty,Comment,-1,-1,I:\MB7\Projects\SpIT\STICS_Pacheco\Hazus\WA\UTIL.mdb\hzOilFlty,Comment,-1,-1,I:\MB7\Projects\SpIT\STICS_Pacheco\Hazus\WI\UTIL.mdb\hzOilFlty,Comment,-1,-1,I:\MB7\Projects\SpIT\STICS_Pacheco\Hazus\WV\UTIL.mdb\hzOilFlty,Comment,-1,-1,I:\MB7\Projects\SpIT\STICS_Pacheco\Hazus\WY\UTIL.mdb\hzOilFlty,Comment,-1,-1"</Process><Process Name="Identity (19)" ToolSource="C:\Program Files\ArcGIS\Desktop10.0\ArcToolbox\Toolboxes\Analysis Tools.tbx\Identity" Date="20111212" Time="132340">Identity I:\MB7\Projects\SpIT\STICS_Pacheco\Hazus\CriticalFacilities\hzOilFlty.shp "I:\MB7\Projects\SpIT\STICS_Pacheco\GIS Download\50mi_buffer_aea.shp" I:\MB7\Projects\SpIT\STICS_Pacheco\Hazus\CriticalFacilities\50miOilFlty.shp ALL # NO_RELATIONSHIPS</Process><Process ToolSource="c:\program files\arcgis\desktop10.0\ArcToolbox\Toolboxes\Analysis Tools.tbx\Select" Date="20120227" Time="111906">Select I:\MB7\Projects\SpIT\STICS_Pacheco\Hazus\CriticalFacilities\50miOilFlty.shp "I:\MB7\Projects\SpIT\STICS_Pacheco\GIS Download\hazus_50miOilFlty.shp" ""STATE" &lt;&gt; ''"</Process></lineage></DataProperties><SyncDate>20120227</SyncDate><SyncTime>11190400</SyncTime><ModDate>20120227</ModDate><ModTime>11190400</ModTime></Esri><dataIdInfo><envirDesc Sync="TRUE">Microsoft Windows XP Version 5.1 (Build 2600) Service Pack 3; ESRI ArcGIS 10.0.3.3600</envirDesc><dataLang><languageCode value="en" Sync="TRUE"></languageCode><countryCode value="US" Sync="TRUE"></countryCode></dataLang><idCitation><resTitle Sync="TRUE">hazus_50miOilFlty</resTitle><presForm><PresFormCd value="005" Sync="TRUE"></PresFormCd></presForm></idCitation><spatRpType><SpatRepTypCd value="001" Sync="TRUE"></SpatRepTypCd></spatRpType></dataIdInfo><mdLang><languageCode value="en" Sync="TRUE"></languageCode><countryCode value="US" Sync="TRUE"></countryCode></mdLang><mdChar><CharSetCd value="004" Sync="TRUE"></CharSetCd></mdChar><distInfo><distFormat><formatName Sync="TRUE">Shapefile</formatName></distFormat><distTranOps><transSize Sync="TRUE">0.000</transSize></distTranOps></distInfo><mdHrLv><ScopeCd value="005" Sync="TRUE"></ScopeCd></mdHrLv><mdHrLvName Sync="TRUE">dataset</mdHrLvName><refSysInfo><RefSystem><refSysID><identCode code="4269" Sync="TRUE" value="4269"></identCode><idCodeSpace Sync="TRUE">EPSG</idCodeSpace><idVersion Sync="TRUE">7.4.1</idVersion></refSysID></RefSystem></refSysInfo><spatRepInfo><VectSpatRep><geometObjs Name="hazus_50miOilFlty"><geoObjTyp><GeoObjTypCd value="004" Sync="TRUE"></GeoObjTypCd></geoObjTyp><geoObjCnt Sync="TRUE">0</geoObjCnt></geometObjs><topLvl><TopoLevCd value="001" Sync="TRUE"></TopoLevCd></topLvl></VectSpatRep></spatRepInfo><spdoinfo><ptvctinf><esriterm><efeatyp Sync="TRUE">Simple</efeatyp><efeageom code="1" Sync="TRUE"></efeageom><esritopo Sync="TRUE">FALSE</esritopo><efeacnt Sync="TRUE">0</efeacnt><spindex Sync="TRUE">FALSE</spindex><linrefer Sync="TRUE">FALSE</linrefer></esriterm></ptvctinf></spdoinfo><eainfo><detailed Name="hazus_50miOilFlty"><enttyp><enttypl Sync="TRUE">hazus_50miOilFlty</enttypl><enttypt Sync="TRUE">Feature Class</enttypt><enttypc Sync="TRUE">0</enttypc></enttyp><attr><attrlabl Sync="TRUE">FID</attrlabl><attalias Sync="TRUE">FID</attalias><attrtype Sync="TRUE">OID</attrtype><attwidth Sync="TRUE">4</attwidth><atprecis Sync="TRUE">0</atprecis><attscale Sync="TRUE">0</attscale><attrdef Sync="TRUE">Internal feature number.</attrdef><attrdefs Sync="TRUE">ESRI</attrdefs><attrdomv><udom Sync="TRUE">Sequential unique whole numbers that are automatically generated.</udom></attrdomv></attr><attr><attrlabl Sync="TRUE">Shape</attrlabl><attalias Sync="TRUE">Shape</attalias><attrtype Sync="TRUE">Geometry</attrtype><attwidth Sync="TRUE">0</attwidth><atprecis Sync="TRUE">0</atprecis><attscale Sync="TRUE">0</attscale><attrdef Sync="TRUE">Feature geometry.</attrdef><attrdefs Sync="TRUE">ESRI</attrdefs><attrdomv><udom Sync="TRUE">Coordinates defining the features.</udom></attrdomv></attr><attr><attrlabl Sync="TRUE">FID_hzOilF</attrlabl><attalias Sync="TRUE">FID_hzOilF</attalias><attrtype Sync="TRUE">Integer</attrtype><attwidth Sync="TRUE">9</attwidth><atprecis Sync="TRUE">9</atprecis><attscale Sync="TRUE">0</attscale></attr><attr><attrlabl Sync="TRUE">OilFltyId</attrlabl><attalias Sync="TRUE">OilFltyId</attalias><attrtype Sync="TRUE">String</attrtype><attwidth Sync="TRUE">8</attwidth><atprecis Sync="TRUE">0</atprecis><attscale Sync="TRUE">0</attscale></attr><attr><attrlabl Sync="TRUE">UtilFcltyC</attrlabl><attalias Sync="TRUE">UtilFcltyC</attalias><attrtype Sync="TRUE">String</attrtype><attwidth Sync="TRUE">5</attwidth><atprecis Sync="TRUE">0</atprecis><attscale Sync="TRUE">0</attscale></attr><attr><attrlabl Sync="TRUE">Tract</attrlabl><attalias Sync="TRUE">Tract</attalias><attrtype Sync="TRUE">String</attrtype><attwidth Sync="TRUE">11</attwidth><atprecis Sync="TRUE">0</atprecis><attscale Sync="TRUE">0</attscale></attr><attr><attrlabl Sync="TRUE">Name</attrlabl><attalias Sync="TRUE">Name</attalias><attrtype Sync="TRUE">String</attrtype><attwidth Sync="TRUE">40</attwidth><atprecis Sync="TRUE">0</atprecis><attscale Sync="TRUE">0</attscale></attr><attr><attrlabl Sync="TRUE">Address</attrlabl><attalias Sync="TRUE">Address</attalias><attrtype Sync="TRUE">String</attrtype><attwidth Sync="TRUE">40</attwidth><atprecis Sync="TRUE">0</atprecis><attscale Sync="TRUE">0</attscale></attr><attr><attrlabl Sync="TRUE">City</attrlabl><attalias Sync="TRUE">City</attalias><attrtype Sync="TRUE">String</attrtype><attwidth Sync="TRUE">40</attwidth><atprecis Sync="TRUE">0</atprecis><attscale Sync="TRUE">0</attscale></attr><attr><attrlabl Sync="TRUE">Statea</attrlabl><attalias Sync="TRUE">Statea</attalias><attrtype Sync="TRUE">String</attrtype><attwidth Sync="TRUE">2</attwidth><atprecis Sync="TRUE">0</atprecis><attscale Sync="TRUE">0</attscale></attr><attr><attrlabl Sync="TRUE">Zipcode</attrlabl><attalias Sync="TRUE">Zipcode</attalias><attrtype Sync="TRUE">String</attrtype><attwidth Sync="TRUE">10</attwidth><atprecis Sync="TRUE">0</atprecis><attscale Sync="TRUE">0</attscale></attr><attr><attrlabl Sync="TRUE">Owner</attrlabl><attalias Sync="TRUE">Owner</attalias><attrtype Sync="TRUE">String</attrtype><attwidth Sync="TRUE">25</attwidth><atprecis Sync="TRUE">0</atprecis><attscale Sync="TRUE">0</attscale></attr><attr><attrlabl Sync="TRUE">Contact</attrlabl><attalias Sync="TRUE">Contact</attalias><attrtype Sync="TRUE">String</attrtype><attwidth Sync="TRUE">40</attwidth><atprecis Sync="TRUE">0</atprecis><attscale Sync="TRUE">0</attscale></attr><attr><attrlabl Sync="TRUE">PhoneNumbe</attrlabl><attalias Sync="TRUE">PhoneNumbe</attalias><attrtype Sync="TRUE">String</attrtype><attwidth Sync="TRUE">14</attwidth><atprecis Sync="TRUE">0</atprecis><attscale Sync="TRUE">0</attscale></attr><attr><attrlabl Sync="TRUE">Use</attrlabl><attalias Sync="TRUE">Use</attalias><attrtype Sync="TRUE">String</attrtype><attwidth Sync="TRUE">10</attwidth><atprecis Sync="TRUE">0</atprecis><attscale Sync="TRUE">0</attscale></attr><attr><attrlabl Sync="TRUE">YearBuilt</attrlabl><attalias Sync="TRUE">YearBuilt</attalias><attrtype Sync="TRUE">SmallInteger</attrtype><attwidth Sync="TRUE">4</attwidth><atprecis Sync="TRUE">4</atprecis><attscale Sync="TRUE">0</attscale></attr><attr><attrlabl Sync="TRUE">Cost</attrlabl><attalias Sync="TRUE">Cost</attalias><attrtype Sync="TRUE">Double</attrtype><attwidth Sync="TRUE">19</attwidth><atprecis Sync="TRUE">0</atprecis><attscale Sync="TRUE">0</attscale></attr><attr><attrlabl Sync="TRUE">BackupPowe</attrlabl><attalias Sync="TRUE">BackupPowe</attalias><attrtype Sync="TRUE">SmallInteger</attrtype><attwidth Sync="TRUE">4</attwidth><atprecis Sync="TRUE">4</atprecis><attscale Sync="TRUE">0</attscale></attr><attr><attrlabl Sync="TRUE">Capacity</attrlabl><attalias Sync="TRUE">Capacity</attalias><attrtype Sync="TRUE">Single</attrtype><attwidth Sync="TRUE">13</attwidth><atprecis Sync="TRUE">0</atprecis><attscale Sync="TRUE">0</attscale></attr><attr><attrlabl Sync="TRUE">Latitude</attrlabl><attalias Sync="TRUE">Latitude</attalias><attrtype Sync="TRUE">Double</attrtype><attwidth Sync="TRUE">19</attwidth><atprecis Sync="TRUE">0</atprecis><attscale Sync="TRUE">0</attscale></attr><attr><attrlabl Sync="TRUE">Longitude</attrlabl><attalias Sync="TRUE">Longitude</attalias><attrtype Sync="TRUE">Double</attrtype><attwidth Sync="TRUE">19</attwidth><atprecis Sync="TRUE">0</atprecis><attscale Sync="TRUE">0</attscale></attr><attr><attrlabl Sync="TRUE">Comment</attrlabl><attalias Sync="TRUE">Comment</attalias><attrtype Sync="TRUE">String</attrtype><attwidth Sync="TRUE">40</attwidth><atprecis Sync="TRUE">0</atprecis><attscale Sync="TRUE">0</attscale></attr><attr><attrlabl Sync="TRUE">FID_50mi_b</attrlabl><attalias Sync="TRUE">FID_50mi_b</attalias><attrtype Sync="TRUE">Integer</attrtype><attwidth Sync="TRUE">9</attwidth><atprecis Sync="TRUE">9</atprecis><attscale Sync="TRUE">0</attscale></attr><attr><attrlabl Sync="TRUE">STATE</attrlabl><attalias Sync="TRUE">STATE</attalias><attrtype Sync="TRUE">String</attrtype><attwidth Sync="TRUE">2</attwidth><atprecis Sync="TRUE">0</atprecis><attscale Sync="TRUE">0</attscale></attr><attr><attrlabl Sync="TRUE">ST_ABBR</attrlabl><attalias Sync="TRUE">ST_ABBR</attalias><attrtype Sync="TRUE">String</attrtype><attwidth Sync="TRUE">2</attwidth><atprecis Sync="TRUE">0</atprecis><attscale Sync="TRUE">0</attscale></attr><attr><attrlabl Sync="TRUE">st_name</attrlabl><attalias Sync="TRUE">st_name</attalias><attrtype Sync="TRUE">String</attrtype><attwidth Sync="TRUE">50</attwidth><atprecis Sync="TRUE">0</atprecis><attscale Sync="TRUE">0</attscale></attr><attr><attrlabl Sync="TRUE">landsqmi</attrlabl><attalias Sync="TRUE">landsqmi</attalias><attrtype Sync="TRUE">Double</attrtype><attwidth Sync="TRUE">19</attwidth><atprecis Sync="TRUE">18</atprecis><attscale Sync="TRUE">11</attscale></attr></detailed></eainfo><mdDateSt Sync="TRUE">20120227</mdDateSt></metadata>
