<?xml version="1.0" encoding="ISO-8859-1"?>
<metadata>
	<idinfo>
		<citation>
			<citeinfo>
				<origin>Comprehensive Coastal Inventory, Virginia Institute of Marine Science</origin>
				<pubdate>2006</pubdate>
				<title Sync="TRUE">md_lubc</title>
				<geoform Sync="TRUE">vector digital data</geoform>
				<pubinfo>
					<pubplace>Gloucester Point, Virginia</pubplace>
					<publish>Virginia Institute of Marine Science</publish>
				</pubinfo>
				<onlink>&lt;URL:http://ccrm.vims.edu/gisdatabases.html</onlink>
				<ftname Sync="TRUE">md_lubc</ftname></citeinfo>
		</citation>
		<descript>
			<abstract>
Shoreline Situation Reports (SSR) were first generated by VIMS in the 1970s to report the condition and status of the shore lands. The SSR series were published in hardcopy on a county by county basis for each of the Tidewater Virginia localities. The reports were intended to assist planners, managers, and regulators in decisions pertaining to management of coastal areas and natural resources therein. The techniques developed for Virginia's shoreline are used to create similar reports for the Maryland shoreline. Data collected describes conditions in the immediate riparian zone, the bank, and along the shore.
</abstract>
			<purpose>To inventory Maryland's tidal shoreline conditions.</purpose>
			<supplinf>
Maryland SSR contains three feature datasets; md_lubc, md_astru, md_sstru. Md_lubc (land use and bank cover for Maryland) is a line feature dataset containing data about land use, bank height, bank cover, erosion, marsh, and beach status along the shoreline. Md_sstru (Maryland shoreline structures) is a line feature dataset delineating hard structures in place for shoreline protection (bulkhead, riprap, groin fields). Md_astru (Maryland access structures) is a point feature dataset with locations of docks, ramps, and boathouses. The attributes of these three datasets are explained in each of their metadata files.
</supplinf>
			<langdata Sync="TRUE">en</langdata></descript>
		<timeperd>
			<timeinfo>
				<rngdates>
					<begdate>20020820</begdate>
					<enddate>20060517</enddate>
				</rngdates>
			</timeinfo>
			<current>ground condition at time of survey.</current>
		</timeperd>
		<status>
			<progress>Complete</progress>
			<update>None planned</update>
		</status>
		<keywords>
			<theme>
				<themekt>none</themekt>
				<themekey>Shoreline condition</themekey>
			</theme>
			<place>
				<placekt>none</placekt>
				<placekey>Maryland</placekey>
				<placekey>Chesapeake Bay</placekey>
				<placekey>St. Mary's County</placekey>
				<placekey>Dorchester County</placekey>
				<placekey>Anne Arundel County</placekey>
				<placekey>Baltimore County</placekey>
				<placekey>Caroline County</placekey>
				<placekey>Harford COunty</placekey>
				<placekey>Cecil County</placekey>
				<placekey>Queen Anne's County</placekey>
				<placekey>Somerset County</placekey>
				<placekey>Talbot County</placekey>
				<placekey>Wicomico County</placekey>
				<placekey>Worcester County</placekey>
				<placekey>Kent County</placekey>
				<placekey>Calvert County</placekey>
				<placekey>Charles County</placekey>
				<placekey>Prince Georges County</placekey>
			</place>
		</keywords>
		<accconst>none</accconst>
		<useconst>
These data should not be used for jurisdictional permit determinations beyond providing general shoreline condition or status information. These data have not been surveyed to property boundaries.
</useconst>
		<ptcontac>
			<cntinfo>
				<cntperp>
					<cntper>Marcia Berman</cntper>
					<cntorg>Virginia Institute of Marine Science (VIMS)</cntorg>
				</cntperp>
				<cntpos>Director Comprehensive Coastal Inventory Program</cntpos>
				<cntaddr>
					<addrtype>mailing address</addrtype>
					<address>P.O. Box 1346</address>
					<city>Gloucester Point</city>
					<state>Virginia</state>
					<postal>23062</postal>
					<country>USA</country>
				</cntaddr>
				<cntvoice>(804) 684-7188</cntvoice>
				<cntfax>(804) 684-7179</cntfax>
				<cntemail>marcia@vims.edu</cntemail>
			</cntinfo>
		</ptcontac>
		<datacred>
Collection of the data would not have been possible without the cooperation of VIMS Vessel Center. The following CCRM staff participated in the data collection and processing: Kory Angstadt, Alayde Barbosa, Marcia Berman, Harry Berquist, Lindy Dingerson, Zak Kator, Sharon Killeen, Pam Mason, Ben McFarlane, Karinna Nunez, David O'Brien, Tami Rudnicky, Dan Schatt, David Stanhope, and Helen Woods.
</datacred>
		<native Sync="TRUE">Microsoft Windows XP Version 5.1 (Build 2600) Service Pack 2; ESRI ArcCatalog 9.2.0.1324</native><spdom><bounding><westbc Sync="TRUE">-77.313847</westbc><eastbc Sync="TRUE">-75.054677</eastbc><northbc Sync="TRUE">39.728166</northbc><southbc Sync="TRUE">37.893766</southbc></bounding><lboundng><leftbc Sync="TRUE">301633.729065</leftbc><rightbc Sync="TRUE">495194.031250</rightbc><bottombc Sync="TRUE">4196427.579143</bottombc><topbc Sync="TRUE">4397588.500046</topbc></lboundng></spdom><natvform Sync="TRUE">Shapefile</natvform></idinfo>
	<dataqual>
		<attracc>
			<attraccr>
The attributes were compared to original GPS data logs for accuracy.  Errors were corrected where noted.
</attraccr>
		</attracc>
		<logic>
Chain-node topology present. Linear coverages were built for line and  point coverages were built for points.
</logic>
		<complete>
Maryland shoreline that has a minimum depth of 2 feet at mean low water, and accessible by boat, was surveyed.
</complete>
		<posacc>
			<horizpa>
				<horizpar>
Shoreline structures were recorded with a GPS unit as the boat moved along the shoreline. Data was transferred from the GPS boat track to an existing digital shoreline coverage by projecting data to the shoreline at a 90 degree angle from the boat track. Rectified  digital orthophoto quads were used as a background coverage to aid  in data positioning. Dock and boathouse point data were aligned with  docks on the images. Land use features were placed along the shore so changes in land use were coincident with changes illustrated in the imagery. Positional accuracy for data that has been corrected with imagery is +/- 2 meters (equivalent to image resolution). Data not visible on the imagery (bulkheads, riprap, etc.) has a positional accuracy of +/- 11 meters. Accuracy was determined by comparing digitally processed data locations to onsite GPS ground surveys collected at random.
</horizpar>
			</horizpa>
		</posacc>
		<lineage>
			<srcinfo>
				<srccite>
					<citeinfo>
						<origin>Maryland Department Of Natural Resources</origin>
						<pubdate>19980101</pubdate>
						<title>MrSID Color Infrared  DOQ's</title>
						<geoform>GIS coverage</geoform>
						<pubinfo>
							<pubplace>Annapolis, Maryland</pubplace>
							<publish>Maryland Department Of Natural Resources</publish>
						</pubinfo>
					</citeinfo>
				</srccite>
				<typesrc>Color Infrared DOQ's</typesrc>
				<srctime>
					<timeinfo>
						<rngdates>
							<begdate>19880303</begdate>
							<enddate>19950501</enddate>
						</rngdates>
					</timeinfo>
					<srccurr>Ground conditions</srccurr>
				</srctime>
				<srccitea>DOQQ</srccitea>
				<srccontr>
Serves as a background coverage in the map portfolios. Used to accurately position land use and cover data. Used to create a new digital shoreline coverage that serves as the base shoreline for shoreline conditions.
</srccontr>
			</srcinfo>
			<procstep>
				<procdesc>Data was collected by a two-person field crew (one data collector and one boat operator/data collector) using two hand-held Trimble GeoExplorers GPS Units, while navigating along the shoreline. A data dictionary designed for the inventory was installed on each GPS Unit. The data collector records natural features including land use, bank height, bank cover, presence of marsh or beach, and shoreline stability. The boat operator collects data on the hardened structures: riprap, bulkheads, docks, boatramps, etc. Point features (docks, boathouses, ramps) were surveyed with a ten second observation recorded at 1 reading/second. Linear features were surveyed kinematically at a rate of one observation every 3 seconds. Data collection began 8/20/02 and was completed on 5/17/06.</procdesc>
				<procdate>2002-2006</procdate>
			</procstep>
			<procstep>
				<procdesc>Data from the GPS units were postprocessed on a PC with Trimble  Pathfinder Office software. Postprocessing included differential correction using data collected at various CORS (continuously operating reference stations) sites. Corrected data is converted into ArcInfo coverages and transferred to a UNIX workstation for further processing.</procdesc>
				<procdate>2002-2006</procdate>
			</procstep>
			<procstep>
				<procdesc>Using ArcInfo and ERADAS Imagine in the UNIX environment, a new base shoreline was created by digitizing the land-water interface illustrated on the DOQQs.</procdesc>
				<srcused>DOQQ</srcused>
				<procdate>2002-2006</procdate>
			</procstep>
			<procstep>
				<procdesc>ArcMap 9.0 software on a PC was used to attribute the base shoreline. Boat-track points and arcs, DOQQ imagery, and the base shoreline were displayed in ArcMap. Shoreline arcs were split using the edit tool and the spatial adjustment attribute transfer tool was used to move the attributes from the boat track to the shoreline. Arcs were split on and points were moved to locations on the shoreline that were perpendicular to the original locations on the boat-track.  DOQQ imagery provided additional information for placement of  features. Geodatabase features were visually checked for attribute accuracy between coded shoreline and boat-track data.</procdesc>
				<srcused>DOQQ</srcused>
				<procdate>2002-2006</procdate>
			</procstep>
			<procstep>
				<procdesc>Maps created using ArcMap software for each completed Maryland County can be found online:&lt;URL:http://ccrm.vims.edu/gisdatabases.html</procdesc>
				<procdate>2003-2006</procdate>
			</procstep>
			<procstep>
				<procdesc>Data received a final check in hard copy map format. Changes were made as necessary to data.</procdesc>
				<procdate>2003-2006</procdate>
			</procstep>
			<procstep>
				<procdesc>Shapefiles from each surveyed Maryland county were appended together to create one Maryland shapefile for landuse (md_lubc), one for access structures (md_astru), and one for linear shoreline structures (md_sstru).</procdesc>
				<procdate>2006</procdate>
			</procstep>
			<procstep><procdesc Sync="TRUE">Metadata imported.</procdesc><srcused Sync="TRUE">C:\DOCUME~1\tamia\LOCALS~1\Temp\xml9B1.tmp</srcused><date Sync="TRUE">20060727</date><time Sync="TRUE">14181500</time></procstep></lineage>
	</dataqual>
	<eainfo>
		<detailed Name="md_lubc">
			<enttyp>
				<enttypl Sync="TRUE">md_lubc</enttypl>
				<enttypt Sync="TRUE">Feature Class</enttypt><enttypc Sync="TRUE">49984</enttypc></enttyp>
			<attr>
				<attrlabl>FID</attrlabl>
				<attrdef>Internal feature number.</attrdef>
				<attrdefs>ESRI</attrdefs>
				<attrdomv>
					<udom>Sequential unique whole numbers that are automatically generated.</udom>
				</attrdomv>
			</attr>
			<attr>
				<attrlabl>Shape</attrlabl>
				<attrdef>Feature geometry.</attrdef>
				<attrdefs>ESRI</attrdefs>
				<attrdomv>
					<udom>Coordinates defining the features.</udom>
				</attrdomv>
			</attr>
			<attr>
				<attrlabl>LENGTH</attrlabl>
				<attrtype Sync="TRUE">String</attrtype><attwidth Sync="TRUE">20</attwidth></attr>
			<attr>
				<attrlabl>HEIGHT</attrlabl>
				<attrdef>Bank Height</attrdef>
				<attrdomv>
					<edom>
						<edomv>0-5</edomv>
						<edomvd>height from the toe to the edge of the fastland (in feet)</edomvd>
					</edom>
					<edom>
						<edomv>5-10</edomv>
						<edomvd>height from the toe to the edge of the fastland (in feet)</edomvd>
					</edom>
					<edom>
						<edomv>10-30</edomv>
						<edomvd>height from the toe to the edge of the fastland (in feet)</edomvd>
					</edom>
					<edom>
						<edomv>&gt;30</edomv>
						<edomvd>height from the toe to the edge of the fastland (in feet)</edomvd>
					</edom>
				</attrdomv>
				<attrtype Sync="TRUE">String</attrtype><attwidth Sync="TRUE">20</attwidth></attr>
			<attr>
				<attrlabl>COVER</attrlabl>
				<attrdef>Bank Cover</attrdef>
				<attrdomv>
					<edom>
						<edomv>total</edomv>
						<edomvd>&gt;75% cover</edomvd>
					</edom>
					<edom>
						<edomv>partial</edomv>
						<edomvd>25% - 75% cover</edomvd>
					</edom>
					<edom>
						<edomv>bare</edomv>
						<edomvd>&lt; 25% cover</edomvd>
					</edom>
				</attrdomv>
				<attrtype Sync="TRUE">String</attrtype><attwidth Sync="TRUE">20</attwidth></attr>
			<attr>
				<attrlabl>EROSION</attrlabl>
				<attrdef>Bank stability</attrdef>
				<attrdomv>
					<edom>
						<edomv>Low</edomv>
						<edomvd>minimal erosion on bank face or toe</edomvd>
					</edom>
					<edom>
						<edomv>High</edomv>
						<edomvd>includes slumping, scarps, exposed roots</edomvd>
					</edom>
					<edom>
						<edomv>Undercut</edomv>
						<edomvd>erosion at base of bank</edomvd>
					</edom>
				</attrdomv>
				<attrtype Sync="TRUE">String</attrtype><attwidth Sync="TRUE">20</attwidth></attr>
			<attr>
				<attrlabl>MARSH</attrlabl>
				<attrdef>Marsh buffer and marsh stability</attrdef>
				<attrdomv>
					<edom>
						<edomv>No</edomv>
						<edomvd>no marsh vegetation along the bank toe</edomvd>
					</edom>
					<edom>
						<edomv>Yes(No_Erosion)</edomv>
						<edomvd>marsh present at bank toe with no obvious signs of erosion</edomvd>
					</edom>
					<edom>
						<edomv>Yes(Erosion)</edomv>
						<edomvd>marsh present at bank toe. Marsh edge is eroding or showing vegetation loss</edomvd>
					</edom>
				</attrdomv>
				<attrtype Sync="TRUE">String</attrtype><attwidth Sync="TRUE">20</attwidth></attr>
			<attr>
				<attrlabl>PHRAG</attrlabl>
				<attrdef>Presense of Phagmites australis</attrdef>
				<attrdomv>
					<edom>
						<edomv>No</edomv>
						<edomvd>Phragmites is not present</edomvd>
					</edom>
					<edom>
						<edomv>Yes</edomv>
						<edomvd>Phragmites is present</edomvd>
					</edom>
				</attrdomv>
				<attrtype Sync="TRUE">String</attrtype><attwidth Sync="TRUE">20</attwidth></attr>
			<attr>
				<attrlabl>BEACH</attrlabl>
				<attrdef>Beach buffer and stabitity</attrdef>
				<attrdomv>
					<edom>
						<edomv>No</edomv>
						<edomvd>no sand beach present</edomvd>
					</edom>
					<edom>
						<edomv>Yes(No_Erosion)</edomv>
						<edomvd>sand beach present and beach is accreting</edomvd>
					</edom>
					<edom>
						<edomv>Yes(Erosion)</edomv>
						<edomvd>sand beach present, however beach is eroding or non emergent at low tide</edomvd>
					</edom>
				</attrdomv>
				<attrtype Sync="TRUE">String</attrtype><attwidth Sync="TRUE">20</attwidth></attr>
			<attr>
				<attrlabl>GPS_DATE</attrlabl>
				<attrdef>Date of field survey</attrdef>
				<attrtype Sync="TRUE">Date</attrtype><attwidth Sync="TRUE">8</attwidth></attr>
			<attr><attrlabl Sync="TRUE">remote</attrlabl><attalias Sync="TRUE">remote</attalias><attrtype Sync="TRUE">String</attrtype><attwidth Sync="TRUE">4</attwidth><attrdef>remotely assessed</attrdef></attr><attr><attrlabl Sync="TRUE">county</attrlabl><attalias Sync="TRUE">county</attalias><attrtype Sync="TRUE">String</attrtype><attwidth Sync="TRUE">50</attwidth><attrdef>name of Maryland county</attrdef></attr><attr><attrlabl Sync="TRUE">SHAPE_Leng</attrlabl><attalias Sync="TRUE">SHAPE_Leng</attalias><attrtype Sync="TRUE">Number</attrtype><attwidth Sync="TRUE">19</attwidth><atnumdec Sync="TRUE">11</atnumdec></attr><attr>
				<attrlabl>FEATURE</attrlabl>
				<attrdef>Riparian land use</attrdef>
				<attrdomv>
					<edom>
						<edomv>Agriculture</edomv>
						<edomvd>includes all cropland</edomvd>
					</edom>
					<edom>
						<edomv>Bare</edomv>
						<edomvd>lots cleared to bare soil</edomvd>
					</edom>
					<edom>
						<edomv>Commercial</edomv>
						<edomvd>includes small and moderate business operations, recreational facilities</edomvd>
					</edom>
					<edom>
						<edomv>Forest</edomv>
						<edomvd>stands &gt; 18 feet/width &gt;30 feet</edomvd>
					</edom>
					<edom>
						<edomv>Grass</edomv>
						<edomvd>includes grass fields, and pasture lands</edomvd>
					</edom>
					<edom>
						<edomv>Industrial</edomv>
						<edomvd>includes large industrial and manufacturing operations</edomvd>
					</edom>
					<edom>
						<edomv>Paved</edomv>
						<edomvd>areas where roads or parking lots are adjacent to the shore</edomvd>
					</edom>
					<edom>
						<edomv>Residential</edomv>
						<edomvd>includes single and multi-family dwellings</edomvd>
					</edom>
					<edom>
						<edomv>Scrub-shrub</edomv>
						<edomvd>stands &lt; 18 feet in height</edomvd>
					</edom>
					<edom><edomv>Extensive marsh</edomv><edomvd>very large marsh compleses that canc cover acres of surface area and often mask the actual upland landuse.</edomvd></edom><edom><edomv>Military</edomv></edom><edom><edomv>Timbered</edomv><edomvd>clear-cuts</edomvd></edom></attrdomv>
				<attrtype Sync="TRUE">Number</attrtype><attwidth Sync="TRUE">18</attwidth><atnumdec Sync="TRUE">5</atnumdec></attr>
		</detailed>
	</eainfo>
	<distinfo>
		<distrib>
			<cntinfo>
				<cntorgp>
					<cntorg>Virginia Institute of Marine Science (VIMS)</cntorg>
				</cntorgp>
				<cntpos>Director Comprehensive Coastal Inventory Program</cntpos>
				<cntaddr>
					<addrtype>mailing address</addrtype>
					<address>P.O. Box 1346</address>
					<city>Gloucester Point</city>
					<state>Virginia</state>
					<postal>23062</postal>
					<country>USA</country>
				</cntaddr>
				<cntvoice>(804) 684-7188</cntvoice>
				<cntemail>marcia@vims.edu</cntemail>
				<cntinst>Contact via email</cntinst>
			</cntinfo>
		</distrib>
		<distliab>
The Comprehensive Coastal Inventory Program (CCI) at VIMS performs a service by distributing data generated by either CCI or public agencies which offer data without restriction or charge. CCI assumes no responsibility for data accuracy or precision, metadata completeness or correctness for digital information. CCI assumes no liability for misuse of any data which may arise as a result of any alteration, conversion, or combination with other data sources. As well, the timeliness and scale of these products must be considered when evaluating appropriate use.
</distliab>
		<resdesc Sync="TRUE">Downloadable Data</resdesc><stdorder><digform><digtinfo><transize Sync="TRUE">20.871</transize><dssize Sync="TRUE">20.871</dssize></digtinfo></digform></stdorder></distinfo>
	<metainfo>
		<metc>
			<cntinfo>
				<cntorgp>
					<cntorg>Virginia Institute of Marine Science (VIMS)</cntorg>
					<cntper>Tamia Rudnicky</cntper>
				</cntorgp>
				<cntpos>GIS Programmer/Analyst</cntpos>
				<cntaddr>
					<addrtype>mailing address</addrtype>
					<address>P.O. Box 1346</address>
					<city>Gloucester Point</city>
					<state>Virginia</state>
					<postal>23062</postal>
					<country>USA</country>
				</cntaddr>
				<cntvoice>(804) 684-7181</cntvoice>
				<cntfax>(804) 684-7179</cntfax>
				<cntemail>tamia@vims.edu</cntemail>
			</cntinfo>
		</metc>
		<langmeta Sync="TRUE">en</langmeta><metstdn Sync="TRUE">FGDC Content Standards for Digital Geospatial Metadata</metstdn><metstdv Sync="TRUE">FGDC-STD-001-1998</metstdv><mettc Sync="TRUE">local time</mettc><metd Sync="TRUE">20070327</metd><metextns><onlink Sync="TRUE">http://www.esri.com/metadata/esriprof80.html</onlink><metprof Sync="TRUE">ESRI Metadata Profile</metprof></metextns></metainfo>
	<Esri><MetaID>{28378585-8E8F-4F91-A447-FD9C01E1731E}</MetaID><CreaDate>20060727</CreaDate><CreaTime>14181500</CreaTime><SyncOnce>FALSE</SyncOnce><SyncDate>20070327</SyncDate><SyncTime>10333900</SyncTime><ModDate>20070327</ModDate><ModTime>10333900</ModTime></Esri><dataIdInfo><envirDesc Sync="TRUE">Microsoft Windows XP Version 5.1 (Build 2600) Service Pack 2; ESRI ArcCatalog 9.2.0.1324</envirDesc><dataLang><languageCode Sync="TRUE" value="en"></languageCode></dataLang><idCitation><resTitle Sync="TRUE">md_lubc</resTitle><presForm><PresFormCd Sync="TRUE" value="005"></PresFormCd></presForm></idCitation><spatRpType><SpatRepTypCd Sync="TRUE" value="001"></SpatRepTypCd></spatRpType><dataExt><geoEle><GeoBndBox esriExtentType="native"><westBL Sync="TRUE">301633.729065</westBL><eastBL Sync="TRUE">495194.03125</eastBL><northBL Sync="TRUE">4397588.500046</northBL><southBL Sync="TRUE">4196427.579143</southBL><exTypeCode Sync="TRUE">1</exTypeCode></GeoBndBox></geoEle></dataExt><geoBox esriExtentType="decdegrees"><westBL Sync="TRUE">-77.313847</westBL><eastBL Sync="TRUE">-75.054677</eastBL><northBL Sync="TRUE">39.728166</northBL><southBL Sync="TRUE">37.893766</southBL><exTypeCode Sync="TRUE">1</exTypeCode></geoBox></dataIdInfo><mdLang><languageCode Sync="TRUE" value="en"></languageCode></mdLang><mdStanName Sync="TRUE">ISO 19115 Geographic Information - Metadata</mdStanName><mdStanVer Sync="TRUE">DIS_ESRI1.0</mdStanVer><mdChar><CharSetCd Sync="TRUE" value="004"></CharSetCd></mdChar><mdHrLv><ScopeCd Sync="TRUE" value="005"></ScopeCd></mdHrLv><mdHrLvName Sync="TRUE">dataset</mdHrLvName><distInfo><distributor><distorTran><onLineSrc><orDesc Sync="TRUE">002</orDesc><linkage Sync="TRUE">file://\\139.70.26.250\ccrm\cci\shlinv\md_inv\md_all_inv\md_all_shape\md_lubc.shp</linkage><protocol Sync="TRUE">Local Area Network</protocol></onLineSrc><transSize Sync="TRUE">20.871</transSize></distorTran><distorFormat><formatName Sync="TRUE">Shapefile</formatName></distorFormat></distributor></distInfo><spdoinfo><direct Sync="TRUE">Vector</direct><ptvctinf><esriterm Name="md_lubc"><efeatyp Sync="TRUE">Simple</efeatyp><efeageom Sync="TRUE">Polyline</efeageom><esritopo Sync="TRUE">FALSE</esritopo><efeacnt Sync="TRUE">49984</efeacnt><spindex Sync="TRUE">TRUE</spindex><linrefer Sync="TRUE">FALSE</linrefer></esriterm><sdtsterm Name="md_lubc"><sdtstype Sync="TRUE">String</sdtstype><ptvctcnt Sync="TRUE">49984</ptvctcnt></sdtsterm></ptvctinf></spdoinfo><spref><horizsys><cordsysn><geogcsn Sync="TRUE">GCS_North_American_1983</geogcsn><projcsn Sync="TRUE">NAD_1983_UTM_Zone_18N</projcsn></cordsysn><planar><planci><plance Sync="TRUE">coordinate pair</plance><plandu Sync="TRUE">meters</plandu><coordrep><absres Sync="TRUE">0.000000</absres><ordres Sync="TRUE">0.000000</ordres></coordrep></planci><gridsys><gridsysn Sync="TRUE">Universal Transverse Mercator</gridsysn><utm><utmzone Sync="TRUE">18</utmzone><transmer><sfctrmer Sync="TRUE">0.999600</sfctrmer><longcm Sync="TRUE">-75.000000</longcm><latprjo Sync="TRUE">0.000000</latprjo><feast Sync="TRUE">500000.000000</feast><fnorth Sync="TRUE">0.000000</fnorth></transmer></utm></gridsys></planar><geodetic><horizdn Sync="TRUE">North American Datum of 1983</horizdn><ellips Sync="TRUE">Geodetic Reference System 80</ellips><semiaxis Sync="TRUE">6378137.000000</semiaxis><denflat Sync="TRUE">298.257222</denflat></geodetic></horizsys></spref><refSysInfo><RefSystem><refSysID><identCode Sync="TRUE">NAD_1983_UTM_Zone_18N</identCode></refSysID></RefSystem></refSysInfo><spatRepInfo><VectSpatRep><topLvl><TopoLevCd Sync="TRUE" value="001"></TopoLevCd></topLvl><geometObjs Name="md_lubc"><geoObjTyp><GeoObjTypCd Sync="TRUE" value="001"></GeoObjTypCd></geoObjTyp><geoObjCnt Sync="TRUE">49984</geoObjCnt></geometObjs></VectSpatRep></spatRepInfo><mdDateSt Sync="TRUE">20070327</mdDateSt></metadata>
