<?xml version="1.0" encoding="ISO-8859-1"?>
<metadata>
	<idinfo>
		<citation>
			<citeinfo>
				<origin>
Comprehensive Coastal Inventory, Virginia Institute of
Marine Science
</origin>
				<pubdate>2002</pubdate>
				<title Sync="TRUE">NORF_LUBC</title>
				<geoform Sync="TRUE">vector digital data</geoform>
				<serinfo>
					<sername>
Special Report in Applied Marine Science and Ocean
Engineering No 378 of the Virginia Institute of Marine Science
</sername>
					<issue>SRAMSOE No 378</issue>
				</serinfo>
				<pubinfo>
					<pubplace>Gloucester Point, Virginia</pubplace>
					<publish>Virginia Institute of Marine Science</publish>
				</pubinfo>
				<onlink>&lt;URL:http://www.vims.edu/ccrm/gis/gisdata.html&gt;</onlink>
				<ftname Sync="TRUE">NORF_LUBC</ftname></citeinfo>
		</citation>
		<descript>
			<abstract>
Shoreline Situation Reports (SSR) were first generated by VIMS
in the 1970s to report the condition and status of the shore lands.
The SSR series were published in hardcopy on a county by county basis
for each of the Tidewater Virginia localities. The reports were
intended to assist planners, managers, and regulators in decisions
pertaining to management of coastal areas and natural resources
therein. This report continues the process which updates
and expands earlier reports. Data collected describes conditions
in the immediate riparian zone, the bank, and along the shore.
</abstract>
			<purpose>To inventory Virginia's tidal shoreline conditions.</purpose>
			<supplinf>
There are three coverages that are included in this metadata file;
norf_lubc, norf_astru, norf_sstru. Norf_lubc (land use and bank cover
for the City of Norfolk) is an arc coverage containing data about
land use, bank height, bank cover, erosion, marsh, and beach status
along the shoreline. Norf_sstru (City of Norfolk shoreline
structures) is an arc coverage delineating hard structures in place
for shoreline protection (bulkhead, riprap, groin fields).
Norf_astru (City of Norfolk access structures) coverage is a
point coverage with locations of docks, ramps, and boathouses. The
attributes of these three coverages are explained in the Entity
and Attribute Information section below.
</supplinf>
			<langdata Sync="TRUE">en</langdata></descript>
		<timeperd>
			<timeinfo>
				<sngdate>
					<caldate>2002</caldate>
				</sngdate>
			</timeinfo>
			<current>ground condition at time of survey</current>
		</timeperd>
		<status>
			<progress>Complete</progress>
			<update>Unknown</update>
		</status>
		<spdom>
			<bounding>
				<westbc Sync="TRUE">-76.334196</westbc>
				<eastbc Sync="TRUE">-76.177040</eastbc>
				<northbc Sync="TRUE">36.970898</northbc>
				<southbc Sync="TRUE">36.821813</southbc>
			</bounding>
			<lboundng><leftbc Sync="TRUE">381237.718750</leftbc><rightbc Sync="TRUE">395027.875000</rightbc><bottombc Sync="TRUE">4075933.000000</bottombc><topbc Sync="TRUE">4092293.750000</topbc></lboundng></spdom>
		<keywords>
			<theme>
				<themekt>none</themekt>
				<themekey>Shoreline condition</themekey>
				<themekey>Shoreline structures</themekey>
			</theme>
			<place>
				<placekt>none</placekt>
				<placekey>Virginia</placekey>
				<placekey>Chesapeake Bay</placekey>
				<placekey>Elizabeth River</placekey>
				<placekey>City of Norfolk</placekey>
				<placekey>Lafayette River</placekey>
			</place>
		</keywords>
		<accconst>none</accconst>
		<useconst>
These data should not be used for jurisdictional permit determinations
beyond providing general shoreline condition or status information.
These data have not been surveyed to property boundaries.
</useconst>
		<ptcontac>
			<cntinfo>
				<cntperp>
					<cntper>Marcia Berman</cntper>
					<cntorg>Virgina Institute of Marine Science (VIMS)</cntorg>
				</cntperp>
				<cntpos>Director Comprehensive Coastal Inventory Program</cntpos>
				<cntaddr>
					<addrtype>mailing address</addrtype>
					<address>P.O. Box 1346</address>
					<city>Gloucester Point</city>
					<state>Virginia</state>
					<postal>23062</postal>
					<country>USA</country>
				</cntaddr>
				<cntvoice>(804) 684-7188</cntvoice>
				<cntfax>(804) 684-7179</cntfax>
				<cntemail>marcia@vims.edu</cntemail>
			</cntinfo>
		</ptcontac>
		<datacred>
Collection of the data would not have been possible without
the cooperation of VIMS Vessel Center. The following CCI
staff participated in the data collection: Marcia Berman, Harry
Berquist, Sharon Killeen, Tami Rudnicky, Dan Schatt, and Helen Woods.
</datacred>
		<native Sync="TRUE">Microsoft Windows Vista Version 6.1 (Build 7601) Service Pack 1; ESRI ArcCatalog 9.3.1.3000</native>
		<natvform Sync="TRUE">Shapefile</natvform></idinfo>
	<dataqual>
		<attracc>
			<attraccr>
The attributes were field verified. Errors were corrected where noted.
</attraccr>
		</attracc>
		<logic>
Chain-node topology present. Linear coverages were built for line and
point coverages were built for points.
</logic>
		<complete>
All tidal shoreline within the City of Norfolk was coded.
</complete>
		<posacc>
			<horizpa>
				<horizpar>
Data positional accuracy is equivalent to image resolution. Digital
orthophotography (1 foot resolution) was used to develop the initial
shoreline data.
</horizpar>
			</horizpa>
		</posacc>
		<lineage>
			<srcinfo>
				<srccite>
					<citeinfo>
						<origin>City of Norfolk</origin>
						<pubdate>1999</pubdate>
						<title>Digital Orthophoto Quadrangles</title>
						<geoform>remote-sensing image</geoform>
						<pubinfo>
							<pubplace>Norfolk, VA</pubplace>
							<publish>City of Norfolk</publish>
						</pubinfo>
					</citeinfo>
				</srccite>
				<typesrc>color aerial photography</typesrc>
				<srctime>
					<timeinfo>
						<sngdate>
							<caldate>1996</caldate>
						</sngdate>
					</timeinfo>
					<srccurr>ground condition</srccurr>
				</srctime>
				<srccitea>NFK1</srccitea>
				<srccontr>
Used to identify land use and shoreline structures.
</srccontr>
			</srcinfo>
			<srcinfo>
				<srccite>
					<citeinfo>
						<origin>City of Norfolk</origin>
						<pubdate>1999</pubdate>
						<title>Hydrology coverage</title>
						<geoform>vector digital data</geoform>
						<pubinfo>
							<pubplace>Norfolk, VA</pubplace>
							<publish>City of Norfolk</publish>
						</pubinfo>
					</citeinfo>
				</srccite>
				<typesrc>digital orthophotographs</typesrc>
				<srctime>
					<timeinfo>
						<sngdate>
							<caldate>1999</caldate>
						</sngdate>
					</timeinfo>
					<srccurr>ground condition</srccurr>
				</srctime>
				<srccitea>NFK2</srccitea>
				<srccontr>
Provided the base shoreline.
</srccontr>
			</srcinfo>
			<srcinfo>
				<srccite>
					<citeinfo>
						<origin>City of Norfolk</origin>
						<pubdate>1999</pubdate>
						<title>Topology coverage</title>
						<geoform>vector digital data</geoform>
						<pubinfo>
							<pubplace>Norfolk, VA</pubplace>
							<publish>City of Norfolk</publish>
						</pubinfo>
					</citeinfo>
				</srccite>
				<typesrc>CD-ROM</typesrc>
				<srctime>
					<timeinfo>
						<sngdate>
							<caldate>1999</caldate>
						</sngdate>
					</timeinfo>
					<srccurr>date of publication</srccurr>
				</srctime>
				<srccitea>NFK3</srccitea>
				<srccontr>
Provided contour lines used for determining bank height.
</srccontr>
			</srcinfo>
			<srcinfo>
				<srccite>
					<citeinfo>
						<origin>U.S. Geological Survey</origin>
						<pubdate>1994</pubdate>
						<title>Digital Orthophoto Quadrangles</title>
						<geoform>remote-sensing image</geoform>
						<pubinfo>
							<pubplace>Reston, VA</pubplace>
							<publish>U.S. Geological Survey</publish>
						</pubinfo>
					</citeinfo>
				</srccite>
				<typesrc>color infra-red digital imagery</typesrc>
				<srctime>
					<timeinfo>
						<rngdates>
							<begdate>19940312</begdate>
							<enddate>19940402</enddate>
						</rngdates>
					</timeinfo>
					<srccurr>ground condition</srccurr>
				</srctime>
				<srccitea>DOQQ</srccitea>
				<srccontr>
Serves as a background image in the map portfolios. Used as a
background while verifying data accuracy in the field.
</srccontr>
			</srcinfo>
			<procstep>
				<procdesc>
Digital orthophotography (1 foot resolution), topography, and
hydrography (NFK1, NFK2, NFK3) covering Norfolk was obtained
from the City of Norfolk.
</procdesc>
				<procdate>200006</procdate>
			</procstep>
			<procstep>
				<procdesc>
The hydrography coverage was editted using UNIX ArcInfo to extract
the shoreline. Shoreline arcs where corrected to match the land-water
interface illustrated on the orthophotos.
</procdesc>
				<procdate>200009</procdate>
			</procstep>
			<procstep>
				<procdesc>
Land use, presence of marsh or beach, docks, boathouses, ramps,
bulkheads, rip rap, groins, jettys, and breakwaters were identified
on the orthophotos. The shoreline arcs were coded to coincide with
the features on the orthophotos. Bank height was determined by
overlaying the topography coverage on the orthophotos.
</procdesc>
				<procdate>200010</procdate>
			</procstep>
			<procstep>
				<procdesc>
Coverages were projected from State Plane feet to UTM meters, and
then converted into shapefiles.
</procdesc>
				<procdate>2001</procdate>
			</procstep>
			<procstep>
				<procdesc>
The remotely surveyed data were field checked using ArcPad loaded
onto two Compaq iPAQ pocket pcs. Shape files converted from the
process step above were loaded onto the Compaq iPAQ pocket field
computers. A two-person field crew navigated a jon boat along the
shoreline and compared the data on the pocket pcs with what was
present on shore. Corrections and/or additions where added as
needed. The boat operator checked hardened structures (riprap,
bulkheads, docks, boatramps, etc.). The second person examined
the natural features including land use, bank height, bank
cover, presence of marsh or beach, and shoreline stability.
</procdesc>
				<procdate>2002</procdate>
			</procstep>
			<procstep>
				<procdesc>
Linear data added in the field was incorporated into the final
coverages using ERDAS Imagine software.
</procdesc>
				<procdate>2002</procdate>
			</procstep>
			<procstep>
				<procdesc>
Fifteen 1:12,000 scale plates were developed to cover the shoreline
of the City of Norfolk.  Maps were created in ArcGIS and saved as
.pdf files for serving on the internet. Each plate shows three maps:
riparian land use, bank and buffer conditions, and shoreline
features. DOQQ imagery is displayed in the background to provide
users with additional information.
</procdesc>
				<procdate>2002</procdate>
			</procstep>
			<procstep><procdesc Sync="TRUE">Metadata imported.</procdesc><srcused Sync="TRUE">C:\Users\tamia\AppData\Local\Temp\xmlAD65.tmp</srcused><procdate Sync="TRUE">20120118</procdate><proctime Sync="TRUE">15565200</proctime></procstep></lineage>
	</dataqual>
	<spdoinfo>
		<direct Sync="TRUE">Vector</direct>
		<ptvctinf>
			<sdtsterm Name="NORF_LUBC">
				<sdtstype Sync="TRUE">String</sdtstype>
				<ptvctcnt Sync="TRUE">2489</ptvctcnt>
			</sdtsterm>
			<sdtsterm>
				<sdtstype>String</sdtstype>
				<ptvctcnt>1360</ptvctcnt>
			</sdtsterm>
			<sdtsterm>
				<sdtstype>Point</sdtstype>
				<ptvctcnt>1190</ptvctcnt>
			</sdtsterm>
			<esriterm Name="NORF_LUBC"><efeatyp Sync="TRUE">Simple</efeatyp><efeageom Sync="TRUE">Polyline</efeageom><esritopo Sync="TRUE">FALSE</esritopo><efeacnt Sync="TRUE">2489</efeacnt><spindex Sync="TRUE">TRUE</spindex><linrefer Sync="TRUE">FALSE</linrefer></esriterm></ptvctinf>
	</spdoinfo>
	<spref>
		<horizsys>
			<planar>
				<planci>
					<plance Sync="TRUE">coordinate pair</plance>
					<coordrep>
						<absres Sync="TRUE">0.000000</absres>
						<ordres Sync="TRUE">0.000000</ordres>
					</coordrep>
					<plandu Sync="TRUE">meters</plandu>
				</planci>
				<gridsys><gridsysn Sync="TRUE">Universal Transverse Mercator</gridsysn><utm><utmzone Sync="TRUE">18</utmzone><transmer><sfctrmer Sync="TRUE">0.999600</sfctrmer><longcm Sync="TRUE">-75.000000</longcm><latprjo Sync="TRUE">0.000000</latprjo><feast Sync="TRUE">500000.000000</feast><fnorth Sync="TRUE">0.000000</fnorth></transmer></utm></gridsys></planar>
			<geodetic>
				<horizdn Sync="TRUE">North American Datum of 1983</horizdn>
				<ellips Sync="TRUE">Geodetic Reference System 80</ellips>
				<semiaxis Sync="TRUE">6378137.000000</semiaxis>
				<denflat Sync="TRUE">298.257222</denflat>
			</geodetic>
			<cordsysn><geogcsn Sync="TRUE">GCS_North_American_1983</geogcsn><projcsn Sync="TRUE">NAD_1983_UTM_Zone_18N</projcsn></cordsysn></horizsys>
	</spref>
	<eainfo>
		<overview>
			<eaover>
Below is a list of attributes found in the three coverages
(_lubc, _sstru, and _astru). The first seven items found in the .aat
files and the first four items in the .pat file are ArcInfo generated.
FEATUREC is land use along the riparian zone and contains the following
values: forested, scrub-shrub, grass, bare, paved, commercial,
industrial, single family dwelling,  multi-family dwelling, military,
and educational/school. HEIGHTC is bank height containing the
categories 0 - 5 feet, 5 - 10 feet, 10 - 30 feet, and greater
than 30 feet. COVERC is bank cover which is bare, partial, or total.
EROSC is bank erosion condition with values of low, high, or undercut.
MARSHC defines the absence of a marsh (no), marsh present but eroding
(yes-eroding), or marsh present with low erosion (yes-not eroding).
BEACHC defines the absence of a beach (no), beach present but eroding
(yes-eroding), or beach present and stable (yes-not eroding).
NORF_SSTRU is an arc coverage containing data about hardened shoreline
structures. The item LSTRUCTURE contains the types of shoreline
structures found in the City of Norfolk: bulkhead, dilapidated
bulkhead, riprap, jetty, breakwater, groinfields, miscellaneous
(bricks, timbers, concrete blocks, tires, etc.), military wharf,
seawall, shipyard, wharf, and marina. NORF_ASTRU is a point coverage.
The item STRUCTURE contains the types of access structures or points
of interest found within the city: docks/piers, dilapidated docks,
boathouses, public and private ramps, and other points of interest.

&gt;
&gt;NORF_LUBC.AAT:
&gt;
&gt;COLUMN   ITEM NAME        WIDTH OUTPUT  TYPE N.DEC  ALTERNATE NAME
&gt;    1  FNODE#                 4     5     B      -
&gt;    5  TNODE#                 4     5     B      -
&gt;    9  LPOLY#                 4     5     B      -
&gt;   13  RPOLY#                 4     5     B      -
&gt;   17  LENGTH                 4    12     F      3
&gt;   21  NORF_LUBC#             4     5     B      -
&gt;   25  NORF_LUBC-ID           4     5     B      -
&gt;   29  FEATUREC              25    25     C      -
&gt;   54  HEIGHTC                6     6     C      -
&gt;   60  COVERC                 8     8     C      -
&gt;   68  EROSC                  4     4     C      -
&gt;   72  MARSHC                16    16     C      -
&gt;   88  BEACHC                16    16     C      -
&gt;
&gt;
&gt;NORF_SSTRU.AAT:
&gt;
&gt;COLUMN   ITEM NAME        WIDTH OUTPUT  TYPE N.DEC  ALTERNATE NAME
&gt;    1  FNODE#                 4     5     B      -
&gt;    5  TNODE#                 4     5     B      -
&gt;    9  LPOLY#                 4     5     B      -
&gt;   13  RPOLY#                 4     5     B      -
&gt;   17  LENGTH                 4    12     F      3
&gt;   21  NORF_SSTRU#            4     5     B      -
&gt;   25  NORF_SSTRU-ID          4     5     B      -
&gt;   29  LSTRUCTURE            30    30     C      -
&gt;
&gt;
&gt;NORF_ASTRU.PAT:
&gt;
&gt;COLUMN   ITEM NAME        WIDTH OUTPUT  TYPE N.DEC  ALTERNATE NAME
&gt;    1  AREA                   4    12     F      3
&gt;    5  PERIMETER              4    12     F      3
&gt;    9  NORF_ASTRU#            4     5     B      -
&gt;   13  NORF_ASTRU-ID          4     5     B      -
&gt;   17  STRUCTURE             30    30     C      -
&gt;
</eaover>
			<eadetcit>none</eadetcit>
		</overview>
		<detailed Name="NORF_LUBC"><enttyp><enttypl Sync="TRUE">NORF_LUBC</enttypl><enttypt Sync="TRUE">Feature Class</enttypt><enttypc Sync="TRUE">2489</enttypc></enttyp><attr><attrlabl Sync="TRUE">FID</attrlabl><attalias Sync="TRUE">FID</attalias><attrtype Sync="TRUE">OID</attrtype><attwidth Sync="TRUE">4</attwidth><atprecis Sync="TRUE">0</atprecis><attscale Sync="TRUE">0</attscale><attrdef Sync="TRUE">Internal feature number.</attrdef><attrdefs Sync="TRUE">ESRI</attrdefs><attrdomv><udom Sync="TRUE">Sequential unique whole numbers that are automatically generated.</udom></attrdomv></attr><attr><attrlabl Sync="TRUE">Shape</attrlabl><attalias Sync="TRUE">Shape</attalias><attrtype Sync="TRUE">Geometry</attrtype><attwidth Sync="TRUE">0</attwidth><atprecis Sync="TRUE">0</atprecis><attscale Sync="TRUE">0</attscale><attrdef Sync="TRUE">Feature geometry.</attrdef><attrdefs Sync="TRUE">ESRI</attrdefs><attrdomv><udom Sync="TRUE">Coordinates defining the features.</udom></attrdomv></attr><attr><attrlabl Sync="TRUE">FNODE_</attrlabl><attalias Sync="TRUE">FNODE_</attalias><attrtype Sync="TRUE">Number</attrtype><attwidth Sync="TRUE">11</attwidth></attr><attr><attrlabl Sync="TRUE">TNODE_</attrlabl><attalias Sync="TRUE">TNODE_</attalias><attrtype Sync="TRUE">Number</attrtype><attwidth Sync="TRUE">11</attwidth></attr><attr><attrlabl Sync="TRUE">LPOLY_</attrlabl><attalias Sync="TRUE">LPOLY_</attalias><attrtype Sync="TRUE">Number</attrtype><attwidth Sync="TRUE">11</attwidth></attr><attr><attrlabl Sync="TRUE">RPOLY_</attrlabl><attalias Sync="TRUE">RPOLY_</attalias><attrtype Sync="TRUE">Number</attrtype><attwidth Sync="TRUE">11</attwidth></attr><attr><attrlabl Sync="TRUE">LENGTH</attrlabl><attalias Sync="TRUE">LENGTH</attalias><attrtype Sync="TRUE">Number</attrtype><attwidth Sync="TRUE">12</attwidth><atnumdec Sync="TRUE">3</atnumdec></attr><attr><attrlabl Sync="TRUE">NORF_LUBC_</attrlabl><attalias Sync="TRUE">NORF_LUBC_</attalias><attrtype Sync="TRUE">Number</attrtype><attwidth Sync="TRUE">11</attwidth></attr><attr><attrlabl Sync="TRUE">NORF_LUBC1</attrlabl><attalias Sync="TRUE">NORF_LUBC1</attalias><attrtype Sync="TRUE">Number</attrtype><attwidth Sync="TRUE">11</attwidth></attr><attr><attrlabl Sync="TRUE">FEATUREC</attrlabl><attalias Sync="TRUE">FEATUREC</attalias><attrtype Sync="TRUE">String</attrtype><attwidth Sync="TRUE">25</attwidth></attr><attr><attrlabl Sync="TRUE">HEIGHTC</attrlabl><attalias Sync="TRUE">HEIGHTC</attalias><attrtype Sync="TRUE">String</attrtype><attwidth Sync="TRUE">6</attwidth></attr><attr><attrlabl Sync="TRUE">COVERC</attrlabl><attalias Sync="TRUE">COVERC</attalias><attrtype Sync="TRUE">String</attrtype><attwidth Sync="TRUE">8</attwidth></attr><attr><attrlabl Sync="TRUE">EROSC</attrlabl><attalias Sync="TRUE">EROSC</attalias><attrtype Sync="TRUE">String</attrtype><attwidth Sync="TRUE">4</attwidth></attr><attr><attrlabl Sync="TRUE">MARSHC</attrlabl><attalias Sync="TRUE">MARSHC</attalias><attrtype Sync="TRUE">String</attrtype><attwidth Sync="TRUE">16</attwidth></attr><attr><attrlabl Sync="TRUE">BEACHC</attrlabl><attalias Sync="TRUE">BEACHC</attalias><attrtype Sync="TRUE">String</attrtype><attwidth Sync="TRUE">16</attwidth></attr></detailed></eainfo>
	<distinfo>
		<distrib>
			<cntinfo>
				<cntorgp>
					<cntorg>Virgina Institute of Marine Science (VIMS)</cntorg>
				</cntorgp>
				<cntpos>Director Comprehensive Coastal Inventory Program</cntpos>
				<cntaddr>
					<addrtype>mailing address</addrtype>
					<address>P.O. Box 1346</address>
					<city>Gloucester Point</city>
					<state>Virginia</state>
					<postal>23062</postal>
					<country>USA</country>
				</cntaddr>
				<cntvoice>(804) 684-7188</cntvoice>
				<cntemail>marcia@vims.edu</cntemail>
				<cntinst>Contact via email</cntinst>
			</cntinfo>
		</distrib>
		<distliab>
The Comprehensive Coastal Inventory Program (CCI) at VIMS performs
a service by distributing data generated by either CCI or public
agencies which offer data without restriction or charge. CCI
assumes no responsibility for data accuracy or precision, metadata
completeness or correctness for digital information. CCI assumes no
liability for misuse of any data which may arise as a result of any
alteration, conversion, or combination with other data sources. As
well, the timeliness and scale of these products must be considered
when evaluating appropriate use.
</distliab>
		<resdesc Sync="TRUE">Downloadable Data</resdesc><stdorder><digform><digtinfo><transize Sync="TRUE">1.314</transize><dssize Sync="TRUE">1.314</dssize></digtinfo></digform></stdorder></distinfo>
	<metainfo>
		<metd Sync="TRUE">20120118</metd>
		<metc>
			<cntinfo>
				<cntorgp>
					<cntorg>Virginia Institute of Marine Science (VIMS)</cntorg>
					<cntper>Tamia Rudnicky</cntper>
				</cntorgp>
				<cntpos>GIS Programmer</cntpos>
				<cntaddr>
					<addrtype>mailing address</addrtype>
					<address>P.O. Box 1346</address>
					<city>Gloucester Point</city>
					<state>Virginia</state>
					<postal>23062</postal>
					<country>USA</country>
				</cntaddr>
				<cntvoice>(804) 684-7181</cntvoice>
				<cntfax>(804) 684-7179</cntfax>
				<cntemail>tamia@vims.edu</cntemail>
			</cntinfo>
		</metc>
		<metstdn Sync="TRUE">FGDC Content Standards for Digital Geospatial Metadata</metstdn>
		<metstdv Sync="TRUE">FGDC-STD-001-1998</metstdv>
		<metac>none</metac>
		<metuc>none</metuc>
		<langmeta Sync="TRUE">en</langmeta><mettc Sync="TRUE">local time</mettc><metextns><onlink Sync="TRUE">http://www.esri.com/metadata/esriprof80.html</onlink><metprof Sync="TRUE">ESRI Metadata Profile</metprof></metextns></metainfo>
	<Esri><MetaID>{631D0041-7DEC-4A22-9416-B299B78B1FE9}</MetaID><CreaDate>20120118</CreaDate><CreaTime>15565200</CreaTime><SyncOnce>FALSE</SyncOnce><SyncDate>20120118</SyncDate><SyncTime>15565300</SyncTime><ModDate>20120118</ModDate><ModTime>15565300</ModTime></Esri><dataIdInfo><envirDesc Sync="TRUE">Microsoft Windows Vista Version 6.1 (Build 7601) Service Pack 1; ESRI ArcCatalog 9.3.1.3000</envirDesc><dataLang><languageCode Sync="TRUE" value="en"></languageCode></dataLang><idCitation><resTitle Sync="TRUE">NORF_LUBC</resTitle><presForm><PresFormCd Sync="TRUE" value="005"></PresFormCd></presForm></idCitation><spatRpType><SpatRepTypCd Sync="TRUE" value="001"></SpatRepTypCd></spatRpType><dataExt><geoEle><GeoBndBox esriExtentType="native"><westBL Sync="TRUE">381237.71875</westBL><eastBL Sync="TRUE">395027.875</eastBL><northBL Sync="TRUE">4092293.75</northBL><southBL Sync="TRUE">4075933</southBL><exTypeCode Sync="TRUE">1</exTypeCode></GeoBndBox></geoEle></dataExt><geoBox esriExtentType="decdegrees"><westBL Sync="TRUE">-76.334196</westBL><eastBL Sync="TRUE">-76.17704</eastBL><northBL Sync="TRUE">36.970898</northBL><southBL Sync="TRUE">36.821813</southBL><exTypeCode Sync="TRUE">1</exTypeCode></geoBox></dataIdInfo><mdLang><languageCode Sync="TRUE" value="en"></languageCode></mdLang><mdStanName Sync="TRUE">ISO 19115 Geographic Information - Metadata</mdStanName><mdStanVer Sync="TRUE">DIS_ESRI1.0</mdStanVer><mdChar><CharSetCd Sync="TRUE" value="004"></CharSetCd></mdChar><mdHrLv><ScopeCd Sync="TRUE" value="005"></ScopeCd></mdHrLv><mdHrLvName Sync="TRUE">dataset</mdHrLvName><distInfo><distributor><distorTran><onLineSrc><orDesc Sync="TRUE">002</orDesc><linkage Sync="TRUE">file://\\139.70.26.249\ccrm\cci\shlinv\va_inv\va_counties\norfolk\norfolk_shapefiles\NORF_LUBC.shp</linkage><protocol Sync="TRUE">Local Area Network</protocol></onLineSrc><transSize Sync="TRUE">1.314</transSize></distorTran><distorFormat><formatName Sync="TRUE">Shapefile</formatName></distorFormat></distributor></distInfo><refSysInfo><RefSystem><refSysID><identCode Sync="TRUE">NAD_1983_UTM_Zone_18N</identCode></refSysID></RefSystem></refSysInfo><spatRepInfo><VectSpatRep><topLvl><TopoLevCd Sync="TRUE" value="001"></TopoLevCd></topLvl><geometObjs Name="NORF_LUBC"><geoObjTyp><GeoObjTypCd Sync="TRUE" value="001"></GeoObjTypCd></geoObjTyp><geoObjCnt Sync="TRUE">2489</geoObjCnt></geometObjs></VectSpatRep></spatRepInfo><mdDateSt Sync="TRUE">20120118</mdDateSt></metadata>
