<metadata xml:lang="en"><idinfo><native>Microsoft Windows XP Version 5.1 (Build 2600) Service Pack 2; ESRI ArcCatalog 9.2.2.1350</native><descript><abstract>Cbseg2003_st uses state and district boundary data to subdivide the Chesapeake Bay Program monitoring segments that encompass multiple jurisdictions into separate polygons and to assign a state code to all segments and subdivided segments .

The 2003 Chesapeake Bay Program Segmentation Scheme (cbseg2003) was a revision of the 2000 version that incorporates four changes: the addition of a new segment (ANATF) that separates the Anacostia River from the rest of the Potomac Tidal Fresh (POTTF) segment, the merger of two Elizabeth River segments (ELIMH and ELIPH into ELIPH) and the small segment boundary location changes between Mattaponi River segments MPNTF and MPNOH and between Choptank River segments CHOTF and CHOOH.</abstract><purpose>The Chesapeake Bay Program Segmentation Scheme is used as a way to organize the collection, analysis and presentation of environmental data within the Chesapeake Bay and its tidal tributaries.

Originally, the impetus to divide certain Chesapeake Bay Program segments came from the desire of Maryland, Virginia and the District of Columbia to be able to meet SAV restoration and water clarity goals for the Potomac River.  Bay Program segments were allocated goals, but the jurisdictions wanted to know what portions of those segments were their responsibility.  To allocate the area of Bay Program segments shared by two or more jurisdictions to the appropriate jurisdiction it became necessary to get state and District boundary data to be able to subdivide those segments.  However, there were no legally recognized boundary data for the Potomac River or even one common dataset that all of the jurisdictions were using.  An attempt was made to create a jurisdictional boundary file for the tidal Potomac River that Maryland, Virginia and the District of Columbia could agree upon.  </purpose></descript><citation><citeinfo><origin>Chesapeake Bay Program</origin><pubdate>20050902</pubdate><title>CBSEG_92</title><geoform>vector digital data</geoform><onlink>ftp://ftp.chesapeakebay.net/pub/Geographic/ChesapeakeBay/MonitoringSegments/cbseg2003_st</onlink></citeinfo></citation><timeperd><current>publication date</current><timeinfo><sngdate><caldate>20050902</caldate></sngdate></timeinfo></timeperd><status><progress>Complete</progress><update>None planned</update></status><spdom><bounding><westbc>-77.516902</westbc><eastbc>-75.383457</eastbc><northbc>39.613910</northbc><southbc>36.696728</southbc></bounding></spdom><keywords><theme><themekey>segmentation scheme</themekey><themekey>monitoring segments</themekey></theme><place><placekey>MD</placekey><placekey>DC</placekey><placekey>VA</placekey><placekey>DE</placekey><placekt>U.S. Postal Abbreviations</placekt></place><place><placekey>Chesapeake Bay</placekey></place></keywords><accconst>None</accconst><useconst>None</useconst><ptcontac><cntinfo><cntperp><cntper>Howard Weinberg</cntper><cntorg>Chesapeake Bay Program</cntorg></cntperp><cntpos>GIS Analyst</cntpos><cntvoice>410-267-5735</cntvoice><cntfax>410-267-5777</cntfax><cntemail>hweinber@chesapeakebay.net</cntemail><cntaddr><addrtype>mailing and physical address</addrtype><address>410 Severn Ave</address><city>Annapolis</city><state>MD</state><postal>21403</postal></cntaddr></cntinfo></ptcontac></idinfo><dataIdInfo><envirDesc>Microsoft Windows XP Version 5.1 (Build 2600) Service Pack 2; ESRI ArcCatalog 9.2.2.1350</envirDesc><dataLang><languageCode value="en"/></dataLang><idCitation><resTitle>CBSEG_92</resTitle><presForm><PresFormCd value="005"/></presForm></idCitation><spatRpType><SpatRepTypCd value="001"/></spatRpType><dataExt><geoEle><GeoBndBox esriExtentType="native"><westBL>283857.09375</westBL><eastBL>465757.0625</eastBL><northBL>4384982.5</northBL><southBL>4063958.25</southBL><exTypeCode>1</exTypeCode></GeoBndBox></geoEle></dataExt><geoBox esriExtentType="decdegrees"><westBL>-77.516902</westBL><eastBL>-75.383457</eastBL><northBL>39.61391</northBL><southBL>36.696728</southBL><exTypeCode>1</exTypeCode></geoBox></dataIdInfo><metainfo><metstdn>FGDC Content Standards for Digital Geospatial Metadata</metstdn><metstdv>FGDC-STD-001-1998</metstdv><mettc>local time</mettc><metc><cntinfo><cntorgp><cntper>REQUIRED: The person responsible for the metadata information.</cntper><cntorg>REQUIRED: The organization responsible for the metadata information.</cntorg></cntorgp><cntaddr><addrtype>REQUIRED: The mailing and/or physical address for the organization or individual.</addrtype><city>REQUIRED: The city of the address.</city><state>REQUIRED: The state or province of the address.</state><postal>REQUIRED: The ZIP or other postal code of the address.</postal></cntaddr><cntvoice>REQUIRED: The telephone number by which individuals can speak to the organization or individual.</cntvoice></cntinfo></metc><metd>20080304</metd></metainfo><mdLang><languageCode value="en"/></mdLang><mdStanName>ISO 19115 Geographic Information - Metadata</mdStanName><mdStanVer>DIS_ESRI1.0</mdStanVer><mdChar><CharSetCd value="004"/></mdChar><mdHrLv><ScopeCd value="005"/></mdHrLv><mdHrLvName>dataset</mdHrLvName><distinfo><resdesc>Downloadable Data</resdesc><stdorder><digform><digtinfo><transize>0.000</transize></digtinfo></digform></stdorder></distinfo><distInfo><distributor><distorTran><onLineSrc><orDesc>002</orDesc><linkage>file://\\NAS2.chesapeakebay.net\WrkGrp\GIS\Working\Web_Templates\z_Other_Useful_Shapefiles\Split_Segs_92_104.mdb</linkage><protocol>Local Area Network</protocol></onLineSrc><transSize>0.000</transSize></distorTran><distorFormat><formatName>Personal GeoDatabase Feature Class</formatName></distorFormat></distributor></distInfo><spdoinfo><direct>Vector</direct><ptvctinf><sdtsterm><sdtstype>G-polygon</sdtstype><ptvctcnt>0</ptvctcnt></sdtsterm><sdtsterm><sdtstype>Label point</sdtstype><ptvctcnt>2356</ptvctcnt></sdtsterm><sdtsterm><sdtstype>GT-polygon composed of chains</sdtstype><ptvctcnt>2356</ptvctcnt></sdtsterm><sdtsterm><sdtstype>Point</sdtstype><ptvctcnt>6</ptvctcnt></sdtsterm></ptvctinf></spdoinfo><spref><horizsys><planar><planci><plance>coordinate pair</plance><plandu>meters</plandu><coordrep><absres>0.000100</absres><ordres>0.000100</ordres></coordrep></planci><gridsys><gridsysn>Universal Transverse Mercator</gridsysn><utm><utmzone>18</utmzone><transmer><sfctrmer>0.999600</sfctrmer><longcm>-75.000000</longcm><latprjo>0.000000</latprjo><feast>500000.000000</feast><fnorth>0.000000</fnorth></transmer></utm></gridsys></planar><geodetic><horizdn>North American Datum of 1983</horizdn><ellips>Geodetic Reference System 80</ellips><semiaxis>6378137.000000</semiaxis><denflat>298.257222</denflat></geodetic></horizsys></spref><refSysInfo><RefSystem><refSysID><identCode>NAD_1983_UTM_Zone_18N</identCode></refSysID></RefSystem></refSysInfo><spatRepInfo><VectSpatRep><topLvl><TopoLevCd value="001"/></topLvl><geometObjs><geoObjTyp><GeoObjTypCd value="001"/></geoObjTyp><geoObjCnt>0</geoObjCnt></geometObjs></VectSpatRep></spatRepInfo><eainfo><detailed><enttyp><enttypl>CBSEG_92</enttypl></enttyp><attr><attrlabl>FID</attrlabl><attrdef>Internal feature number.</attrdef><attrdefs>ESRI</attrdefs><attrdomv><udom>Sequential unique whole numbers that are automatically generated.</udom></attrdomv></attr><attr><attrlabl>Shape</attrlabl><attrdef>Feature geometry.</attrdef><attrdefs>ESRI</attrdefs><attrdomv><udom>Coordinates defining the features.</udom></attrdomv></attr><attr><attrlabl>STATE</attrlabl></attr><attr><attrlabl>CBSEG_78</attrlabl></attr><attr><attrlabl>cbpseg_st</attrlabl></attr><attr><attrlabl>CBPSEG</attrlabl></attr><attr><attrlabl>WQ_SEGS</attrlabl></attr><attr><attrlabl>CBSEG_92</attrlabl></attr><attr><attrlabl>Shape_Leng</attrlabl></attr><attr><attrlabl>Shape_Area</attrlabl><attrdef>Area of feature in internal units squared.</attrdef><attrdefs>ESRI</attrdefs><attrdomv><udom>Positive real numbers that are automatically generated.</udom></attrdomv></attr></detailed><overview><dsoverv>The Segmentation Scheme polygons divide the Chesapeake bay and tidal tributaries into regions that have similar geographic (such as the upper portion of the Bay) and natural (such as salintiy regime) characteristics</dsoverv></overview></eainfo><mdDateSt>20080304</mdDateSt><dataqual><lineage><procstep><procdesc>After examining several different digital boundary files, it was determined that the best boundary along the Virginia shoreline was one produced by the Virginia Department of Conservation and Recreation (VA DCR).  The VA DCR boundary was mostly based on the state boundaries appearing on digital 1:24000 scale quad sheets (digital raster graphics, or DRGs).  The Maryland-Virginia state boundary delineated on the quad sheets appears to be based on the Mathews-Nelson Survey of 1927, which used the legally defined boundary of the low-water mark on the Virginia side of the river, except where embayments were crossed from one point on land to another point on land.  However, shorelines can change in almost 80 years, either through natural or anthropogenic influences, which may partially account for discrepancies between the legal definition of the boundaries and how the data appear today.  The state boundary was digitized on-screen using the DRGs as a background upon which to trace the line work.  In the lower Potomac River, DCR used 1:12000 scale digital orthophoto quarter quads (DOQQs) having photo dates of 1992-1996 as the source for the boundary definition.  Maps of the state boundary along the Potomac River are included in Technical Support Document for Identification of Chesapeake Bay Designated Uses and Attainability: 2004 Addendum, 2004.

For the Maryland-District of Columbia boundary lines that cross the Potomac River diagonally from the Virginia shoreline, data provided by the D.C. Water Quality Control Branch were used.  These and the VA DCR data were merged to create a boundary file that all three jurisdictions agreed to use in allocating restoration goals in those shared segments.

Later, it was determined that all segments that crossed jurisdictional boundaries needed to be subdivided.  This included the continuation of the Maryland-Virginia boundary across the Bay and partly up the Pocomoke, and the two tidal tributaries (C &amp; D Canal and Nanticoke River) that straddled the Maryland-Delaware boundary.

The Maryland-Virginia state boundary from VA DCR extended across the bay and up the Pocomoke River.  This was used with slight modification of some of the vertices of the boundary in Pocomoke Sound that subdivided segments POCMH and POCOH.  Maryland Department of the Environment provided coordinates of buoys that define the state boundary at those vertices.  The boundary data were altered to reflect these buoy locations. The differences in distance between the buoy locations and the vertices in the DCR data were all less than 30 meters, most less than 10 meters.

For the Maryland-Delaware boundary, Maptech 1:24,000 scale DRGs were used to digitize the boundary line on-screen.  The GIS coverage was then edited and the two affected segments were split by the state boundary.</procdesc></procstep><procstep><procdesc>Dataset copied.</procdesc><srcused/><date>20071217</date><time>12534300</time></procstep><procstep><procdesc>Dataset copied.</procdesc><srcused/><date>20071218</date><time>11062700</time></procstep><procstep><procdesc>Dataset copied.</procdesc><srcused/><date>20071218</date><time>11302300</time></procstep><procstep><procdesc>Dataset copied.</procdesc><srcused>H:\Working\hdavis\Indicators\Chemical_Contaminants\Data\cbseg2003_st_89</srcused><date>20080109</date><time>13393400</time></procstep><procstep><procdesc>Dataset copied.</procdesc><srcused>\\Maps2\GIS Data\Working\Web_Templates\z_Other_Useful_Shapefiles\CBSEB2003_ST.mdb</srcused><date>20080220</date><time>14583700</time></procstep><procstep><procdesc>Dataset copied.</procdesc><srcused>\\Maps2\GIS Data\Working\Web_Templates\z_Other_Useful_Shapefiles\CBSEB2003_ST.mdb</srcused><date>20080220</date><time>15344800</time></procstep><procstep><procdesc>Dataset copied.</procdesc><srcused>\\Maps2\GIS Data\Working\Web_Templates\z_Other_Useful_Shapefiles\CBSEB2003_ST.mdb</srcused><date>20080220</date><time>15380100</time></procstep><procstep><procdesc>Dataset copied.</procdesc><srcused>H:\Working\hdavis\basemap\CBSEGs\Working\92\CBSEG_92</srcused><date>20080220</date><time>16064500</time></procstep><procstep><procdesc>Dataset copied.</procdesc><srcused>H:\Working\Web_Templates\z_Other_Useful_Shapefiles\CBSEG_92</srcused><date>20080304</date><time>10504400</time></procstep><procstep><procdesc>Dataset moved.</procdesc><srcused>H:\Working\hdavis\basemap\CBSEGs\Final_Shapefiles\Drafts\CBSEG_92</srcused><date>20080304</date><time>10575200</time></procstep><procstep><procdesc>Dataset copied.</procdesc><srcused>H:\Working\hdavis\basemap\CBSEGs\Final_Shapefiles\CBSEG_92</srcused><date>20080304</date><time>11443000</time></procstep><procstep><procdesc>Dataset copied.</procdesc><srcused>\\Maps2\GIS Data\Working\Web_Templates\z_Other_Useful_Shapefiles\Split_Segs_92_104.mdb</srcused><date>20080305</date><time>13473400</time></procstep><procstep><procdesc>Dataset copied.</procdesc><srcused>\\NAS2.chesapeakebay.net\WrkGrp\GIS\Working\Web_Templates\z_Other_Useful_Shapefiles\Split_Segs_92_104.mdb</srcused><procdate>20090616</procdate><proctime>14062500</proctime></procstep></lineage></dataqual></metadata>
