<?xml version="1.0"?>
<!--<!DOCTYPE metadata SYSTEM "http://www.esri.com/metadata/esriprof80.dtd">-->
<metadata xml:lang="en"><Esri><CreaDate>20091104</CreaDate><CreaTime>13560700</CreaTime><SyncOnce>FALSE</SyncOnce><SyncDate>20131105</SyncDate><SyncTime>09501700</SyncTime><ModDate>20131105</ModDate><ModTime>09501700</ModTime><DataProperties><lineage><Process ToolSource="C:\Program Files\ArcGIS\ArcToolbox\Toolboxes\Data Management Tools.tbx\Merge" Date="20090826" Time="134509">Merge N:\cci\portfolios\york_co_inv\shapefiles\yorkco_lubc_c.shp;N:\cci\portfolios\york_co_inv\shapefiles\newshl.shp N:\cci\portfolios\york_co_inv\shapefiles\yorkco_lubc_f.shp "FNODE_ 'FNODE_' true true false 11 Double 0 11 ,First,#,N:\cci\portfolios\york_co_inv\shapefiles\yorkco_lubc_c.shp,FNODE_,-1,-1,N:\cci\portfolios\york_co_inv\shapefiles\newshl.shp,FNODE_,-1,-1;TNODE_ 'TNODE_' true true false 11 Double 0 11 ,First,#,N:\cci\portfolios\york_co_inv\shapefiles\yorkco_lubc_c.shp,TNODE_,-1,-1,N:\cci\portfolios\york_co_inv\shapefiles\newshl.shp,TNODE_,-1,-1;LPOLY_ 'LPOLY_' true true false 11 Double 0 11 ,First,#,N:\cci\portfolios\york_co_inv\shapefiles\yorkco_lubc_c.shp,LPOLY_,-1,-1,N:\cci\portfolios\york_co_inv\shapefiles\newshl.shp,LPOLY_,-1,-1;RPOLY_ 'RPOLY_' true true false 11 Double 0 11 ,First,#,N:\cci\portfolios\york_co_inv\shapefiles\yorkco_lubc_c.shp,RPOLY_,-1,-1,N:\cci\portfolios\york_co_inv\shapefiles\newshl.shp,RPOLY_,-1,-1;LENGTH 'LENGTH' true true false 12 Double 3 11 ,First,#,N:\cci\portfolios\york_co_inv\shapefiles\yorkco_lubc_c.shp,LENGTH,-1,-1,N:\cci\portfolios\york_co_inv\shapefiles\newshl.shp,LENGTH,-1,-1;YORKCO_LUB 'YORKCO_LUB' true true false 11 Double 0 11 ,First,#,N:\cci\portfolios\york_co_inv\shapefiles\yorkco_lubc_c.shp,YORKCO_LUB,-1,-1;YORKCO_L_1 'YORKCO_L_1' true true false 11 Double 0 11 ,First,#,N:\cci\portfolios\york_co_inv\shapefiles\yorkco_lubc_c.shp,YORKCO_L_1,-1,-1;YORKSHL_07 'YORKSHL_07' true true false 11 Double 0 11 ,First,#,N:\cci\portfolios\york_co_inv\shapefiles\yorkco_lubc_c.shp,YORKSHL_07,-1,-1,N:\cci\portfolios\york_co_inv\shapefiles\newshl.shp,YORKSHL_07,-1,-1;YORKSHL_08 'YORKSHL_08' true true false 11 Double 0 11 ,First,#,N:\cci\portfolios\york_co_inv\shapefiles\yorkco_lubc_c.shp,YORKSHL_08,-1,-1,N:\cci\portfolios\york_co_inv\shapefiles\newshl.shp,YORKSHL_08,-1,-1;FEATURE 'FEATURE' true true false 25 Text 0 0 ,First,#,N:\cci\portfolios\york_co_inv\shapefiles\yorkco_lubc_c.shp,FEATURE,-1,-1,N:\cci\portfolios\york_co_inv\shapefiles\newshl.shp,FEATURE,-1,-1;HEIGHT 'HEIGHT' true true false 25 Text 0 0 ,First,#,N:\cci\portfolios\york_co_inv\shapefiles\yorkco_lubc_c.shp,HEIGHT,-1,-1,N:\cci\portfolios\york_co_inv\shapefiles\newshl.shp,HEIGHT,-1,-1;EROSION 'EROSION' true true false 25 Text 0 0 ,First,#,N:\cci\portfolios\york_co_inv\shapefiles\yorkco_lubc_c.shp,EROSION,-1,-1,N:\cci\portfolios\york_co_inv\shapefiles\newshl.shp,EROSION,-1,-1;MARSH 'MARSH' true true false 25 Text 0 0 ,First,#,N:\cci\portfolios\york_co_inv\shapefiles\yorkco_lubc_c.shp,MARSH,-1,-1,N:\cci\portfolios\york_co_inv\shapefiles\newshl.shp,MARSH,-1,-1;BEACH 'BEACH' true true false 25 Text 0 0 ,First,#,N:\cci\portfolios\york_co_inv\shapefiles\yorkco_lubc_c.shp,BEACH,-1,-1,N:\cci\portfolios\york_co_inv\shapefiles\newshl.shp,BEACH,-1,-1;GPS_DATE 'GPS_DATE' true true false 8 Date 0 0 ,First,#,N:\cci\portfolios\york_co_inv\shapefiles\yorkco_lubc_c.shp,GPS_DATE,-1,-1,N:\cci\portfolios\york_co_inv\shapefiles\newshl.shp,GPS_DATE,-1,-1;REMOTE 'REMOTE' true true false 5 Text 0 0 ,First,#,N:\cci\portfolios\york_co_inv\shapefiles\yorkco_lubc_c.shp,REMOTE,-1,-1,N:\cci\portfolios\york_co_inv\shapefiles\newshl.shp,REMOTE,-1,-1;COVER 'COVER' true true false 25 Text 0 0 ,First,#,N:\cci\portfolios\york_co_inv\shapefiles\yorkco_lubc_c.shp,COVER,-1,-1,N:\cci\portfolios\york_co_inv\shapefiles\newshl.shp,COVER,-1,-1;NEWSHL_ 'NEWSHL_' true true false 11 Double 0 11 ,First,#,N:\cci\portfolios\york_co_inv\shapefiles\newshl.shp,NEWSHL_,-1,-1;NEWSHL_ID 'NEWSHL_ID' true true false 11 Double 0 11 ,First,#,N:\cci\portfolios\york_co_inv\shapefiles\newshl.shp,NEWSHL_ID,-1,-1"</Process><Process ToolSource="C:\Program Files\ArcGIS\ArcToolbox\Toolboxes\Data Management Tools.tbx\DefineProjection" Date="20091028" Time="085510">DefineProjection yorkco_lubc PROJCS['NAD_1983_UTM_Zone_18N',GEOGCS['GCS_North_American_1983',DATUM['D_North_American_1983',SPHEROID['GRS_1980',6378137.0,298.257222101]],PRIMEM['Greenwich',0.0],UNIT['Degree',0.0174532925199433]],PROJECTION['Transverse_Mercator'],PARAMETER['False_Easting',500000.0],PARAMETER['False_Northing',0.0],PARAMETER['Central_Meridian',-75.0],PARAMETER['Scale_Factor',0.9996],PARAMETER['Latitude_Of_Origin',0.0],UNIT['Meter',1.0]] yorkco_lubc</Process><Process ToolSource="C:\Program Files\ArcGIS\ArcToolbox\Toolboxes\Data Management Tools.tbx\DeleteField" Date="20091028" Time="090500">DeleteField yorkco_lubc FNODE_;TNODE_;LPOLY_;RPOLY_;YORKCO_LUB;YORKCO_L_1;YORKSHL_07;YORKSHL_08;NEWSHL_;NEWSHL_ID yorkco_lubc</Process><Process ToolSource="C:\Program Files (x86)\ArcGIS\Desktop10.0\ArcToolbox\Toolboxes\Data Management Tools.tbx\CalculateField" Date="20130319" Time="111553">CalculateField yorkco_lubc_13 EROSION [eros_combo] VB #</Process><Process ToolSource="C:\Program Files (x86)\ArcGIS\Desktop10.0\ArcToolbox\Toolboxes\Data Management Tools.tbx\CalculateField" Date="20130509" Time="142251">CalculateField yorkco_lubc_13 Tree_fring "No" VB #</Process><Process ToolSource="C:\Program Files (x86)\ArcGIS\Desktop10.0\ArcToolbox\Toolboxes\Data Management Tools.tbx\CalculateField" Date="20130509" Time="143718">CalculateField yorkco_lubc_13 Tree_fring "No" VB #</Process><Process ToolSource="C:\Program Files (x86)\ArcGIS\Desktop10.0\ArcToolbox\Toolboxes\Data Management Tools.tbx\CalculateField" Date="20130509" Time="143749">CalculateField yorkco_lubc_13 Tree_fring "No" VB #</Process><Process ToolSource="C:\Program Files (x86)\ArcGIS\Desktop10.0\ArcToolbox\Toolboxes\Data Management Tools.tbx\CalculateField" Date="20130509" Time="145221">CalculateField yorkco_lubc_13 Tree_fring "No" VB #</Process><Process ToolSource="C:\Program Files (x86)\ArcGIS\Desktop10.0\ArcToolbox\Toolboxes\Data Management Tools.tbx\CalculateField" Date="20130509" Time="151259">CalculateField yorkco_lubc_13 Tree_fring "No" VB #</Process><Process ToolSource="C:\Program Files (x86)\ArcGIS\Desktop10.0\ArcToolbox\Toolboxes\Data Management Tools.tbx\CalculateField" Date="20130509" Time="151355">CalculateField yorkco_lubc_13 Tree_fring "No" VB #</Process><Process ToolSource="C:\Program Files (x86)\ArcGIS\Desktop10.0\ArcToolbox\Toolboxes\Data Management Tools.tbx\CalculateField" Date="20130509" Time="151445">CalculateField yorkco_lubc_13 Tree_fring "No" VB #</Process><Process ToolSource="C:\Program Files (x86)\ArcGIS\Desktop10.0\ArcToolbox\Toolboxes\Data Management Tools.tbx\CalculateField" Date="20130509" Time="151659">CalculateField yorkco_lubc_13 Tree_fring "No" VB #</Process><Process ToolSource="C:\Program Files (x86)\ArcGIS\Desktop10.0\ArcToolbox\Toolboxes\Data Management Tools.tbx\CalculateField" Date="20130513" Time="141427">CalculateField yorkco_lubc_13 Tree_fring "No" VB #</Process><Process ToolSource="C:\Program Files (x86)\ArcGIS\Desktop10.0\ArcToolbox\Toolboxes\Data Management Tools.tbx\CalculateField" Date="20130513" Time="142444">CalculateField yorkco_lubc_13 FEATURE "Forested" VB #</Process><Process ToolSource="C:\Program Files (x86)\ArcGIS\Desktop10.0\ArcToolbox\Toolboxes\Data Management Tools.tbx\CalculateField" Date="20130513" Time="150521">CalculateField yorkco_lubc_13 EROSION "stable" VB #</Process><Process ToolSource="C:\Program Files (x86)\ArcGIS\Desktop10.0\ArcToolbox\Toolboxes\Data Management Tools.tbx\CalculateField" Date="20130513" Time="152258">CalculateField yorkco_lubc_13 Tree_fring "No" VB #</Process><Process ToolSource="C:\Program Files (x86)\ArcGIS\Desktop10.0\ArcToolbox\Toolboxes\Data Management Tools.tbx\CalculateField" Date="20130513" Time="152518">CalculateField yorkco_lubc_13 Tree_fring "No" VB #</Process><Process ToolSource="C:\Program Files (x86)\ArcGIS\Desktop10.0\ArcToolbox\Toolboxes\Data Management Tools.tbx\CalculateField" Date="20130513" Time="152659">CalculateField yorkco_lubc_13 Tree_fring "No" VB #</Process><Process ToolSource="C:\Program Files (x86)\ArcGIS\Desktop10.0\ArcToolbox\Toolboxes\Data Management Tools.tbx\CalculateField" Date="20130516" Time="092922">CalculateField yorkco_lubc_13 Tree_fring "No" VB #</Process><Process ToolSource="C:\Program Files (x86)\ArcGIS\Desktop10.0\ArcToolbox\Toolboxes\Data Management Tools.tbx\CalculateField" Date="20130516" Time="104934">CalculateField yorkco_lubc_13 Tree_fring "No" VB #</Process><Process ToolSource="C:\Program Files (x86)\ArcGIS\Desktop10.0\ArcToolbox\Toolboxes\Data Management Tools.tbx\CalculateField" Date="20130516" Time="135250">CalculateField yorkco_lubc_13 Tree_fring "No" VB #</Process><Process ToolSource="C:\Program Files (x86)\ArcGIS\Desktop10.0\ArcToolbox\Toolboxes\Data Management Tools.tbx\CalculateField" Date="20130530" Time="110008">CalculateField yorkco_lubc_13 EROSION "Erosional" VB #</Process><Process ToolSource="C:\Program Files (x86)\ArcGIS\Desktop10.0\ArcToolbox\Toolboxes\Data Management Tools.tbx\CalculateField" Date="20130530" Time="110022">CalculateField yorkco_lubc_13 EROSION "Erosional" VB #</Process><Process ToolSource="C:\Program Files (x86)\ArcGIS\Desktop10.0\ArcToolbox\Toolboxes\Data Management Tools.tbx\CalculateField" Date="20130530" Time="110048">CalculateField yorkco_lubc_13 EROSION "Stable" VB #</Process><Process ToolSource="C:\Program Files (x86)\ArcGIS\Desktop10.0\ArcToolbox\Toolboxes\Data Management Tools.tbx\CalculateField" Date="20130530" Time="110143">CalculateField yorkco_lubc_13 EROSION "Transitional" VB #</Process><Process ToolSource="C:\Program Files (x86)\ArcGIS\Desktop10.0\ArcToolbox\Toolboxes\Data Management Tools.tbx\CalculateField" Date="20130530" Time="110159">CalculateField yorkco_lubc_13 EROSION "Transitional" VB #</Process><Process ToolSource="C:\Program Files (x86)\ArcGIS\Desktop10.0\ArcToolbox\Toolboxes\Data Management Tools.tbx\CalculateField" Date="20130530" Time="110222">CalculateField yorkco_lubc_13 EROSION "Transitional" VB #</Process><Process ToolSource="C:\Program Files (x86)\ArcGIS\Desktop10.0\ArcToolbox\Toolboxes\Data Management Tools.tbx\CalculateField" Date="20130530" Time="110257">CalculateField yorkco_lubc_13 EROSION "Undercut" VB #</Process><Process ToolSource="C:\Program Files (x86)\ArcGIS\Desktop10.0\ArcToolbox\Toolboxes\Data Management Tools.tbx\CalculateField" Date="20130530" Time="111024">CalculateField yorkco_lubc_13 COVER "Total" VB #</Process><Process ToolSource="C:\Program Files (x86)\ArcGIS\Desktop10.0\ArcToolbox\Toolboxes\Data Management Tools.tbx\CalculateField" Date="20130530" Time="111055">CalculateField yorkco_lubc_13 COVER "Total" VB #</Process><Process ToolSource="C:\Program Files (x86)\ArcGIS\Desktop10.0\ArcToolbox\Toolboxes\Data Management Tools.tbx\CalculateField" Date="20130530" Time="111108">CalculateField yorkco_lubc_13 COVER "Total" VB #</Process><Process ToolSource="C:\Program Files (x86)\ArcGIS\Desktop10.0\ArcToolbox\Toolboxes\Data Management Tools.tbx\CalculateField" Date="20130530" Time="111140">CalculateField yorkco_lubc_13 COVER "Bare" VB #</Process><Process ToolSource="C:\Program Files (x86)\ArcGIS\Desktop10.0\ArcToolbox\Toolboxes\Data Management Tools.tbx\CalculateField" Date="20130530" Time="111211">CalculateField yorkco_lubc_13 COVER "Partial" VB #</Process><Process ToolSource="C:\Program Files (x86)\ArcGIS\Desktop10.0\ArcToolbox\Toolboxes\Data Management Tools.tbx\CalculateField" Date="20130530" Time="112038">CalculateField yorkco_lubc_13 COVER "Total" VB #</Process><Process ToolSource="C:\Program Files (x86)\ArcGIS\Desktop10.0\ArcToolbox\Toolboxes\Data Management Tools.tbx\CalculateField" Date="20130530" Time="112228">CalculateField yorkco_lubc_13 COVER "Partial" VB #</Process><Process ToolSource="C:\Program Files (x86)\ArcGIS\Desktop10.0\ArcToolbox\Toolboxes\Data Management Tools.tbx\CalculateField" Date="20130530" Time="112514">CalculateField yorkco_lubc_13 Tree_fring "Yes, with canopy overhang" VB #</Process><Process ToolSource="C:\Program Files (x86)\ArcGIS\Desktop10.0\ArcToolbox\Toolboxes\Data Management Tools.tbx\CalculateField" Date="20130530" Time="112716">CalculateField yorkco_lubc_13 Inv_update "Inventory updated using VBMP 2011 imagery" VB #</Process><Process ToolSource="C:\Program Files (x86)\ArcGIS\Desktop10.0\ArcToolbox\Toolboxes\Data Management Tools.tbx\CalculateField" Date="20130603" Time="094834">CalculateField yorkco_lubc_13 HEIGHT "&gt;10" VB #</Process><Process ToolSource="C:\Program Files (x86)\ArcGIS\Desktop10.0\ArcToolbox\Toolboxes\Data Management Tools.tbx\CalculateField" Date="20130604" Time="152222">CalculateField yorkco_lubc_13 HEIGHT "10 - 30" VB #</Process><Process ToolSource="C:\Program Files (x86)\ArcGIS\Desktop10.0\ArcToolbox\Toolboxes\Data Management Tools.tbx\CalculateField" Date="20130604" Time="152244">CalculateField yorkco_lubc_13 HEIGHT "10-30" VB #</Process><Process ToolSource="C:\Program Files (x86)\ArcGIS\Desktop10.0\ArcToolbox\Toolboxes\Data Management Tools.tbx\CalculateField" Date="20130604" Time="152418">CalculateField yorkco_lubc_13 Inv_update "Inventory updated using VBMP 2011 imagery and BING high resolution oblique imagery"
 VB #</Process><Process ToolSource="C:\Program Files (x86)\ArcGIS\Desktop10.0\ArcToolbox\Toolboxes\Data Management Tools.tbx\CalculateField" Date="20130604" Time="152809">CalculateField yorkco_lubc_13 Inv_update "Inventory updated using VBMP 2011 imagery/Bing high resolution oblique imagery"
 VB #</Process><Process ToolSource="C:\Program Files (x86)\ArcGIS\Desktop10.0\ArcToolbox\Toolboxes\Data Management Tools.tbx\CalculateField" Date="20130604" Time="152845">CalculateField yorkco_lubc_13 Inv_update "Inventory updated using VBMP 2011 imagery / Bing high resolution oblique imagery"
 VB #</Process></lineage></DataProperties><MetaID>{A79FC0CA-1C19-466A-B642-7283B7DBD933}</MetaID></Esri><idinfo><native Sync="TRUE">Microsoft Windows XP Version 5.1 (Build 2600) Service Pack 3; ESRI ArcCatalog 9.3.1.3000</native><descript><langdata Sync="TRUE">en</langdata><abstract>Shoreline Situation Reports (SSR) were first generated by VIMS in the 1970's to report the condition and status of the shore lands.  The SSR series were published in hardcopy on a county by county basis for each Tidewater Virginia localities.  The reports were intended to assist planners, managers, and regulators in decisions pertaining to management of coastal areas and natural resources therein.  This Shoreline Inventory report continues a process which updates and expands the earlier reports.  Data collected reports conditions surveyed in the immediate riparian zone, the bank, and along the shoreline.
</abstract><purpose>To inventory Virginia's tidal shoreline conditions.</purpose><supplinf>There are four shapefiles that are part of the 2013 York County Shoreline Inventory database: yorkco_lubc_13, yorkco_astru_13, yorkco_sstru and yorkco_tm_2013. Yorkco_lubc_13 (land use and bank cover for York County) is a linear shapefile containing data about land use, tree fringe, bank height, bank cover,  erosion, and beach status along the shoreline. Yorkco_sstru _13 (York County shoreline structures) is a linear shapefile delineating hard structures in place at the shoreline (bulkhead, breakwater,debris, dilapidated bulkhead,  riprap, jetty, marina, marsh toe revetment, wharf, unconventional, groinfields). Yorkco_astru _13 (York County access structures) is a point shapefile with locations of docks, public and private ramps, dilapidated docks, and boathouses.Yorkco_tm_2013 is a polygon shapefile delineating tidal marshes in York County  The attributes of these four shapefiles are explained in the Entity and Attribute Information section below.</supplinf></descript><citation><citeinfo><origin>Comprehensive Coastal Inventory, Virginia Institute of Marine Science</origin><pubdate>2013</pubdate><title>York County Land Use and Bank Cover (yorkco_lubc_13)</title><ftname Sync="TRUE">yorkco_lubc_13</ftname><geoform Sync="TRUE">vector digital data</geoform><onlink>http://ccrm.vims.edu//gis_data_maps/shoreline_inventories/index.html</onlink></citeinfo></citation><timeperd><current>ground condition at time of survey</current><timeinfo/></timeperd><status><progress>Complete</progress><update>Unknown</update></status><spdom><bounding><westbc Sync="TRUE">-76.710395</westbc><eastbc Sync="TRUE">-76.381903</eastbc><northbc Sync="TRUE">37.373679</northbc><southbc Sync="TRUE">37.088003</southbc></bounding><lboundng><leftbc Sync="TRUE">348549.250000</leftbc><rightbc Sync="TRUE">377189.031250</rightbc><bottombc Sync="TRUE">4105993.250000</bottombc><topbc Sync="TRUE">4137229.500000</topbc></lboundng></spdom><keywords><theme><themekt>none</themekt><themekey>Shoreline conditions</themekey><themekey>Shoreline structures</themekey><themekey>Hardened structures</themekey><themekey>Access structures</themekey><themekey>Riparian land use</themekey><themekey>Shoreline Inventory</themekey></theme><place><placekey>Virginia</placekey><placekey>Chesapeake Bay</placekey><placekey>Back Creek</placekey><placekey>Back River</placekey><placekey>Bay Tree Creek</placekey><placekey>Carter Creek</placekey><placekey>Chisman Creek</placekey><placekey>Felgate Creek</placekey><placekey>Goodwin Islands</placekey><placekey>Indian Creek</placekey><placekey>King Creek</placekey><placekey>Poquoson River</placekey><placekey>Queen Creek</placekey><placekey>Skimino Creek</placekey><placekey>Wormley Creek</placekey><placekt>none</placekt><placekey>York River</placekey></place></keywords><accconst>none</accconst><useconst>These data should not be used for jurisdictional permit determinations beyond providing general shoreline condition or status information.  These data have not been surveyed to property boundaries.
</useconst><natvform Sync="TRUE">Shapefile</natvform><ptcontac><cntinfo><cntperp><cntper>Marcia Berman</cntper><cntorg>Virginia Institute of Marine Science (VIMS)</cntorg></cntperp><cntpos>Director of Comprehensive Coastal Inventory Program (CCI)</cntpos><cntaddr><addrtype>mailing and physical address</addrtype><address>P.O. Box 1346</address><city>Gloucester Point</city><state>Virginia</state><postal>23062</postal><country>USA</country></cntaddr><cntvoice>804-684-7188</cntvoice><cntfax>804-684-7179</cntfax><cntemail>marcia@vims.edu</cntemail></cntinfo></ptcontac></idinfo><dataIdInfo><envirDesc Sync="TRUE">Microsoft Windows XP Version 5.1 (Build 2600) Service Pack 3; ESRI ArcCatalog 9.3.1.3000</envirDesc><dataLang><languageCode Sync="TRUE" value="en"></languageCode></dataLang><idCitation><resTitle Sync="TRUE">yorkco_lubc_13</resTitle><presForm><PresFormCd Sync="TRUE" value="005"></PresFormCd></presForm></idCitation><spatRpType><SpatRepTypCd Sync="TRUE" value="001"></SpatRepTypCd></spatRpType><dataExt><geoEle><GeoBndBox esriExtentType="native"><westBL Sync="TRUE">348549.25</westBL><eastBL Sync="TRUE">377189.03125</eastBL><northBL Sync="TRUE">4137229.5</northBL><southBL Sync="TRUE">4105993.25</southBL><exTypeCode Sync="TRUE">1</exTypeCode></GeoBndBox></geoEle></dataExt><geoBox esriExtentType="decdegrees"><westBL Sync="TRUE">-76.710395</westBL><eastBL Sync="TRUE">-76.381903</eastBL><northBL Sync="TRUE">37.373679</northBL><southBL Sync="TRUE">37.088003</southBL><exTypeCode Sync="TRUE">1</exTypeCode></geoBox></dataIdInfo><metainfo><langmeta Sync="TRUE">en</langmeta><metstdn Sync="TRUE">FGDC Content Standards for Digital Geospatial Metadata</metstdn><metstdv Sync="TRUE">FGDC-STD-001-1998</metstdv><mettc Sync="TRUE">local time</mettc><metc><cntinfo><cntorgp><cntper>Sharon Killeen</cntper><cntorg>Comprehensive Coastal Inventory, Virginia Institute of Marine Science</cntorg></cntorgp><cntaddr><addrtype>mailing and physical address</addrtype><city>Gloucester Point</city><state>VA</state><postal>23062</postal><address> Greate Road</address><country>USA</country></cntaddr><cntvoice>804-684-7534</cntvoice><cntpos>GIS Programmer/Analyst</cntpos><cntfax>804-684-7179</cntfax><cntemail>sharon@vims.edu</cntemail></cntinfo></metc><metd Sync="TRUE">20131105</metd><metextns><onlink Sync="TRUE">http://www.esri.com/metadata/esriprof80.html</onlink><metprof Sync="TRUE">ESRI Metadata Profile</metprof></metextns></metainfo><mdLang><languageCode Sync="TRUE" value="en"></languageCode></mdLang><mdStanName Sync="TRUE">ISO 19115 Geographic Information - Metadata</mdStanName><mdStanVer Sync="TRUE">DIS_ESRI1.0</mdStanVer><mdChar><CharSetCd Sync="TRUE" value="004"></CharSetCd></mdChar><mdHrLv><ScopeCd Sync="TRUE" value="005"></ScopeCd></mdHrLv><mdHrLvName Sync="TRUE">dataset</mdHrLvName><distinfo><resdesc Sync="TRUE">Downloadable Data</resdesc><stdorder><digform><digtinfo><transize Sync="TRUE">1.967</transize><dssize Sync="TRUE">1.967</dssize></digtinfo></digform></stdorder></distinfo><distInfo><distributor><distorTran><onLineSrc><orDesc Sync="TRUE">002</orDesc><linkage Sync="TRUE">file://\\139.70.26.251\ccrm\cci\Shoreline_Inventories\Inventories_In_Progress\York_County_2013\Final_shapefiles\yorkco_lubc_13.shp</linkage><protocol Sync="TRUE">Local Area Network</protocol></onLineSrc><transSize Sync="TRUE">1.967</transSize></distorTran><distorFormat><formatName Sync="TRUE">Shapefile</formatName></distorFormat></distributor></distInfo><spdoinfo><direct Sync="TRUE">Vector</direct><ptvctinf><esriterm Name="yorkco_lubc_13"><efeatyp Sync="TRUE">Simple</efeatyp><efeageom Sync="TRUE">Polyline</efeageom><esritopo Sync="TRUE">FALSE</esritopo><efeacnt Sync="TRUE">2624</efeacnt><spindex Sync="TRUE">FALSE</spindex><linrefer Sync="TRUE">FALSE</linrefer></esriterm><sdtsterm Name="yorkco_lubc_13"><sdtstype Sync="TRUE">String</sdtstype><ptvctcnt Sync="TRUE">2624</ptvctcnt></sdtsterm></ptvctinf></spdoinfo><spatRepInfo><VectSpatRep><topLvl><TopoLevCd Sync="TRUE" value="001"></TopoLevCd></topLvl><geometObjs Name="yorkco_lubc_13"><geoObjTyp><GeoObjTypCd Sync="TRUE" value="001"></GeoObjTypCd></geoObjTyp><geoObjCnt Sync="TRUE">2624</geoObjCnt></geometObjs></VectSpatRep></spatRepInfo><eainfo><detailed Name="yorkco_lubc_13"><enttyp><enttypl Sync="TRUE">yorkco_lubc_13</enttypl><enttypt Sync="TRUE">Feature Class</enttypt><enttypc Sync="TRUE">2624</enttypc></enttyp><attr><attrlabl Sync="TRUE">FID</attrlabl><attalias Sync="TRUE">FID</attalias><attrtype Sync="TRUE">OID</attrtype><attwidth Sync="TRUE">4</attwidth><atprecis Sync="TRUE">0</atprecis><attscale Sync="TRUE">0</attscale><attrdef Sync="TRUE">Internal feature number.</attrdef><attrdefs Sync="TRUE">ESRI</attrdefs><attrdomv><udom Sync="TRUE">Sequential unique whole numbers that are automatically generated.</udom></attrdomv></attr><attr><attrlabl Sync="TRUE">Shape</attrlabl><attalias Sync="TRUE">Shape</attalias><attrtype Sync="TRUE">Geometry</attrtype><attwidth Sync="TRUE">0</attwidth><atprecis Sync="TRUE">0</atprecis><attscale Sync="TRUE">0</attscale><attrdef Sync="TRUE">Feature geometry.</attrdef><attrdefs Sync="TRUE">ESRI</attrdefs><attrdomv><udom Sync="TRUE">Coordinates defining the features.</udom></attrdomv></attr><attr><attrlabl Sync="TRUE">LENGTH</attrlabl><attalias Sync="TRUE">LENGTH</attalias><attrtype Sync="TRUE">Number</attrtype><attwidth Sync="TRUE">12</attwidth><atnumdec Sync="TRUE">3</atnumdec></attr><attr><attrlabl Sync="TRUE">FEATURE</attrlabl><attalias Sync="TRUE">FEATURE</attalias><attrtype Sync="TRUE">String</attrtype><attwidth Sync="TRUE">25</attwidth><attrdef>currant land use:  agriculture, bare, commercial, forest, grass, industrial, marsh island,  paved, residential, scrub-shrub</attrdef></attr><attr><attrlabl Sync="TRUE">HEIGHT</attrlabl><attalias Sync="TRUE">HEIGHT</attalias><attrtype Sync="TRUE">String</attrtype><attwidth Sync="TRUE">25</attwidth><attrdef>bank height (in feet) from the toe to the edge of the fastland: 0-5, 5-10, 10-30</attrdef></attr><attr><attrlabl Sync="TRUE">EROSION</attrlabl><attalias Sync="TRUE">EROSION</attalias><attrtype Sync="TRUE">String</attrtype><attwidth Sync="TRUE">25</attwidth><attrdef>condition of bank face:  erosional, transitional, stable, undercut</attrdef></attr><attr><attrlabl Sync="TRUE">BEACH</attrlabl><attalias Sync="TRUE">BEACH</attalias><attrtype Sync="TRUE">String</attrtype><attwidth Sync="TRUE">25</attwidth><attrdef>presence or absence</attrdef></attr><attr><attrlabl Sync="TRUE">COVER</attrlabl><attalias Sync="TRUE">COVER</attalias><attrtype Sync="TRUE">String</attrtype><attwidth Sync="TRUE">25</attwidth><attrdef>coverage of bank: bare &lt;25% vegetative cover,  partial 25-75% vegetative cover, total &gt;75% vegetative cover</attrdef></attr><attr><attrlabl Sync="TRUE">Tree_fring</attrlabl><attalias Sync="TRUE">Tree_fring</attalias><attrtype Sync="TRUE">String</attrtype><attwidth Sync="TRUE">50</attwidth><attrdef>distribution of trees in the riparian zone </attrdef></attr><attr><attrlabl Sync="TRUE">Inv_update</attrlabl><attalias Sync="TRUE">Inv_update</attalias><attrtype Sync="TRUE">String</attrtype><attwidth Sync="TRUE">100</attwidth></attr></detailed></eainfo><mdDateSt Sync="TRUE">20131105</mdDateSt><dataqual><lineage><procstep><procdesc>The original 2009 York County Shoreline Inventory was developed using these techniques: data was collected by a two-person field crew (one person collecting land use and bank condition data and one boat operator also collecting shoreline features) using two hand-held Trimble GeoExplorers GPS Units, while navigating along the shoreline. A data dictionary designed for the inventory was installed on each GPS Unit. One data collector records natural features including land use, bank height, presence of marsh or beach, and shoreline stability. A second person collects data on the hardened structures: riprap, bulkheads, docks, boatramps, etc. Point features (docks, boathouses, ramps) were surveyed with a six second observation recorded at 1 reading/second. Linear features were surveyed kinematically at a rate of one observation every 3 seconds.</procdesc></procstep><srcinfo><srccite><citeinfo><origin>Commonwealth of Virginia, through Virginia Geographic Network Division of its Department of Technology Planning (VGIN)</origin><title>Virginia Base Mapping Program</title><pubinfo><pubplace>Richmond, Virginia</pubplace><publish>Virginia Geographic Information Network</publish></pubinfo></citeinfo></srccite><srccontr>Used to accurately position land use and land cover data.  Provided a new digital shoreline coverage that serves as the base shoreline for shoreline conditions.
</srccontr></srcinfo><procstep><procdesc>Data from the GPS units were postprocessed on a PC with Trimble Pathfinder Office software. Postprocessing includes differential correction using base station data collected at the VIMS laboratory. Corrected data is converted to shapefiles for further processing.
</procdesc></procstep><procstep><procdesc>In the ArcMap environment, boat-track arcs were manually shifted to the base shoreline (VBMP). Arcs were split and moved to locations on the shoreline perpendicular to the original locations on the boat-track. Shoreline arc segments were coded, and the shapefiles were visually checked for attribute accuracy between coded shoreline and boat-track data.
</procdesc></procstep><procstep><procdesc>In ArcMap, boat-track points were manually shifted to the base shoreline (VBMP). Points were moved to locations on the shoreline perpendicular to the original locations on the boat-track. Points were coded and the access structure (astru) was visually checked for attribute accuracy between coded shoreline and boat-track data.
</procdesc></procstep><procstep><procdesc>Land use, dock, and boathouse locations were digitally checked and repositioned if necessary with VBMP imagery displayed as a background coverage. This was done using ArcMap capabilities. Areas inaccessible by boat due to low tide were coded based on features observed on the imagery. The "remote" coded areas were given the item REMOTE = "yes" to distinquish them from GPS collected data.
</procdesc></procstep><procstep><proccont><cntinfo><cntperp><cntper>Sharon Killeen</cntper><cntorg>Comprehensive Coastal Inventory, Virginia Institute of Marine Science</cntorg></cntperp><cntpos>Senior Programmer/Analyst</cntpos><cntaddr><addrtype>mailing and physical address</addrtype><address>P.O.Box 1346 Greate Road</address><city>Gloucester Point</city><state>Virginia</state><postal>23062</postal><country>USA</country></cntaddr><cntvoice>804-684-7534</cntvoice><cntfax>804-684-7179</cntfax><cntemail>sharon@vims.edu</cntemail></cntinfo></proccont><procdesc>A portfolio containing seventeen 1:12,000 scale plates was created for York County. Each plate shows four maps: riparian land use, bank conditions, shoreline features, and natural buffers.   VBMP (2007) imagery is displayed in the background to provide users with additional information.
</procdesc></procstep><procstep><proccont><cntinfo><cntperp><cntper>Sharon Killeen</cntper><cntorg>Organization: Comprehensive Coastal Inventory Program, Viginia Institute of Marine Science </cntorg></cntperp><cntpos>GIS Programmer/Analyst </cntpos><cntaddr><addrtype>mailing and physical address</addrtype><address>P.O. Box 1346 Greate Road</address><city>Gloucester Point</city><state>Virginia</state><postal>23062</postal><country>USA</country></cntaddr><cntvoice>804-684-7534</cntvoice><cntfax>804-684-7179</cntfax><cntemail>sharon@vims.edu</cntemail></cntinfo></proccont><procdesc>To update the York County Inventory, high resolution oblique imagery available through Bing  and VBMP 2011 imagery provided the source data that allowed the inventory to be updated without additional field work.  Bing imagery provides an excellent platform to assess changes in land use, presence of erosion control structures, and the location of private/public docks, boathouses, marins, and boat ramps. The imagery is less suited to accurately assess changes in bank height or bank condition.  By and large, these characteristics are relatively stable over time; the exception being areas with extreme exposure that may have been subject to intense storms since the original survey.</procdesc></procstep></lineage><logic>Chain-node topology present.  Linear coverages were built for lines and point coverages were built for points.
</logic><complete>All shoreline for York County was coded remotely using high resolution oblique imagery.</complete><posacc><horizpa><horizpar>The York County shoreline inventory done in 2009 recorded shoreline attributes with a GPS unit as the boat moved along the shoreline with a horizontal accuracy of +/- 5 meters.  Data was transferred from the GPS boat track to an existing digital shoreline coverage by projecting data to the shoreline at a 90 degree angle from the boat track.  Rectified imagery were used as a background coverage to aid in data positioning.  Land use features were placed along the shore so changes in land use were coincident with changes illustrated in the imagery.  Positional accuracy for data that has been corrected with imagery which has a resolution of  2 meters or better.  Accuracy limits of the field collected data, however, are set at 5 meters due to the short occupancy of GPS units.  In many cases the image correction yields a final positional accuracy much closer to 2 meters or less, depending on image resolution.
The 2013 Shoreline Inventory for York County was coded remotely using recent  high resolution color infra-red and natural color imagery (2011) with a resolution of 1 meter or better is used along with Bing oblique imagery to identify and code the shoreline for shoreline attributes.</horizpar></horizpa></posacc></dataqual><spref><horizsys><cordsysn><geogcsn Sync="TRUE">GCS_North_American_1983</geogcsn><projcsn Sync="TRUE">NAD_1983_UTM_Zone_18N</projcsn></cordsysn><planar><planci><plance Sync="TRUE">coordinate pair</plance><plandu Sync="TRUE">meters</plandu><coordrep><absres Sync="TRUE">0.000000</absres><ordres Sync="TRUE">0.000000</ordres></coordrep></planci><gridsys><gridsysn Sync="TRUE">Universal Transverse Mercator</gridsysn><utm><utmzone Sync="TRUE">18</utmzone><transmer><sfctrmer Sync="TRUE">0.999600</sfctrmer><longcm Sync="TRUE">-75.000000</longcm><latprjo Sync="TRUE">0.000000</latprjo><feast Sync="TRUE">500000.000000</feast><fnorth Sync="TRUE">0.000000</fnorth></transmer></utm></gridsys></planar><geodetic><horizdn Sync="TRUE">North American Datum of 1983</horizdn><ellips Sync="TRUE">Geodetic Reference System 80</ellips><semiaxis Sync="TRUE">6378137.000000</semiaxis><denflat Sync="TRUE">298.257222</denflat></geodetic></horizsys></spref><refSysInfo><RefSystem><refSysID><identCode Sync="TRUE">NAD_1983_UTM_Zone_18N</identCode></refSysID></RefSystem></refSysInfo></metadata>
