<?xml version="1.0"?>
<!--<!DOCTYPE metadata SYSTEM "http://www.esri.com/metadata/esriprof80.dtd">-->
<metadata xml:lang="en"><Esri><CreaDate>20130611</CreaDate><CreaTime>14191100</CreaTime><SyncOnce>FALSE</SyncOnce><SyncDate>20130722</SyncDate><SyncTime>10375400</SyncTime><ModDate>20130722</ModDate><ModTime>11242500</ModTime><DataProperties><lineage><Process ToolSource="C:\Program Files\ArcGIS\ArcToolbox\Toolboxes\Data Management Tools.tbx\Merge" Date="20090826" Time="141318">Merge N:\cci\portfolios\york_co_inv\shapefiles\newshl_sstru.shp;N:\cci\portfolios\york_co_inv\shapefiles\yorkco_sstru_2.shp N:\cci\portfolios\york_co_inv\shapefiles\yorkco_sstru_3.shp "FNODE_ 'FNODE_' true true false 11 Double 0 11 ,First,#,N:\cci\portfolios\york_co_inv\shapefiles\newshl_sstru.shp,FNODE_,-1,-1,N:\cci\portfolios\york_co_inv\shapefiles\yorkco_sstru_2.shp,FNODE_,-1,-1;TNODE_ 'TNODE_' true true false 11 Double 0 11 ,First,#,N:\cci\portfolios\york_co_inv\shapefiles\newshl_sstru.shp,TNODE_,-1,-1,N:\cci\portfolios\york_co_inv\shapefiles\yorkco_sstru_2.shp,TNODE_,-1,-1;LPOLY_ 'LPOLY_' true true false 11 Double 0 11 ,First,#,N:\cci\portfolios\york_co_inv\shapefiles\newshl_sstru.shp,LPOLY_,-1,-1,N:\cci\portfolios\york_co_inv\shapefiles\yorkco_sstru_2.shp,LPOLY_,-1,-1;RPOLY_ 'RPOLY_' true true false 11 Double 0 11 ,First,#,N:\cci\portfolios\york_co_inv\shapefiles\newshl_sstru.shp,RPOLY_,-1,-1,N:\cci\portfolios\york_co_inv\shapefiles\yorkco_sstru_2.shp,RPOLY_,-1,-1;LENGTH 'LENGTH' true true false 12 Double 3 11 ,First,#,N:\cci\portfolios\york_co_inv\shapefiles\newshl_sstru.shp,LENGTH,-1,-1,N:\cci\portfolios\york_co_inv\shapefiles\yorkco_sstru_2.shp,LENGTH,-1,-1;NEWSHL_ 'NEWSHL_' true true false 11 Double 0 11 ,First,#,N:\cci\portfolios\york_co_inv\shapefiles\newshl_sstru.shp,NEWSHL_,-1,-1;NEWSHL_ID 'NEWSHL_ID' true true false 11 Double 0 11 ,First,#,N:\cci\portfolios\york_co_inv\shapefiles\newshl_sstru.shp,NEWSHL_ID,-1,-1;YORKSHL_07 'YORKSHL_07' true true false 11 Double 0 11 ,First,#,N:\cci\portfolios\york_co_inv\shapefiles\newshl_sstru.shp,YORKSHL_07,-1,-1,N:\cci\portfolios\york_co_inv\shapefiles\yorkco_sstru_2.shp,YORKSHL_07,-1,-1;YORKSHL_08 'YORKSHL_08' true true false 11 Double 0 11 ,First,#,N:\cci\portfolios\york_co_inv\shapefiles\newshl_sstru.shp,YORKSHL_08,-1,-1,N:\cci\portfolios\york_co_inv\shapefiles\yorkco_sstru_2.shp,YORKSHL_08,-1,-1;GPS_DATE 'GPS_DATE' true true false 8 Date 0 0 ,First,#,N:\cci\portfolios\york_co_inv\shapefiles\newshl_sstru.shp,GPS_DATE,-1,-1,N:\cci\portfolios\york_co_inv\shapefiles\yorkco_sstru_2.shp,GPS_DATE,-1,-1;REMOTE 'REMOTE' true true false 5 Text 0 0 ,First,#,N:\cci\portfolios\york_co_inv\shapefiles\newshl_sstru.shp,REMOTE,-1,-1,N:\cci\portfolios\york_co_inv\shapefiles\yorkco_sstru_2.shp,REMOTE,-1,-1;STRUCTURE 'STRUCTURE' true true false 25 Text 0 0 ,First,#,N:\cci\portfolios\york_co_inv\shapefiles\newshl_sstru.shp,STRUCTURE,-1,-1,N:\cci\portfolios\york_co_inv\shapefiles\yorkco_sstru_2.shp,STRUCTURE,-1,-1;YORKCO_SST 'YORKCO_SST' true true false 11 Double 0 11 ,First,#,N:\cci\portfolios\york_co_inv\shapefiles\yorkco_sstru_2.shp,YORKCO_SST,-1,-1;YORKCO_S_1 'YORKCO_S_1' true true false 11 Double 0 11 ,First,#,N:\cci\portfolios\york_co_inv\shapefiles\yorkco_sstru_2.shp,YORKCO_S_1,-1,-1"</Process><Process ToolSource="C:\Program Files\ArcGIS\ArcToolbox\Toolboxes\Data Management Tools.tbx\DeleteField" Date="20091028" Time="085330">DeleteField yorkco_sstru FNODE_;TNODE_;LPOLY_;RPOLY_;NEWSHL_;NEWSHL_ID;YORKSHL_07;YORKSHL_08;YORKCO_SST;YORKCO_S_1 yorkco_sstru</Process><Process ToolSource="C:\Program Files\ArcGIS\ArcToolbox\Toolboxes\Data Management Tools.tbx\DefineProjection" Date="20091028" Time="085529">DefineProjection yorkco_sstru PROJCS['NAD_1983_UTM_Zone_18N',GEOGCS['GCS_North_American_1983',DATUM['D_North_American_1983',SPHEROID['GRS_1980',6378137.0,298.257222101]],PRIMEM['Greenwich',0.0],UNIT['Degree',0.0174532925199433]],PROJECTION['Transverse_Mercator'],PARAMETER['False_Easting',500000.0],PARAMETER['False_Northing',0.0],PARAMETER['Central_Meridian',-75.0],PARAMETER['Scale_Factor',0.9996],PARAMETER['Latitude_Of_Origin',0.0],UNIT['Meter',1.0]] yorkco_sstru</Process><Process ToolSource="C:\Program Files (x86)\ArcGIS\Desktop10.0\ArcToolbox\Toolboxes\Data Management Tools.tbx\CalculateField" Date="20130530" Time="113109">CalculateField yorkco_sstru_13 Inv_update "Inventory updated using VBMO 2011 imagery" VB #</Process><Process ToolSource="C:\Program Files (x86)\ArcGIS\Desktop10.0\ArcToolbox\Toolboxes\Data Management Tools.tbx\CalculateField" Date="20130604" Time="153125">CalculateField yorkco_sstru_13 Inv_update "Inventory updated using VBMP 2011 imagery/ Bing high resolution oblique imagery"
 VB #</Process><Process ToolSource="c:\program files\arcgis\desktop10.1\ArcToolbox\Toolboxes\Analysis Tools.tbx\Select" Date="20130611" Time="132300">Select yorkco_sstru_13 C:\myworkspace\SMM\York\shlinv\struc_only_temp.shp ""STRUCTURE" &lt;&gt; ' '"</Process><Process ToolSource="c:\program files\arcgis\desktop10.1\ArcToolbox\Toolboxes\Analysis Tools.tbx\Select" Date="20130611" Time="134638">Select struc_only_temp C:\myworkspace\SMM\York\shlinv\yorkco_sstru_13_N.shp #</Process><Process ToolSource="c:\program files\arcgis\desktop10.1\ArcToolbox\Toolboxes\Data Management Tools.tbx\Append" Date="20130611" Time="134811">Append york_shl_temp yorkco_sstru_13_N NO_TEST "LENGTH "LENGTH" true false false 18 Double 3 17 ,First,#;STRUCTURE "STRUCTURE" true false false 25 Text 0 0 ,First,#;Inv_update "Inv_update" true false false 100 Text 0 0 ,First,#,C:\myworkspace\SMM\York\shlinv\york_shl_temp.shp,Inv_update,-1,-1" #</Process></lineage><itemProps><itemLocation><linkage Sync="TRUE">file://\\139.70.26.251\ccrm\cci\Shoreline_Inventories\Inventories_In_Progress\York_County_2013\Final_shapefiles\yorkco_sstru_13_N</linkage><protocol Sync="TRUE">Local Area Network</protocol></itemLocation><itemName Sync="TRUE">yorkco_sstru_13_N</itemName><imsContentType Sync="TRUE">002</imsContentType><itemSize Sync="TRUE">0.000</itemSize></itemProps><copyHistory><copy source="C:\myworkspace\SMM\York\shlinv\yorkco_sstru_13_N" dest="\\139.70.26.251\ccrm\cci\Shoreline_Inventories\Inventories_In_Progress\York_County_2013\Final_shapefiles\yorkco_sstru_13_N" date="20130611" time="14191100"></copy></copyHistory><coordRef><type Sync="TRUE">Projected</type><geogcsn Sync="TRUE">GCS_North_American_1983</geogcsn><csUnits Sync="TRUE">Linear Unit: Meter (1.000000)</csUnits><projcsn Sync="TRUE">NAD_1983_UTM_Zone_18N</projcsn><peXml Sync="TRUE">&lt;ProjectedCoordinateSystem xsi:type='typens:ProjectedCoordinateSystem' xmlns:xsi='http://www.w3.org/2001/XMLSchema-instance' xmlns:xs='http://www.w3.org/2001/XMLSchema' xmlns:typens='http://www.esri.com/schemas/ArcGIS/10.1'&gt;&lt;WKT&gt;PROJCS[&amp;quot;NAD_1983_UTM_Zone_18N&amp;quot;,GEOGCS[&amp;quot;GCS_North_American_1983&amp;quot;,DATUM[&amp;quot;D_North_American_1983&amp;quot;,SPHEROID[&amp;quot;GRS_1980&amp;quot;,6378137.0,298.257222101]],PRIMEM[&amp;quot;Greenwich&amp;quot;,0.0],UNIT[&amp;quot;Degree&amp;quot;,0.0174532925199433]],PROJECTION[&amp;quot;Transverse_Mercator&amp;quot;],PARAMETER[&amp;quot;False_Easting&amp;quot;,500000.0],PARAMETER[&amp;quot;False_Northing&amp;quot;,0.0],PARAMETER[&amp;quot;Central_Meridian&amp;quot;,-75.0],PARAMETER[&amp;quot;Scale_Factor&amp;quot;,0.9996],PARAMETER[&amp;quot;Latitude_Of_Origin&amp;quot;,0.0],UNIT[&amp;quot;Meter&amp;quot;,1.0],AUTHORITY[&amp;quot;EPSG&amp;quot;,26918]]&lt;/WKT&gt;&lt;XOrigin&gt;-5120900&lt;/XOrigin&gt;&lt;YOrigin&gt;-9998100&lt;/YOrigin&gt;&lt;XYScale&gt;450445547.3910538&lt;/XYScale&gt;&lt;ZOrigin&gt;-100000&lt;/ZOrigin&gt;&lt;ZScale&gt;10000&lt;/ZScale&gt;&lt;MOrigin&gt;-100000&lt;/MOrigin&gt;&lt;MScale&gt;10000&lt;/MScale&gt;&lt;XYTolerance&gt;0.001&lt;/XYTolerance&gt;&lt;ZTolerance&gt;0.001&lt;/ZTolerance&gt;&lt;MTolerance&gt;0.001&lt;/MTolerance&gt;&lt;HighPrecision&gt;true&lt;/HighPrecision&gt;&lt;WKID&gt;26918&lt;/WKID&gt;&lt;LatestWKID&gt;26918&lt;/LatestWKID&gt;&lt;/ProjectedCoordinateSystem&gt;</peXml></coordRef></DataProperties><ArcGISstyle>FGDC CSDGM Metadata</ArcGISstyle></Esri><idinfo><native Sync="TRUE">Microsoft Windows XP Version 5.1 (Build 2600) Service Pack 3; ESRI ArcCatalog 9.3.1.3000</native><descript><langdata Sync="TRUE">en</langdata><abstract>Shoreline Situation Reports (SSR) were first generated by VIMS in the 1970's to report the condition and status of the shore lands.  The SSR series were published in hardcopy on a county by county basis for each Tidewater Virginia localities.  The reports were intended to assist planners, managers, and regulators in decisions pertaining to management of coastal areas and natural resources therein.  This Shoreline Inventory report continues a process which updates and expands the earlier reports.  Data collected reports conditions surveyed in the immediate riparian zone, the bank, and along the shoreline.
</abstract><purpose>To inventory Virginia's tidal shoreline conditions.
</purpose><supplinf>There are four shapefiles that are part of the 2013 York County Shoreline Inventory database: yorkco_lubc_13, yorkco_astru_13, yorkco_sstru and yorkco_tm_2013. Yorkco_lubc_13 (land use and bank cover for York County) is a linear shapefile containing data about land use, tree fringe, bank height, bank cover,  erosion, and beach status along the shoreline. Yorkco_sstru _13 (York County shoreline structures) is a linear shapefile delineating hard structures in place at the shoreline (bulkhead, breakwater,debris, dilapidated bulkhead,  riprap, jetty, marina, marsh toe revetment, wharf, unconventional, groinfields). Yorkco_astru _13 (York County access structures) is a point shapefile with locations of docks, public and private ramps, dilapidated docks, and boathouses.Yorkco_tm_2013 is a polygon shapefile delineating tidal marshes in York County  The attributes of these four shapefiles are explained in the Entity and Attribute Information section below.</supplinf></descript><citation><citeinfo><pubdate>2013</pubdate><title>York County Shoreline Structures (yorkco_sstru_13)</title><ftname Sync="TRUE">yorkco_sstru_13</ftname><geoform Sync="TRUE">vector digital data</geoform><onlink>http://ccrm.vims.edu//gis_data_maps/shoreline_inventories/index.html</onlink><origin>Comprehensive Coastal Inventory, Virginia Institute of Marine Science</origin></citeinfo></citation><timeperd><current>ground condition at time of survey</current><timeinfo><mdattim/></timeinfo></timeperd><status><progress>Complete</progress><update>None planned</update></status><spdom><bounding><westbc Sync="TRUE">-76.710395</westbc><eastbc Sync="TRUE">-76.381903</eastbc><northbc Sync="TRUE">37.373679</northbc><southbc Sync="TRUE">37.088003</southbc></bounding><lboundng><leftbc Sync="TRUE">348549.250000</leftbc><rightbc Sync="TRUE">377189.031300</rightbc><bottombc Sync="TRUE">4105993.250000</bottombc><topbc Sync="TRUE">4137229.500000</topbc></lboundng></spdom><keywords><theme><themekt>none</themekt><themekey>Shoreline structures</themekey><themekey>Access structures</themekey><themekey>Shoreline conditions</themekey><themekey>Shoreline Inventory</themekey></theme><place><placekey>Virginia</placekey><placekey>Chesapeake Bay</placekey><placekey>Back Creek</placekey><placekey>Back River</placekey><placekey>Bay Tree Creek</placekey><placekey>Carter Creek</placekey><placekey>Chisman Creek</placekey><placekey>Felgate Creek</placekey><placekey>Goodwin Islands</placekey><placekey>Indian Creek</placekey><placekey>King Creek</placekey><placekey>Poquoson River</placekey><placekey>Queen Creek</placekey><placekey>Skimino Creek</placekey><placekey>Wormley Creek</placekey><placekt>none</placekt><placekey>York River</placekey></place></keywords><accconst>These data should not be used for jurisdictional permit determinations beyond providing general shoreline condition or status information.  These data have not been surveyed to property boundaries.
</accconst><useconst>none</useconst><natvform Sync="TRUE">Shapefile</natvform><ptcontac><cntinfo><cntperp><cntper>Marcia Berman</cntper><cntorg>Virginia Institute of Marine Science (VIMS)</cntorg></cntperp><cntpos>Director of Comprehensive Coastal Inventory Program</cntpos><cntaddr><addrtype>mailing and physical address</addrtype><address>P.O.Box 1346 Greate Road</address><city>Gloucester Point</city><state>Virginia</state><postal>23062</postal><country>USA</country></cntaddr><cntvoice>804-684-7188</cntvoice><cntfax>804-684-7179</cntfax><cntemail>marcia@vims.edu</cntemail></cntinfo></ptcontac></idinfo><dataIdInfo><envirDesc Sync="TRUE">Microsoft Windows XP Version 5.1 (Build 2600) Service Pack 3; ESRI ArcCatalog 9.3.1.3000</envirDesc><dataLang><languageCode Sync="TRUE" value="en"></languageCode><countryCode value="USA" Sync="TRUE"></countryCode></dataLang><idCitation><resTitle Sync="TRUE">yorkco_sstru_13</resTitle><presForm><PresFormCd Sync="TRUE" value="005"></PresFormCd></presForm></idCitation><spatRpType><SpatRepTypCd Sync="TRUE" value="001"></SpatRepTypCd></spatRpType><dataExt><geoEle><GeoBndBox esriExtentType="native"><westBL Sync="TRUE">348549.25</westBL><eastBL Sync="TRUE">377189.0313</eastBL><northBL Sync="TRUE">4137229.5</northBL><southBL Sync="TRUE">4105993.25</southBL><exTypeCode Sync="TRUE">1</exTypeCode></GeoBndBox></geoEle></dataExt><geoBox esriExtentType="decdegrees"><westBL Sync="TRUE">-76.710395</westBL><eastBL Sync="TRUE">-76.381903</eastBL><northBL Sync="TRUE">37.373679</northBL><southBL Sync="TRUE">37.088003</southBL><exTypeCode Sync="TRUE">1</exTypeCode></geoBox></dataIdInfo><metainfo><langmeta Sync="TRUE">en</langmeta><metstdn Sync="TRUE">FGDC Content Standards for Digital Geospatial Metadata</metstdn><metstdv Sync="TRUE">FGDC-STD-001-1998</metstdv><mettc Sync="TRUE">local time</mettc><metc><cntinfo><cntaddr><addrtype>mailing and physical address</addrtype><city>Gloucester Point</city><state>Virginia</state><postal>23062</postal><address>P.O.Box 1346 Greate Road</address><country>USA</country></cntaddr><cntvoice>804-684-7534</cntvoice><cntperp><cntper>Sharon Killeen</cntper><cntorg>Comprehensive Coastal Inventory, Virginia Institute of Marine Science</cntorg></cntperp><cntpos>GIS Programmer/Analyst</cntpos><cntfax>804-684-7179</cntfax><cntemail>sharon@vims.edu</cntemail></cntinfo></metc><metd Sync="TRUE">20130722</metd><metextns><onlink Sync="TRUE">http://www.esri.com/metadata/esriprof80.html</onlink><metprof Sync="TRUE">ESRI Metadata Profile</metprof></metextns></metainfo><mdLang><languageCode Sync="TRUE" value="en"></languageCode><countryCode value="USA" Sync="TRUE"></countryCode></mdLang><mdStanName Sync="TRUE">ISO 19115 Geographic Information - Metadata</mdStanName><mdStanVer Sync="TRUE">DIS_ESRI1.0</mdStanVer><mdChar><CharSetCd Sync="TRUE" value="004"></CharSetCd></mdChar><mdHrLv><ScopeCd Sync="TRUE" value="005"></ScopeCd></mdHrLv><mdHrLvName Sync="TRUE">dataset</mdHrLvName><distinfo><resdesc Sync="TRUE">Downloadable Data</resdesc><stdorder><digform><digtinfo><transize Sync="TRUE">1.766</transize><dssize Sync="TRUE">1.766</dssize></digtinfo></digform></stdorder></distinfo><distInfo><distributor><distorTran><onLineSrc><orDesc Sync="TRUE">002</orDesc><linkage Sync="TRUE">file://\\139.70.26.251\ccrm\cci\Shoreline_Inventories\Inventories_In_Progress\York_County_2013\Final_shapefiles\yorkco_sstru_13.shp</linkage><protocol Sync="TRUE">Local Area Network</protocol></onLineSrc><transSize Sync="TRUE">1.766</transSize></distorTran><distorFormat><formatName Sync="TRUE">Shapefile</formatName></distorFormat></distributor><distFormat><formatName Sync="TRUE">Shapefile</formatName></distFormat><distTranOps><transSize Sync="TRUE">0.000</transSize></distTranOps></distInfo><spdoinfo><direct Sync="TRUE">Vector</direct><ptvctinf><esriterm Name="yorkco_sstru_13"><efeatyp Sync="TRUE">Simple</efeatyp><efeageom code="3" Sync="TRUE">Polyline</efeageom><esritopo Sync="TRUE">FALSE</esritopo><efeacnt Sync="TRUE">751</efeacnt><spindex Sync="TRUE">TRUE</spindex><linrefer Sync="TRUE">FALSE</linrefer></esriterm><sdtsterm Name="yorkco_sstru_13"><sdtstype Sync="TRUE">String</sdtstype><ptvctcnt Sync="TRUE">751</ptvctcnt></sdtsterm></ptvctinf></spdoinfo><spatRepInfo><VectSpatRep><topLvl><TopoLevCd value="001" Sync="TRUE"></TopoLevCd></topLvl><geometObjs Name="yorkco_sstru_13"><geoObjTyp><GeoObjTypCd Sync="TRUE" value="001"></GeoObjTypCd></geoObjTyp><geoObjCnt Sync="TRUE">751</geoObjCnt></geometObjs></VectSpatRep></spatRepInfo><eainfo><detailed Name="yorkco_sstru_13"><enttyp><enttypl Sync="TRUE">yorkco_sstru_13</enttypl><enttypt Sync="TRUE">Feature Class</enttypt><enttypc Sync="TRUE">751</enttypc></enttyp><attr><attrlabl Sync="TRUE">FID</attrlabl><attalias Sync="TRUE">FID</attalias><attrtype Sync="TRUE">OID</attrtype><attwidth Sync="TRUE">4</attwidth><atprecis Sync="TRUE">0</atprecis><attscale Sync="TRUE">0</attscale><attrdef Sync="TRUE">Internal feature number.</attrdef><attrdefs Sync="TRUE">ESRI</attrdefs><attrdomv><udom Sync="TRUE">Sequential unique whole numbers that are automatically generated.</udom></attrdomv></attr><attr><attrlabl Sync="TRUE">Shape</attrlabl><attalias Sync="TRUE">Shape</attalias><attrtype Sync="TRUE">Geometry</attrtype><attwidth Sync="TRUE">0</attwidth><atprecis Sync="TRUE">0</atprecis><attscale Sync="TRUE">0</attscale><attrdef Sync="TRUE">Feature geometry.</attrdef><attrdefs Sync="TRUE">ESRI</attrdefs><attrdomv><udom Sync="TRUE">Coordinates defining the features.</udom></attrdomv></attr><attr><attrlabl Sync="TRUE">LENGTH</attrlabl><attalias Sync="TRUE">LENGTH</attalias><attrtype Sync="TRUE">Number</attrtype><attwidth Sync="TRUE">18</attwidth><atnumdec Sync="TRUE">3</atnumdec></attr><attr><attrlabl Sync="TRUE">STRUCTURE</attrlabl><attalias Sync="TRUE">STRUCTURE</attalias><attrtype Sync="TRUE">String</attrtype><attwidth Sync="TRUE">25</attwidth><attrdef>hardened conditions at the shoreline: breakwater, bulkhead, dilapidated bulkhead, debris, groinfield, jetty, marina, marina &gt;50 slips, marina &lt;50 slips, marsh toe revetment,riprap, unconventional</attrdef></attr><attr><attrlabl Sync="TRUE">Inv_update</attrlabl><attalias Sync="TRUE">Inv_update</attalias><attrtype Sync="TRUE">String</attrtype><attwidth Sync="TRUE">100</attwidth></attr></detailed></eainfo><mdDateSt Sync="TRUE">20130722</mdDateSt><dataqual><lineage><procstep><procdesc>The original 2009 York County Shoreline Inventory was developed using these techniques: data was collected by a two-person field crew (one person collecting land use and bank condition data and one boat operator also collecting shoreline features) using two hand-held Trimble GeoExplorers GPS Units, while navigating along the shoreline. A data dictionary designed for the inventory was installed on each GPS Unit. One data collector records natural features including land use, bank height, presence of marsh or beach, and shoreline stability. A second person collects data on the hardened structures: riprap, bulkheads, docks, boatramps, etc. Point features (docks, boathouses, ramps) were surveyed with a six second observation recorded at 1 reading/second. Linear features were surveyed kinematically at a rate of one observation every 3 seconds.
</procdesc><proccont><cntinfo><cntperp><cntper>Sharon Killeen</cntper><cntorg>Comprehensive Coastal Inventory, Virginia Institute of Marine Science</cntorg></cntperp><cntpos>Senior Programmer/Analyst</cntpos><cntaddr><addrtype>mailing and physical address</addrtype><address>P.O.Box 1346 Greate Road</address><city>Gloucester Point</city><state>Virginia</state><postal>23062</postal><country>USA</country></cntaddr><cntvoice>804-684-7534</cntvoice><cntfax>804-684-7179</cntfax><cntemail>sharon@vims.edu</cntemail></cntinfo></proccont></procstep><srcinfo><srccite><citeinfo><title>Virginia Base Map Program Imagery Hydrology </title><origin>Commonwealth of Virginia, through Virginia Geographic Network Division of its Department of Technology Planning (VGIN) </origin><pubdate>2009</pubdate></citeinfo></srccite><srctime><timeinfo><mdattim/></timeinfo></srctime></srcinfo><procstep><procdesc>Data from the GPS units were postprocessed on a PC with Trimble Pathfinder Office software. Postprocessing includes differential correction using base station data collected at the VIMS laboratory. Corrected data is converted to shapefiles for further processing.
</procdesc></procstep><procstep><procdesc>In the ArcMap environment, boat-track arcs were manually shifted to the base shoreline (VBMP). Arcs were split and moved to locations on the shoreline perpendicular to the original locations on the boat-track. Shoreline arc segments were coded, and the shapefiles were visually checked for attribute accuracy between coded shoreline and boat-track data.
</procdesc></procstep><procstep><procdesc>In ArcMap, boat-track points were manually shifted to the base shoreline (VBMP). Points were moved to locations on the shoreline perpendicular to the original locations on the boat-track. Points were coded and the access structure (astru) was visually checked for attribute accuracy between coded shoreline and boat-track data.
</procdesc></procstep><procstep><procdesc>In ArcMap, boat-track points were manually shifted to the base shoreline (VBMP). Points were moved to locations on the shoreline perpendicular to the original locations on the boat-track. Points were coded and the access structure (astru) was visually checked for attribute accuracy between coded shoreline and boat-track data.
</procdesc></procstep><procstep><procdesc>A portfolio containing seventeen 1:12,000 scale plates was created for York County. Each plate shows four maps: riparian land use, bank conditions, shoreline features, and natural buffers.   VBMP (2007) imagery is displayed in the background to provide users with additional information.
</procdesc></procstep><procstep><proccont><cntinfo><cntperp><cntper>Sharon Killeen </cntper><cntorg>Comprehensive Coastal Inventory Program, Viginia Institute of Marine Science </cntorg></cntperp><cntpos>GIS Programmer/Analyst </cntpos><cntaddr><addrtype>mailing and physical address</addrtype><address>P.O. Box 1346 Greate Road</address><city>Gloucester Point</city><state>Virginia</state><postal>23062</postal><country>USA</country></cntaddr><cntvoice>804-684-7534</cntvoice><cntfax>804-684-7179</cntfax><cntemail>sharon@vims.edu</cntemail></cntinfo></proccont><procdesc>To update the York County Inventory, high resolution oblique imagery available through Bing  and VBMP 2011 imagery provided the source data that allowed the inventory to be updated without additional field work.  Bing imagery provides an excellent platform to assess changes in land use, presence of erosion control structures, and the location of private/public docks, boathouses, marins, and boat ramps. The imagery is less suited to accurately assess changes in bank height or bank condition.  By and large, these characteristics are relatively stable over time; the exception being areas with extreme exposure that may have been subject to intense storms since the original survey.
</procdesc></procstep></lineage><logic>Chain-node topology present.  Linear coverages were built for lines and point coverages were built for points.
</logic><complete>All shoreline for York County was coded remotely using high resolution oblique imagery.</complete><posacc><horizpa><horizpar>The York County shoreline inventory done in 2009 recorded shoreline attributes with a GPS unit as the boat moved along the shoreline with a horizontal accuracy of +/- 5 meters.  Data was transferred from the GPS boat track to an existing digital shoreline coverage by projecting data to the shoreline at a 90 degree angle from the boat track.  Rectified imagery were used as a background coverage to aid in data positioning.  Land use features were placed along the shore so changes in land use were coincident with changes illustrated in the imagery.  Positional accuracy for data that has been corrected with imagery which has a resolution of  2 meters or better.  Accuracy limits of the field collected data, however, are set at 5 meters due to the short occupancy of GPS units.  In many cases the image correction yields a final positional accuracy much closer to 2 meters or less, depending on image resolution.
The 2013 Shoreline Inventory for York County was coded remotely using recent  high resolution color infra-red and natural color imagery (2011) with a resolution of 1 meter or better is used along with Bing oblique imagery to identify and code the shoreline for shoreline attributes.
</horizpar></horizpa></posacc></dataqual><spref><horizsys><cordsysn><geogcsn Sync="TRUE">GCS_North_American_1983</geogcsn><projcsn Sync="TRUE">NAD_1983_UTM_Zone_18N</projcsn></cordsysn><planar><planci><plance Sync="TRUE">coordinate pair</plance><plandu Sync="TRUE">meters</plandu><coordrep><absres Sync="TRUE">0.000000</absres><ordres Sync="TRUE">0.000000</ordres></coordrep></planci><gridsys><gridsysn Sync="TRUE">Universal Transverse Mercator</gridsysn><utm><utmzone Sync="TRUE">18</utmzone><transmer><sfctrmer Sync="TRUE">0.999600</sfctrmer><longcm Sync="TRUE">-75.000000</longcm><latprjo Sync="TRUE">0.000000</latprjo><feast Sync="TRUE">500000.000000</feast><fnorth Sync="TRUE">0.000000</fnorth></transmer></utm></gridsys></planar><geodetic><horizdn Sync="TRUE">North American Datum of 1983</horizdn><ellips Sync="TRUE">Geodetic Reference System 80</ellips><semiaxis Sync="TRUE">6378137.000000</semiaxis><denflat Sync="TRUE">298.257222</denflat></geodetic></horizsys></spref><refSysInfo><RefSystem><refSysID><identCode Sync="TRUE" value="26918">NAD_1983_UTM_Zone_18N</identCode><idCodeSpace Sync="TRUE">EPSG</idCodeSpace><idVersion Sync="TRUE">7.9.4</idVersion></refSysID></RefSystem></refSysInfo></metadata>
