<?xml version="1.0"?>
<!--<!DOCTYPE metadata SYSTEM "http://www.esri.com/metadata/esriprof80.dtd">-->
<metadata xml:lang="en"><Esri><CreaDate>20131121</CreaDate><CreaTime>15160100</CreaTime><SyncOnce>FALSE</SyncOnce><SyncDate>20131125</SyncDate><SyncTime>11092400</SyncTime><ModDate>20131125</ModDate><ModTime>11092400</ModTime><DataProperties><lineage><Process ToolSource="C:\Program Files\ArcGIS\ArcToolbox\Toolboxes\Data Management Tools.tbx\SmoothPolygon" Date="20100107" Time="115201">SmoothPolygon loweryork_tm C:\yr_ws_tm\loweryork_tm_SmoothPolygon1.shp PAEK "5 Meters" FIXED_ENDPOINT FLAG_ERRORS</Process><Process ToolSource="C:\Program Files (x86)\ArcGIS\Desktop10.0\ArcToolbox\Toolboxes\Data Management Tools.tbx\CalculateField" Date="20130429" Time="114208">CalculateField york_tm1 TMI_ID "[FID] + 378" VB #</Process><Process ToolSource="c:\program files (x86)\arcgis\desktop10.0\ArcToolbox\Toolboxes\Data Management Tools.tbx\Merge" Date="20130429" Time="140349">Merge york_tm1;york_tm2 N:\cci\Shoreline_Inventories\Tidal_Marsh_Inventories\Localities\YorkCo_2013\YorkCo_tmi_final.shp "CLASS_ID "CLASS_ID" true true false 4 Short 0 4 ,First,#,york_tm1,CLASS_ID,-1,-1,york_tm2,CLASS_ID,-1,-1;InPoly_FID "InPoly_FID" true true false 9 Long 0 9 ,First,#,york_tm1,InPoly_FID,-1,-1;SimPlyFlag "SimPlyFlag" true true false 4 Short 0 4 ,First,#,york_tm1,SimPlyFlag,-1,-1;AREA "AREA" true true false 13 Float 0 0 ,First,#,york_tm1,AREA,-1,-1,york_tm2,AREA,-1,-1;TMI_ID "TMI_ID" true true false 9 Long 0 9 ,First,#,york_tm1,TMI_ID,-1,-1,york_tm2,TMI_ID,-1,-1;marshclass "marshclass" true true false 50 Text 0 0 ,First,#,york_tm1,marshclass,-1,-1,york_tm2,marshclass,-1,-1;TMI_TYPE "TMI_TYPE" true true false 4 Short 0 4 ,First,#,york_tm1,TMI_TYPE,-1,-1,york_tm2,TMI_TYPE,-1,-1;FIELD "FIELD" true true false 5 Text 0 0 ,First,#,york_tm1,FIELD,-1,-1,york_tm2,FIELD,-1,-1;ID "ID" true true false 6 Long 0 6 ,First,#,york_tm2,ID,-1,-1;NEW_ID "NEW_ID" true true false 12 Double 0 12 ,First,#,york_tm2,NEW_ID,-1,-1;TMI_NO "TMI_NO" true true false 11 Double 0 11 ,First,#,york_tm2,TMI_NO,-1,-1;MFIPS "MFIPS" true true false 16 Double 0 16 ,First,#,york_tm2,MFIPS,-1,-1;COMMENTS "COMMENTS" true true false 28 Text 0 0 ,First,#,york_tm2,COMMENTS,-1,-1;CODED "CODED" true true false 6 Long 0 6 ,First,#,york_tm2,CODED,-1,-1"</Process><Process ToolSource="C:\Program Files (x86)\ArcGIS\Desktop10.0\ArcToolbox\Toolboxes\Data Management Tools.tbx\CalculateField" Date="20130429" Time="141552">CalculateField YorkCo_tmi_final marshclass "fringe &gt;15" VB #</Process><Process ToolSource="C:\Program Files (x86)\ArcGIS\Desktop10.0\ArcToolbox\Toolboxes\Data Management Tools.tbx\CalculateField" Date="20130430" Time="084608">CalculateField YorkCo_tmi_final marshclass "fringe &gt;15" VB #</Process><Process ToolSource="C:\Program Files (x86)\ArcGIS\Desktop10.0\ArcToolbox\Toolboxes\Data Management Tools.tbx\CalculateField" Date="20130430" Time="085905">CalculateField YorkCo_tmi_final marshclass "fringe &gt;15" VB #</Process><Process ToolSource="C:\Program Files (x86)\ArcGIS\Desktop10.0\ArcToolbox\Toolboxes\Data Management Tools.tbx\CalculateField" Date="20130430" Time="091837">CalculateField YorkCo_tmi_final marshclass "fringe &gt;15" VB #</Process><Process ToolSource="C:\Program Files (x86)\ArcGIS\Desktop10.0\ArcToolbox\Toolboxes\Data Management Tools.tbx\CalculateField" Date="20130430" Time="093732">CalculateField YorkCo_tmi_final marshclass "fringe &gt;15" VB #</Process><Process ToolSource="C:\Program Files (x86)\ArcGIS\Desktop10.0\ArcToolbox\Toolboxes\Data Management Tools.tbx\CalculateField" Date="20130430" Time="103141">CalculateField YorkCo_tmi_final marshclass "fringe &gt;15" VB #</Process><Process ToolSource="C:\Program Files (x86)\ArcGIS\Desktop10.0\ArcToolbox\Toolboxes\Data Management Tools.tbx\CalculateField" Date="20130430" Time="103519">CalculateField YorkCo_tmi_final marshclass "fringe &gt;15" VB #</Process><Process ToolSource="C:\Program Files (x86)\ArcGIS\Desktop10.0\ArcToolbox\Toolboxes\Data Management Tools.tbx\CalculateField" Date="20130430" Time="103844">CalculateField YorkCo_tmi_final marshclass "fringe &gt;15" VB #</Process><Process ToolSource="C:\Program Files (x86)\ArcGIS\Desktop10.0\ArcToolbox\Toolboxes\Data Management Tools.tbx\CalculateField" Date="20130430" Time="104138">CalculateField YorkCo_tmi_final marshclass "fringe &gt;15" VB #</Process><Process ToolSource="C:\Program Files (x86)\ArcGIS\Desktop10.0\ArcToolbox\Toolboxes\Data Management Tools.tbx\CalculateField" Date="20130430" Time="104332">CalculateField YorkCo_tmi_final marshclass "fringe &gt;15" VB #</Process><Process ToolSource="C:\Program Files (x86)\ArcGIS\Desktop10.0\ArcToolbox\Toolboxes\Data Management Tools.tbx\CalculateField" Date="20130430" Time="104500">CalculateField YorkCo_tmi_final marshclass "fringe &gt;15" VB #</Process><Process ToolSource="C:\Program Files (x86)\ArcGIS\Desktop10.0\ArcToolbox\Toolboxes\Data Management Tools.tbx\CalculateField" Date="20130430" Time="111159">CalculateField YorkCo_tmi_final marshclass "fringe &gt;15" VB #</Process><Process ToolSource="C:\Program Files (x86)\ArcGIS\Desktop10.0\ArcToolbox\Toolboxes\Data Management Tools.tbx\CalculateField" Date="20130430" Time="135127">CalculateField YorkCo_tmi_final marshclass "fringe &gt;15" VB #</Process><Process ToolSource="C:\Program Files (x86)\ArcGIS\Desktop10.0\ArcToolbox\Toolboxes\Data Management Tools.tbx\CalculateField" Date="20130430" Time="135341">CalculateField YorkCo_tmi_final marshclass "fringe &gt;15" VB #</Process><Process ToolSource="C:\Program Files (x86)\ArcGIS\Desktop10.0\ArcToolbox\Toolboxes\Data Management Tools.tbx\CalculateField" Date="20130430" Time="135518">CalculateField YorkCo_tmi_final marshclass "fringe &gt;15" VB #</Process><Process ToolSource="C:\Program Files (x86)\ArcGIS\Desktop10.0\ArcToolbox\Toolboxes\Data Management Tools.tbx\CalculateField" Date="20130430" Time="135615">CalculateField YorkCo_tmi_final marshclass "fringe &gt;15" VB #</Process><Process ToolSource="C:\Program Files (x86)\ArcGIS\Desktop10.0\ArcToolbox\Toolboxes\Data Management Tools.tbx\CalculateField" Date="20130430" Time="135841">CalculateField YorkCo_tmi_final marshclass "fringe &gt;15" VB #</Process><Process ToolSource="C:\Program Files (x86)\ArcGIS\Desktop10.0\ArcToolbox\Toolboxes\Data Management Tools.tbx\CalculateField" Date="20130501" Time="091442">CalculateField YorkCo_tmi_final marshclass "fringe &gt;15" VB #</Process><Process ToolSource="C:\Program Files (x86)\ArcGIS\Desktop10.0\ArcToolbox\Toolboxes\Data Management Tools.tbx\CalculateField" Date="20130501" Time="091602">CalculateField YorkCo_tmi_final marshclass "fringe &gt;15" VB #</Process><Process ToolSource="C:\Program Files (x86)\ArcGIS\Desktop10.0\ArcToolbox\Toolboxes\Data Management Tools.tbx\CalculateField" Date="20130501" Time="100328">CalculateField YorkCo_tmi_final marshclass "fringe &gt;15"
 VB #</Process><Process ToolSource="C:\Program Files (x86)\ArcGIS\Desktop10.0\ArcToolbox\Toolboxes\Data Management Tools.tbx\CalculateField" Date="20130501" Time="100529">CalculateField YorkCo_tmi_final marshclass "fringe &lt;15" VB #</Process><Process ToolSource="C:\Program Files (x86)\ArcGIS\Desktop10.0\ArcToolbox\Toolboxes\Data Management Tools.tbx\CalculateField" Date="20130501" Time="100640">CalculateField YorkCo_tmi_final marshclass "fringe &gt;15" VB #</Process><Process ToolSource="C:\Program Files (x86)\ArcGIS\Desktop10.0\ArcToolbox\Toolboxes\Data Management Tools.tbx\CalculateField" Date="20130501" Time="133644">CalculateField YorkCo_tmi_final marshclass "fringe &gt;15" VB #</Process><Process ToolSource="C:\Program Files (x86)\ArcGIS\Desktop10.0\ArcToolbox\Toolboxes\Data Management Tools.tbx\CalculateField" Date="20130501" Time="134031">CalculateField YorkCo_tmi_final marshclass "fringe &gt;15" VB #</Process><Process ToolSource="C:\Program Files (x86)\ArcGIS\Desktop10.0\ArcToolbox\Toolboxes\Data Management Tools.tbx\CalculateField" Date="20130501" Time="134119">CalculateField YorkCo_tmi_final marshclass "fringe &lt;15" VB #</Process><Process ToolSource="C:\Program Files (x86)\ArcGIS\Desktop10.0\ArcToolbox\Toolboxes\Data Management Tools.tbx\CalculateField" Date="20130501" Time="134207">CalculateField YorkCo_tmi_final marshclass "fringe &lt;15" VB #</Process><Process ToolSource="C:\Program Files (x86)\ArcGIS\Desktop10.0\ArcToolbox\Toolboxes\Data Management Tools.tbx\CalculateField" Date="20130501" Time="134532">CalculateField YorkCo_tmi_final marshclass "fringe &gt;15" VB #</Process><Process ToolSource="C:\Program Files (x86)\ArcGIS\Desktop10.0\ArcToolbox\Toolboxes\Data Management Tools.tbx\CalculateField" Date="20130501" Time="134548">CalculateField YorkCo_tmi_final marshclass "fringe &lt;15" VB #</Process><Process ToolSource="C:\Program Files (x86)\ArcGIS\Desktop10.0\ArcToolbox\Toolboxes\Data Management Tools.tbx\CalculateField" Date="20130501" Time="140232">CalculateField YorkCo_tmi_final marshclass "fringe &gt;15" VB #</Process><Process ToolSource="C:\Program Files (x86)\ArcGIS\Desktop10.0\ArcToolbox\Toolboxes\Data Management Tools.tbx\CalculateField" Date="20130501" Time="140648">CalculateField YorkCo_tmi_final marshclass "fringe &lt;15" VB #</Process><Process ToolSource="C:\Program Files (x86)\ArcGIS\Desktop10.0\ArcToolbox\Toolboxes\Data Management Tools.tbx\CalculateField" Date="20130501" Time="142559">CalculateField YorkCo_tmi_final marshclass "fringe &lt;15" VB #</Process><Process ToolSource="C:\Program Files (x86)\ArcGIS\Desktop10.0\ArcToolbox\Toolboxes\Data Management Tools.tbx\CalculateField" Date="20130501" Time="145051">CalculateField YorkCo_tmi_final marshclass "fringe &gt;15" VB #</Process><Process ToolSource="C:\Program Files (x86)\ArcGIS\Desktop10.0\ArcToolbox\Toolboxes\Data Management Tools.tbx\CalculateField" Date="20130501" Time="145309">CalculateField YorkCo_tmi_final marshclass "fringe &lt;15" VB #</Process><Process ToolSource="C:\Program Files (x86)\ArcGIS\Desktop10.0\ArcToolbox\Toolboxes\Data Management Tools.tbx\CalculateField" Date="20130501" Time="145406">CalculateField YorkCo_tmi_final marshclass "fringe &gt;15" VB #</Process><Process ToolSource="C:\Program Files (x86)\ArcGIS\Desktop10.0\ArcToolbox\Toolboxes\Data Management Tools.tbx\CalculateField" Date="20130501" Time="145442">CalculateField YorkCo_tmi_final marshclass "fringe &lt;15" VB #</Process><Process ToolSource="C:\Program Files (x86)\ArcGIS\Desktop10.0\ArcToolbox\Toolboxes\Data Management Tools.tbx\CalculateField" Date="20130501" Time="145609">CalculateField YorkCo_tmi_final marshclass "fringe &gt;15" VB #</Process><Process ToolSource="C:\Program Files (x86)\ArcGIS\Desktop10.0\ArcToolbox\Toolboxes\Data Management Tools.tbx\CalculateField" Date="20130501" Time="145813">CalculateField YorkCo_tmi_final marshclass "marsh Island" VB #</Process><Process ToolSource="C:\Program Files (x86)\ArcGIS\Desktop10.0\ArcToolbox\Toolboxes\Data Management Tools.tbx\CalculateField" Date="20130501" Time="145830">CalculateField YorkCo_tmi_final marshclass "marsh island" VB #</Process><Process ToolSource="C:\Program Files (x86)\ArcGIS\Desktop10.0\ArcToolbox\Toolboxes\Data Management Tools.tbx\CalculateField" Date="20130502" Time="083347">CalculateField YorkCo_tmi_final marshclass "fringe &lt;15" VB #</Process><Process ToolSource="C:\Program Files (x86)\ArcGIS\Desktop10.0\ArcToolbox\Toolboxes\Data Management Tools.tbx\CalculateField" Date="20130502" Time="083406">CalculateField YorkCo_tmi_final marshclass "fringe &gt;15" VB #</Process><Process ToolSource="C:\Program Files (x86)\ArcGIS\Desktop10.0\ArcToolbox\Toolboxes\Data Management Tools.tbx\CalculateField" Date="20130502" Time="083554">CalculateField YorkCo_tmi_final marshclass "fringe &lt;15" VB #</Process><Process ToolSource="C:\Program Files (x86)\ArcGIS\Desktop10.0\ArcToolbox\Toolboxes\Data Management Tools.tbx\CalculateField" Date="20130502" Time="091623">CalculateField YorkCo_tmi_final marshclass "fringe &gt;15" VB #</Process><Process ToolSource="C:\Program Files (x86)\ArcGIS\Desktop10.0\ArcToolbox\Toolboxes\Data Management Tools.tbx\CalculateField" Date="20130502" Time="091808">CalculateField YorkCo_tmi_final marshclass "fringe &gt;15" VB #</Process><Process ToolSource="C:\Program Files (x86)\ArcGIS\Desktop10.0\ArcToolbox\Toolboxes\Data Management Tools.tbx\CalculateField" Date="20130502" Time="091949">CalculateField YorkCo_tmi_final marshclass "fringe &gt;15" VB #</Process><Process ToolSource="C:\Program Files (x86)\ArcGIS\Desktop10.0\ArcToolbox\Toolboxes\Data Management Tools.tbx\CalculateField" Date="20130502" Time="112154">CalculateField YorkCo_tmi_final marshclass "fringe &gt;15" VB #</Process><Process ToolSource="C:\Program Files (x86)\ArcGIS\Desktop10.0\ArcToolbox\Toolboxes\Data Management Tools.tbx\CalculateField" Date="20130502" Time="112442">CalculateField YorkCo_tmi_final marshclass "fringe &gt;15" VB #</Process><Process ToolSource="C:\Program Files (x86)\ArcGIS\Desktop10.0\ArcToolbox\Toolboxes\Data Management Tools.tbx\CalculateField" Date="20130502" Time="113531">CalculateField YorkCo_tmi_final marshclass "fringe &lt;15" VB #</Process><Process ToolSource="C:\Program Files (x86)\ArcGIS\Desktop10.0\ArcToolbox\Toolboxes\Data Management Tools.tbx\CalculateField" Date="20130502" Time="113942">CalculateField YorkCo_tmi_final marshclass "fringe &gt;15" VB #</Process><Process ToolSource="C:\Program Files (x86)\ArcGIS\Desktop10.0\ArcToolbox\Toolboxes\Data Management Tools.tbx\CalculateField" Date="20130502" Time="114032">CalculateField YorkCo_tmi_final marshclass "fringe &gt;15" VB #</Process><Process ToolSource="C:\Program Files (x86)\ArcGIS\Desktop10.0\ArcToolbox\Toolboxes\Data Management Tools.tbx\CalculateField" Date="20130502" Time="114053">CalculateField YorkCo_tmi_final marshclass "fringe &lt;15" VB #</Process><Process ToolSource="C:\Program Files (x86)\ArcGIS\Desktop10.0\ArcToolbox\Toolboxes\Data Management Tools.tbx\CalculateField" Date="20130502" Time="114150">CalculateField YorkCo_tmi_final marshclass "fringe &gt;15" VB #</Process><Process ToolSource="C:\Program Files (x86)\ArcGIS\Desktop10.0\ArcToolbox\Toolboxes\Data Management Tools.tbx\CalculateField" Date="20130502" Time="114538">CalculateField YorkCo_tmi_final marshclass "fringe &gt;15" VB #</Process><Process ToolSource="C:\Program Files (x86)\ArcGIS\Desktop10.0\ArcToolbox\Toolboxes\Data Management Tools.tbx\CalculateField" Date="20130502" Time="121845">CalculateField YorkCo_tmi_final marshclass "fringe &gt;15" VB #</Process><Process ToolSource="C:\Program Files (x86)\ArcGIS\Desktop10.0\ArcToolbox\Toolboxes\Data Management Tools.tbx\CalculateField" Date="20130502" Time="121956">CalculateField YorkCo_tmi_final marshclass "fringe &gt;15" VB #</Process><Process ToolSource="C:\Program Files (x86)\ArcGIS\Desktop10.0\ArcToolbox\Toolboxes\Data Management Tools.tbx\CalculateField" Date="20130502" Time="122059">CalculateField YorkCo_tmi_final marshclass "fringe &gt;15" VB #</Process><Process ToolSource="C:\Program Files (x86)\ArcGIS\Desktop10.0\ArcToolbox\Toolboxes\Data Management Tools.tbx\CalculateField" Date="20130502" Time="122138">CalculateField YorkCo_tmi_final marshclass "fringe &lt;15" VB #</Process><Process ToolSource="C:\Program Files (x86)\ArcGIS\Desktop10.0\ArcToolbox\Toolboxes\Data Management Tools.tbx\CalculateField" Date="20130502" Time="122316">CalculateField YorkCo_tmi_final marshclass "fringe &gt;15" VB #</Process><Process ToolSource="C:\Program Files (x86)\ArcGIS\Desktop10.0\ArcToolbox\Toolboxes\Data Management Tools.tbx\CalculateField" Date="20130502" Time="122610">CalculateField YorkCo_tmi_final marshclass "fringe &lt;15" VB #</Process><Process ToolSource="C:\Program Files (x86)\ArcGIS\Desktop10.0\ArcToolbox\Toolboxes\Data Management Tools.tbx\CalculateField" Date="20130502" Time="122628">CalculateField YorkCo_tmi_final marshclass "fringe &gt;15" VB #</Process><Process ToolSource="C:\Program Files (x86)\ArcGIS\Desktop10.0\ArcToolbox\Toolboxes\Data Management Tools.tbx\CalculateField" Date="20130502" Time="124812">CalculateField YorkCo_tmi_final marshclass "fringe &lt;15" VB #</Process><Process ToolSource="C:\Program Files (x86)\ArcGIS\Desktop10.0\ArcToolbox\Toolboxes\Data Management Tools.tbx\CalculateField" Date="20130502" Time="124918">CalculateField YorkCo_tmi_final marshclass "fringe &lt;15" VB #</Process><Process ToolSource="C:\Program Files (x86)\ArcGIS\Desktop10.0\ArcToolbox\Toolboxes\Data Management Tools.tbx\CalculateField" Date="20130502" Time="125119">CalculateField YorkCo_tmi_final marshclass "fringe &gt;15" VB #</Process><Process ToolSource="C:\Program Files (x86)\ArcGIS\Desktop10.0\ArcToolbox\Toolboxes\Data Management Tools.tbx\CalculateField" Date="20130502" Time="125139">CalculateField YorkCo_tmi_final marshclass "fringe &lt;15" VB #</Process><Process ToolSource="C:\Program Files (x86)\ArcGIS\Desktop10.0\ArcToolbox\Toolboxes\Data Management Tools.tbx\CalculateField" Date="20130502" Time="125541">CalculateField YorkCo_tmi_final marshclass "fringe &lt;15" VB #</Process><Process ToolSource="C:\Program Files (x86)\ArcGIS\Desktop10.0\ArcToolbox\Toolboxes\Data Management Tools.tbx\CalculateField" Date="20130502" Time="125604">CalculateField YorkCo_tmi_final marshclass "fringe &gt;15" VB #</Process><Process ToolSource="C:\Program Files (x86)\ArcGIS\Desktop10.0\ArcToolbox\Toolboxes\Data Management Tools.tbx\CalculateField" Date="20130502" Time="125628">CalculateField YorkCo_tmi_final marshclass "fringe &lt;15" VB #</Process><Process ToolSource="C:\Program Files (x86)\ArcGIS\Desktop10.0\ArcToolbox\Toolboxes\Data Management Tools.tbx\CalculateField" Date="20130502" Time="125657">CalculateField YorkCo_tmi_final marshclass "fringe &lt;15" VB #</Process><Process ToolSource="C:\Program Files (x86)\ArcGIS\Desktop10.0\ArcToolbox\Toolboxes\Data Management Tools.tbx\CalculateField" Date="20130502" Time="125713">CalculateField YorkCo_tmi_final marshclass "fringe &gt;15" VB #</Process><Process ToolSource="C:\Program Files (x86)\ArcGIS\Desktop10.0\ArcToolbox\Toolboxes\Data Management Tools.tbx\CalculateField" Date="20130502" Time="132322">CalculateField YorkCo_tmi_final marshclass "fringe &lt;15" VB #</Process><Process ToolSource="C:\Program Files (x86)\ArcGIS\Desktop10.0\ArcToolbox\Toolboxes\Data Management Tools.tbx\CalculateField" Date="20130502" Time="132937">CalculateField YorkCo_tmi_final marshclass "fringe &lt;15" VB #</Process><Process ToolSource="C:\Program Files (x86)\ArcGIS\Desktop10.0\ArcToolbox\Toolboxes\Data Management Tools.tbx\CalculateField" Date="20130502" Time="133123">CalculateField YorkCo_tmi_final marshclass "fringe &lt;15" VB #</Process><Process ToolSource="C:\Program Files (x86)\ArcGIS\Desktop10.0\ArcToolbox\Toolboxes\Data Management Tools.tbx\CalculateField" Date="20130502" Time="134414">CalculateField YorkCo_tmi_final marshclass "fringe &gt;15" VB #</Process><Process ToolSource="C:\Program Files (x86)\ArcGIS\Desktop10.0\ArcToolbox\Toolboxes\Data Management Tools.tbx\CalculateField" Date="20130502" Time="134447">CalculateField YorkCo_tmi_final marshclass "fringe &gt;15" VB #</Process><Process ToolSource="C:\Program Files (x86)\ArcGIS\Desktop10.0\ArcToolbox\Toolboxes\Data Management Tools.tbx\CalculateField" Date="20130502" Time="134501">CalculateField YorkCo_tmi_final marshclass "fringe &lt;15" VB #</Process><Process ToolSource="C:\Program Files (x86)\ArcGIS\Desktop10.0\ArcToolbox\Toolboxes\Data Management Tools.tbx\CalculateField" Date="20130502" Time="134540">CalculateField YorkCo_tmi_final marshclass "fringe &gt;15" VB #</Process><Process ToolSource="C:\Program Files (x86)\ArcGIS\Desktop10.0\ArcToolbox\Toolboxes\Data Management Tools.tbx\CalculateField" Date="20130502" Time="134713">CalculateField YorkCo_tmi_final marshclass "fringe &lt;15" VB #</Process><Process ToolSource="C:\Program Files (x86)\ArcGIS\Desktop10.0\ArcToolbox\Toolboxes\Data Management Tools.tbx\CalculateField" Date="20130502" Time="134818">CalculateField YorkCo_tmi_final marshclass "fringe &lt;15" VB #</Process><Process ToolSource="C:\Program Files (x86)\ArcGIS\Desktop10.0\ArcToolbox\Toolboxes\Data Management Tools.tbx\CalculateField" Date="20130502" Time="135146">CalculateField YorkCo_tmi_final marshclass "fringe &lt;15" VB #</Process><Process ToolSource="C:\Program Files (x86)\ArcGIS\Desktop10.0\ArcToolbox\Toolboxes\Data Management Tools.tbx\CalculateField" Date="20130502" Time="135504">CalculateField YorkCo_tmi_final marshclass "fringe &lt;15" VB #</Process><Process ToolSource="C:\Program Files (x86)\ArcGIS\Desktop10.0\ArcToolbox\Toolboxes\Data Management Tools.tbx\CalculateField" Date="20130502" Time="135816">CalculateField YorkCo_tmi_final marshclass "fringe &gt;15" VB #</Process><Process ToolSource="C:\Program Files (x86)\ArcGIS\Desktop10.0\ArcToolbox\Toolboxes\Data Management Tools.tbx\CalculateField" Date="20130502" Time="135854">CalculateField YorkCo_tmi_final marshclass "fringe &lt;15" VB #</Process><Process ToolSource="C:\Program Files (x86)\ArcGIS\Desktop10.0\ArcToolbox\Toolboxes\Data Management Tools.tbx\CalculateField" Date="20130502" Time="140719">CalculateField YorkCo_tmi_final marshclass "fringe &lt;15" VB #</Process><Process ToolSource="C:\Program Files (x86)\ArcGIS\Desktop10.0\ArcToolbox\Toolboxes\Data Management Tools.tbx\CalculateField" Date="20130502" Time="141114">CalculateField YorkCo_tmi_final marshclass "fringe &lt;15" VB #</Process><Process ToolSource="C:\Program Files (x86)\ArcGIS\Desktop10.0\ArcToolbox\Toolboxes\Data Management Tools.tbx\CalculateField" Date="20130502" Time="141130">CalculateField YorkCo_tmi_final marshclass "fringe &gt;15" VB #</Process><Process ToolSource="C:\Program Files (x86)\ArcGIS\Desktop10.0\ArcToolbox\Toolboxes\Data Management Tools.tbx\CalculateField" Date="20130502" Time="141944">CalculateField YorkCo_tmi_final marshclass "fringe &gt;15" VB #</Process><Process ToolSource="C:\Program Files (x86)\ArcGIS\Desktop10.0\ArcToolbox\Toolboxes\Data Management Tools.tbx\CalculateField" Date="20130502" Time="142009">CalculateField YorkCo_tmi_final marshclass "fringe &lt;15" VB #</Process><Process ToolSource="C:\Program Files (x86)\ArcGIS\Desktop10.0\ArcToolbox\Toolboxes\Data Management Tools.tbx\CalculateField" Date="20130502" Time="142114">CalculateField YorkCo_tmi_final marshclass "fringe &gt;15" VB #</Process><Process ToolSource="C:\Program Files (x86)\ArcGIS\Desktop10.0\ArcToolbox\Toolboxes\Data Management Tools.tbx\CalculateField" Date="20130502" Time="142153">CalculateField YorkCo_tmi_final marshclass "fringe &gt;15" VB #</Process><Process ToolSource="C:\Program Files (x86)\ArcGIS\Desktop10.0\ArcToolbox\Toolboxes\Data Management Tools.tbx\CalculateField" Date="20130502" Time="142231">CalculateField YorkCo_tmi_final marshclass "fringe &gt;15" VB #</Process><Process ToolSource="C:\Program Files (x86)\ArcGIS\Desktop10.0\ArcToolbox\Toolboxes\Data Management Tools.tbx\CalculateField" Date="20130502" Time="142327">CalculateField YorkCo_tmi_final marshclass "fringe &lt;15" VB #</Process><Process ToolSource="C:\Program Files (x86)\ArcGIS\Desktop10.0\ArcToolbox\Toolboxes\Data Management Tools.tbx\CalculateField" Date="20130502" Time="142550">CalculateField YorkCo_tmi_final marshclass "fringe &lt;15" VB #</Process><Process ToolSource="C:\Program Files (x86)\ArcGIS\Desktop10.0\ArcToolbox\Toolboxes\Data Management Tools.tbx\CalculateField" Date="20130502" Time="142641">CalculateField YorkCo_tmi_final marshclass "fringe &gt;15" VB #</Process><Process ToolSource="C:\Program Files (x86)\ArcGIS\Desktop10.0\ArcToolbox\Toolboxes\Data Management Tools.tbx\CalculateField" Date="20130502" Time="142715">CalculateField YorkCo_tmi_final marshclass "fringe &lt;15" VB #</Process><Process ToolSource="C:\Program Files (x86)\ArcGIS\Desktop10.0\ArcToolbox\Toolboxes\Data Management Tools.tbx\CalculateField" Date="20130502" Time="142835">CalculateField YorkCo_tmi_final marshclass "fringe &gt;15" VB #</Process><Process ToolSource="C:\Program Files (x86)\ArcGIS\Desktop10.0\ArcToolbox\Toolboxes\Data Management Tools.tbx\CalculateField" Date="20130502" Time="142902">CalculateField YorkCo_tmi_final marshclass "fringe &gt;15" VB #</Process><Process ToolSource="C:\Program Files (x86)\ArcGIS\Desktop10.0\ArcToolbox\Toolboxes\Data Management Tools.tbx\CalculateField" Date="20130502" Time="142943">CalculateField YorkCo_tmi_final marshclass "fringe &lt;15" VB #</Process><Process ToolSource="C:\Program Files (x86)\ArcGIS\Desktop10.0\ArcToolbox\Toolboxes\Data Management Tools.tbx\CalculateField" Date="20130502" Time="143432">CalculateField YorkCo_tmi_final marshclass "fringe &gt;15" VB #</Process><Process ToolSource="C:\Program Files (x86)\ArcGIS\Desktop10.0\ArcToolbox\Toolboxes\Data Management Tools.tbx\CalculateField" Date="20130502" Time="143509">CalculateField YorkCo_tmi_final marshclass "fringe &lt;15" VB #</Process><Process ToolSource="C:\Program Files (x86)\ArcGIS\Desktop10.0\ArcToolbox\Toolboxes\Data Management Tools.tbx\CalculateField" Date="20130502" Time="144215">CalculateField YorkCo_tmi_final marshclass "fringe &lt;15" VB #</Process><Process ToolSource="C:\Program Files (x86)\ArcGIS\Desktop10.0\ArcToolbox\Toolboxes\Data Management Tools.tbx\CalculateField" Date="20130502" Time="144342">CalculateField YorkCo_tmi_final marshclass "fringe &gt;15" VB #</Process><Process ToolSource="C:\Program Files (x86)\ArcGIS\Desktop10.0\ArcToolbox\Toolboxes\Data Management Tools.tbx\CalculateField" Date="20130502" Time="144436">CalculateField YorkCo_tmi_final marshclass "fringe &gt;15" VB #</Process><Process ToolSource="C:\Program Files (x86)\ArcGIS\Desktop10.0\ArcToolbox\Toolboxes\Data Management Tools.tbx\CalculateField" Date="20130502" Time="145059">CalculateField YorkCo_tmi_final marshclass "fringe &gt;15" VB #</Process><Process ToolSource="C:\Program Files (x86)\ArcGIS\Desktop10.0\ArcToolbox\Toolboxes\Data Management Tools.tbx\CalculateField" Date="20130502" Time="145123">CalculateField YorkCo_tmi_final marshclass "fringe &gt;15" VB #</Process><Process ToolSource="C:\Program Files (x86)\ArcGIS\Desktop10.0\ArcToolbox\Toolboxes\Data Management Tools.tbx\CalculateField" Date="20130502" Time="145147">CalculateField YorkCo_tmi_final marshclass "fringe &gt;15" VB #</Process><Process ToolSource="C:\Program Files (x86)\ArcGIS\Desktop10.0\ArcToolbox\Toolboxes\Data Management Tools.tbx\CalculateField" Date="20130502" Time="145220">CalculateField YorkCo_tmi_final marshclass "fringe &lt;15" VB #</Process><Process ToolSource="C:\Program Files (x86)\ArcGIS\Desktop10.0\ArcToolbox\Toolboxes\Data Management Tools.tbx\CalculateField" Date="20130502" Time="145306">CalculateField YorkCo_tmi_final marshclass "fringe &lt;15" VB #</Process><Process ToolSource="C:\Program Files (x86)\ArcGIS\Desktop10.0\ArcToolbox\Toolboxes\Data Management Tools.tbx\CalculateField" Date="20130502" Time="145644">CalculateField YorkCo_tmi_final marshclass "fringe &gt;15" VB #</Process><Process ToolSource="C:\Program Files (x86)\ArcGIS\Desktop10.0\ArcToolbox\Toolboxes\Data Management Tools.tbx\CalculateField" Date="20130502" Time="145726">CalculateField YorkCo_tmi_final marshclass "embayed" VB #</Process><Process ToolSource="C:\Program Files (x86)\ArcGIS\Desktop10.0\ArcToolbox\Toolboxes\Data Management Tools.tbx\CalculateField" Date="20130502" Time="145750">CalculateField YorkCo_tmi_final marshclass "embayed" VB #</Process><Process ToolSource="C:\Program Files (x86)\ArcGIS\Desktop10.0\ArcToolbox\Toolboxes\Data Management Tools.tbx\CalculateField" Date="20130503" Time="095908">CalculateField YorkCo_tmi_final marshclass "fringe &lt;15" VB #</Process><Process ToolSource="C:\Program Files (x86)\ArcGIS\Desktop10.0\ArcToolbox\Toolboxes\Data Management Tools.tbx\CalculateField" Date="20130503" Time="145007">CalculateField YorkCo_tmi_final marshclass "fringe &gt;15" VB #</Process><Process ToolSource="C:\Program Files (x86)\ArcGIS\Desktop10.0\ArcToolbox\Toolboxes\Data Management Tools.tbx\CalculateField" Date="20130503" Time="145429">CalculateField YorkCo_tmi_final marshclass "fringe &gt;15" VB #</Process><Process ToolSource="C:\Program Files (x86)\ArcGIS\Desktop10.0\ArcToolbox\Toolboxes\Data Management Tools.tbx\CalculateField" Date="20130503" Time="150028">CalculateField YorkCo_tmi_final marshclass "fringe &gt;15" VB #</Process><Process ToolSource="c:\program files\arcgis\desktop10.1\ArcToolbox\Toolboxes\Data Management Tools.tbx\CalculateField" Date="20130531" Time="141830">CalculateField YorkCo_tmi_final marshclass "fringe &gt;15" VB #</Process><Process ToolSource="C:\Program Files (x86)\ArcGIS\Desktop10.0\ArcToolbox\Toolboxes\Data Management Tools.tbx\CalculateField" Date="20130725" Time="102340">CalculateField YorkCo_tmi_final TMI_NO "[InPoly_FID] +1" VB #</Process><Process ToolSource="C:\Program Files (x86)\ArcGIS\Desktop10.0\ArcToolbox\Toolboxes\Data Management Tools.tbx\CalculateField" Date="20130725" Time="102432">CalculateField YorkCo_tmi_final TMI_NO "[InPoly_FID] + 1" VB #</Process><Process ToolSource="C:\Program Files (x86)\ArcGIS\Desktop10.0\ArcToolbox\Toolboxes\Data Management Tools.tbx\CalculateField" Date="20130725" Time="102555">CalculateField YorkCo_tmi_final TMI_NO "[FID] + 1" VB #</Process><Process ToolSource="C:\Program Files\ArcGIS\Desktop10.0\ArcToolbox\Toolboxes\Data Management Tools.tbx\CalculateField" Date="20130809" Time="110455">CalculateField YorkCo_tmi_final FIELD No VB #</Process><Process ToolSource="C:\Program Files\ArcGIS\Desktop10.0\ArcToolbox\Toolboxes\Data Management Tools.tbx\CalculateField" Date="20130809" Time="110652">CalculateField YorkCo_tmi_final FIELD "No"
 VB #</Process><Process ToolSource="C:\Program Files\ArcGIS\Desktop10.0\ArcToolbox\Toolboxes\Data Management Tools.tbx\CalculateField" Date="20130809" Time="110843">CalculateField YorkCo_tmi_final FIELD "N"
 VB #</Process><Process ToolSource="C:\Program Files\ArcGIS\Desktop10.0\ArcToolbox\Toolboxes\Data Management Tools.tbx\CalculateField" Date="20130809" Time="113910">CalculateField YorkCo_tmi_final FIELD "No" VB #</Process><Process ToolSource="C:\Program Files\ArcGIS\Desktop10.0\ArcToolbox\Toolboxes\Data Management Tools.tbx\CalculateField" Date="20130809" Time="113953">CalculateField YorkCo_tmi_final FIELD "N" VB #</Process><Process ToolSource="C:\Program Files\ArcGIS\Desktop10.0\ArcToolbox\Toolboxes\Data Management Tools.tbx\CalculateField" Date="20130809" Time="145524">CalculateField YorkCo_tmi_final FIELD "N" VB #</Process><Process ToolSource="C:\Program Files (x86)\ArcGIS\Desktop10.0\ArcToolbox\Toolboxes\Data Management Tools.tbx\CalculateField" Date="20130815" Time="142544">CalculateField YorkCo_tmi_final FIELD "Y" VB #</Process><Process ToolSource="C:\Program Files (x86)\ArcGIS\Desktop10.0\ArcToolbox\Toolboxes\Data Management Tools.tbx\CalculateField" Date="20130815" Time="145005">CalculateField YorkCo_tmi_final FIELD "N" VB #</Process><Process ToolSource="C:\Program Files (x86)\ArcGIS\Desktop10.0\ArcToolbox\Toolboxes\Data Management Tools.tbx\CalculateField" Date="20130817" Time="171630">CalculateField YorkCo_tmi_final FIELD "Y" VB #</Process><Process ToolSource="c:\program files\arcgis\desktop10.1\ArcToolbox\Toolboxes\Data Management Tools.tbx\Project" Date="20131017" Time="150320">Project YorkCo_tmi_final C:\myworkspace\SMM\York\YorkCo_tmi_final_utm18.shp PROJCS['NAD_1983_UTM_Zone_18N',GEOGCS['GCS_North_American_1983',DATUM['D_North_American_1983',SPHEROID['GRS_1980',6378137.0,298.257222101]],PRIMEM['Greenwich',0.0],UNIT['Degree',0.0174532925199433]],PROJECTION['Transverse_Mercator'],PARAMETER['False_Easting',500000.0],PARAMETER['False_Northing',0.0],PARAMETER['Central_Meridian',-75.0],PARAMETER['Scale_Factor',0.9996],PARAMETER['Latitude_Of_Origin',0.0],UNIT['Meter',1.0]] WGS_1984_(ITRF00)_To_NAD_1983 PROJCS['World_Mercator',GEOGCS['GCS_WGS_1984',DATUM['D_WGS_1984',SPHEROID['WGS_1984',6378137.0,298.257223563]],PRIMEM['Greenwich',0.0],UNIT['Degree',0.0174532925199433]],PROJECTION['Mercator'],PARAMETER['False_Easting',0.0],PARAMETER['False_Northing',0.0],PARAMETER['Central_Meridian',0.0],PARAMETER['Standard_Parallel_1',0.0],UNIT['Meter',1.0]]</Process><Process ToolSource="c:\program files\arcgis\desktop10.1\ArcToolbox\Toolboxes\Data Management Tools.tbx\JoinField" Date="20131017" Time="153339">JoinField YorkCo_tmi_final_utm18 TMI_NO YorkCo_tmi_final_utm18_points_id_tmi2010 TMI_NO tmiID_2010</Process><Process ToolSource="c:\program files\arcgis\desktop10.1\ArcToolbox\Toolboxes\Data Management Tools.tbx\CalculateField" Date="20131017" Time="160424">CalculateField YorkCo_tmi_final_utm18 Final_ID [NEW_ID] VB #</Process><Process ToolSource="c:\program files\arcgis\desktop10.1\ArcToolbox\Toolboxes\Data Management Tools.tbx\CalculateField" Date="20131017" Time="160721">CalculateField YorkCo_tmi_final_utm18 Final_ID [tmiID_2010] VB #</Process><Process ToolSource="c:\program files\arcgis\desktop10.1\ArcToolbox\Toolboxes\Data Management Tools.tbx\CalculateField" Date="20131017" Time="160816">CalculateField YorkCo_tmi_final_utm18 Final_ID [TMI_NO] VB #</Process><Process ToolSource="C:\Program Files (x86)\ArcGIS\Desktop10.0\ArcToolbox\Toolboxes\Data Management Tools.tbx\CalculateField" Date="20131109" Time="194401">CalculateField YorkCo_tmi_final_utm18 FIELD N VB #</Process><Process ToolSource="C:\Program Files (x86)\ArcGIS\Desktop10.0\ArcToolbox\Toolboxes\Data Management Tools.tbx\CalculateField" Date="20131109" Time="194427">CalculateField YorkCo_tmi_final_utm18 FIELD "N" VB #</Process><Process ToolSource="C:\Program Files (x86)\ArcGIS\Desktop10.0\ArcToolbox\Toolboxes\Data Management Tools.tbx\CalculateField" Date="20131109" Time="194803">CalculateField YorkCo_tmi_final_utm18 FIELD "N" VB #</Process><Process ToolSource="C:\Program Files (x86)\ArcGIS\Desktop10.0\ArcToolbox\Toolboxes\Data Management Tools.tbx\CalculateField" Date="20131109" Time="194857">CalculateField YorkCo_tmi_final_utm18 FIELD "N" VB #</Process><Process ToolSource="C:\Program Files (x86)\ArcGIS\Desktop10.0\ArcToolbox\Toolboxes\Data Management Tools.tbx\CalculateField" Date="20131109" Time="201215">CalculateField YorkCo_tmi_final_utm18 FIELD "N" VB #</Process><Process ToolSource="C:\Program Files (x86)\ArcGIS\Desktop10.0\ArcToolbox\Toolboxes\Data Management Tools.tbx\CalculateField" Date="20131109" Time="201322">CalculateField YorkCo_tmi_final_utm18 FIELD "N" VB #</Process><Process ToolSource="C:\Program Files (x86)\ArcGIS\Desktop10.0\ArcToolbox\Toolboxes\Data Management Tools.tbx\CalculateField" Date="20131119" Time="101729">CalculateField YorkCo_tmi_final_utm18 FIELD "N" VB #</Process><Process ToolSource="C:\Program Files (x86)\ArcGIS\Desktop10.0\ArcToolbox\Toolboxes\Data Management Tools.tbx\CalculateField" Date="20131119" Time="103733">CalculateField YorkCo_tmi_final_utm18 FIELD "N" VB #</Process><Process ToolSource="C:\Program Files (x86)\ArcGIS\Desktop10.0\ArcToolbox\Toolboxes\Data Management Tools.tbx\CalculateField" Date="20131119" Time="103850">CalculateField YorkCo_tmi_final_utm18 FIELD "N" VB #</Process><Process ToolSource="C:\Program Files (x86)\ArcGIS\Desktop10.0\ArcToolbox\Toolboxes\Data Management Tools.tbx\CalculateField" Date="20131119" Time="104046">CalculateField YorkCo_tmi_final_utm18 FIELD "N" VB #</Process><Process ToolSource="C:\Program Files (x86)\ArcGIS\Desktop10.0\ArcToolbox\Toolboxes\Data Management Tools.tbx\CalculateField" Date="20131119" Time="104555">CalculateField YorkCo_tmi_final_utm18 FIELD "N" VB #</Process><Process ToolSource="C:\Program Files (x86)\ArcGIS\Desktop10.0\ArcToolbox\Toolboxes\Data Management Tools.tbx\CalculateField" Date="20131119" Time="112432">CalculateField YorkCo_tmi_final_utm18 FIELD " " VB #</Process><Process ToolSource="C:\Program Files (x86)\ArcGIS\Desktop10.0\ArcToolbox\Toolboxes\Data Management Tools.tbx\CalculateField" Date="20131119" Time="124917">CalculateField YorkCo_tmi_final_utm18 FIELD "N" VB #</Process><Process ToolSource="C:\Program Files\ArcGIS\Desktop10.0\ArcToolbox\Toolboxes\Data Management Tools.tbx\JoinField" Date="20131121" Time="152638">JoinField YorkCo_tmi_final_utm18 Final_ID York_TMI_comunityType_Phrag_for_joining Final_ID CmtyType;Reedgrass;PctPhrag;FieldDate;CollectedBy</Process><Process ToolSource="C:\Program Files\ArcGIS\Desktop10.0\ArcToolbox\Toolboxes\Data Management Tools.tbx\DeleteField" Date="20131122" Time="110610">DeleteField YorkCo_tmi_final_utm18 CmtyType;Reedgrass;PctPhrag;FieldDate;CollectedB</Process><Process ToolSource="C:\Program Files\ArcGIS\Desktop10.0\ArcToolbox\Toolboxes\Data Management Tools.tbx\JoinField" Date="20131122" Time="110821">JoinField YorkCo_tmi_final_utm18 Final_ID York_TMI_CommunityType_Phrag_table_for_joining Final_ID CmtyType;Reedgrass;PctPhrag;FieldDate;CollectedBy</Process><Process ToolSource="C:\Program Files\ArcGIS\Desktop10.0\ArcToolbox\Toolboxes\Data Management Tools.tbx\CalculateField" Date="20131122" Time="112014">CalculateField YorkCo_tmi_final_utm18 FIELD "Y" VB #</Process><Process ToolSource="C:\Program Files\ArcGIS\Desktop10.0\ArcToolbox\Toolboxes\Data Management Tools.tbx\CalculateField" Date="20131122" Time="115824">CalculateField YorkCo_tmi_final_utm18 CollectedB "JULIE B" VB #</Process><Process ToolSource="C:\Program Files\ArcGIS\Desktop10.0\ArcToolbox\Toolboxes\Data Management Tools.tbx\JoinField" Date="20131122" Time="125630">JoinField YorkCo_tmi_final_utm18 CmtyType CommunityTypeTable Code CommunType;Dominant_Plant_Species</Process><Process ToolSource="C:\Program Files\ArcGIS\Desktop10.0\ArcToolbox\Toolboxes\Data Management Tools.tbx\JoinField" Date="20131122" Time="130659">JoinField YorkCo_tmi_final_utm18 CmtyType CommunityTypeTable Code Code;CommunType;Dominant_Plant_Species</Process><Process ToolSource="C:\Program Files\ArcGIS\Desktop10.0\ArcToolbox\Toolboxes\Data Management Tools.tbx\CalculateField" Date="20131122" Time="131252">CalculateField YorkCo_tmi_final_utm18 CmtyType "BW" VB #</Process><Process ToolSource="C:\Program Files\ArcGIS\Desktop10.0\ArcToolbox\Toolboxes\Data Management Tools.tbx\JoinField" Date="20131122" Time="131850">JoinField YorkCo_tmi_final_utm18 CmtyType CommunityTypeTable Code Code</Process><Process ToolSource="C:\Program Files\ArcGIS\Desktop10.0\ArcToolbox\Toolboxes\Data Management Tools.tbx\JoinField" Date="20131122" Time="132053">JoinField YorkCo_tmi_final_utm18 Code CommunityTypeTable Code CommunType;Dominant_Plant_Species</Process><Process ToolSource="C:\Program Files\ArcGIS\Desktop10.0\ArcToolbox\Toolboxes\Data Management Tools.tbx\CalculateField" Date="20131122" Time="132808">CalculateField YorkCo_tmi_final_utm18 TMI_ID [Final_ID] VB #</Process></lineage><itemProps><itemLocation><linkage Sync="TRUE">file://\\139.70.26.251\ccrm\cci\Shoreline_Inventories\Tidal_Marsh_Inventories\Localities\YorkCo_2013\Final_York_TMI_Data\YorkCo_tmi_final_utm18.shp</linkage><protocol Sync="TRUE">Local Area Network</protocol></itemLocation><itemName Sync="TRUE">YorkCo_tmi_final_utm18</itemName><imsContentType Sync="TRUE">002</imsContentType><itemSize Sync="TRUE">18.259</itemSize><nativeExtBox><westBL Sync="TRUE">348374.490454</westBL><eastBL Sync="TRUE">377036.526412</eastBL><southBL Sync="TRUE">4105994.284713</southBL><northBL Sync="TRUE">4137227.462795</northBL><exTypeCode Sync="TRUE">1</exTypeCode></nativeExtBox></itemProps><copyHistory><copy source="N:\cci\Shoreline_Inventories\Tidal_Marsh_Inventories\Localities\YorkCo_2013\YorkCo_tmi_final_utm18" dest="\\139.70.26.251\ccrm\cci\Shoreline_Inventories\Tidal_Marsh_Inventories\Localities\YorkCo_2013\Final_York_TMI_Data\YorkCo_tmi_final_utm18" date="20131121" time="15160100"></copy></copyHistory><coordRef><type Sync="TRUE">Projected</type><geogcsn Sync="TRUE">GCS_North_American_1983</geogcsn><csUnits Sync="TRUE">Linear Unit: Meter (1.000000)</csUnits><projcsn Sync="TRUE">NAD_1983_UTM_Zone_18N</projcsn><peXml Sync="TRUE">&lt;ProjectedCoordinateSystem xsi:type='typens:ProjectedCoordinateSystem' xmlns:xsi='http://www.w3.org/2001/XMLSchema-instance' xmlns:xs='http://www.w3.org/2001/XMLSchema' xmlns:typens='http://www.esri.com/schemas/ArcGIS/10.0'&gt;&lt;WKT&gt;PROJCS[&amp;quot;NAD_1983_UTM_Zone_18N&amp;quot;,GEOGCS[&amp;quot;GCS_North_American_1983&amp;quot;,DATUM[&amp;quot;D_North_American_1983&amp;quot;,SPHEROID[&amp;quot;GRS_1980&amp;quot;,6378137.0,298.257222101]],PRIMEM[&amp;quot;Greenwich&amp;quot;,0.0],UNIT[&amp;quot;Degree&amp;quot;,0.0174532925199433]],PROJECTION[&amp;quot;Transverse_Mercator&amp;quot;],PARAMETER[&amp;quot;False_Easting&amp;quot;,500000.0],PARAMETER[&amp;quot;False_Northing&amp;quot;,0.0],PARAMETER[&amp;quot;Central_Meridian&amp;quot;,-75.0],PARAMETER[&amp;quot;Scale_Factor&amp;quot;,0.9996],PARAMETER[&amp;quot;Latitude_Of_Origin&amp;quot;,0.0],UNIT[&amp;quot;Meter&amp;quot;,1.0],AUTHORITY[&amp;quot;EPSG&amp;quot;,26918]]&lt;/WKT&gt;&lt;XOrigin&gt;-5120900&lt;/XOrigin&gt;&lt;YOrigin&gt;-9998100&lt;/YOrigin&gt;&lt;XYScale&gt;450445547.3910538&lt;/XYScale&gt;&lt;ZOrigin&gt;-100000&lt;/ZOrigin&gt;&lt;ZScale&gt;10000&lt;/ZScale&gt;&lt;MOrigin&gt;-100000&lt;/MOrigin&gt;&lt;MScale&gt;10000&lt;/MScale&gt;&lt;XYTolerance&gt;0.001&lt;/XYTolerance&gt;&lt;ZTolerance&gt;0.001&lt;/ZTolerance&gt;&lt;MTolerance&gt;0.001&lt;/MTolerance&gt;&lt;HighPrecision&gt;true&lt;/HighPrecision&gt;&lt;WKID&gt;26918&lt;/WKID&gt;&lt;/ProjectedCoordinateSystem&gt;</peXml></coordRef></DataProperties><ArcGISstyle>FGDC CSDGM Metadata</ArcGISstyle></Esri><idinfo><native Sync="TRUE">Microsoft Windows XP Version 5.1 (Build 2600) Service Pack 3; ESRI ArcCatalog 9.3.1.3000</native><descript><langdata Sync="TRUE">en</langdata><abstract>The Virginia Institute of Marine Science published the first Tidal marsh Inventories for York County in 1989 using data collected in the 1970's.   Using high resolution color infra-red imagery from 2009 and 2011 a new Tidal Marsh Inventory has been developed for 2013.  Marsh boundaries were generated using heads-up digitizing techniques at a scale of 1:1,000.  Each marsh polygon was classified by morphologic type: fringe, extensive, embayed, or marsh island.  Marshes were ground-truthed in the field , in 2010 and 2013, where a community type index was assigned to each marsh based on plant community make-up</abstract><purpose>To maintain and update an inventory of the distribution of tidal marshes for the Commonwealth  Virginia.</purpose></descript><citation><citeinfo><origin>Comprehensive Coastal Inventory, Virginia Institute of Marine Science </origin><pubdate>2013</pubdate><title>York County Tidal Marsh Inventory 2013</title><ftname Sync="TRUE">YorkCo_tmi_final_utm18</ftname><geoform Sync="TRUE">vector digital data</geoform><onlink>http://ccrm.vims.edu/gis_data_maps/shoreline_inventories/index.html</onlink></citeinfo></citation><timeperd><current>ground condition</current><timeinfo><mdattim><sngdate><caldate>7/29/2013</caldate></sngdate><sngdate><caldate>7/31/2013</caldate></sngdate><sngdate><caldate>6/21/2010</caldate></sngdate><sngdate><caldate>6/22/2010</caldate></sngdate><sngdate><caldate>6/23/2010</caldate></sngdate><sngdate><caldate>6/24/2010</caldate></sngdate><sngdate><caldate>6/25/2010</caldate></sngdate><sngdate><caldate>6/28/2010</caldate></sngdate></mdattim></timeinfo></timeperd><status><progress>Complete</progress><update>None planned</update></status><spdom><bounding><westbc Sync="TRUE">-76.712367</westbc><eastbc Sync="TRUE">-76.383619</eastbc><northbc Sync="TRUE">37.373640</northbc><southbc Sync="TRUE">37.087984</southbc></bounding><lboundng><leftbc Sync="TRUE">348374.490454</leftbc><rightbc Sync="TRUE">377036.526412</rightbc><bottombc Sync="TRUE">4105994.284713</bottombc><topbc Sync="TRUE">4137227.462795</topbc></lboundng></spdom><keywords><theme><themekey>Tidal Marsh Inventory</themekey><themekey>Marsh community type</themekey></theme><place><placekey>Virginia</placekey><placekey>York County</placekey><placekey>York River</placekey><placekey>Poquoson River</placekey><placekey>Chesapeake Bay</placekey><placekey>Back Creek</placekey><placekey>Back River</placekey><placekey>Bay Tree Creek</placekey><placekey>Carter Creek</placekey><placekey>Chisman Creek</placekey><placekey>Felgate Creek</placekey><placekey>Goodwin Islands</placekey><placekey>Indian Creek</placekey><placekey>King Creek</placekey><placekey>Queen Creek</placekey><placekey>Skimino Creek</placekey><placekey>Wormley Creek</placekey></place></keywords><accconst>none</accconst><useconst>The boundaries should not be used for jurisdictional determinations</useconst><natvform Sync="TRUE">Shapefile</natvform><ptcontac><cntinfo><cntperp><cntper>Marcia Berman</cntper><cntorg>Virginia Institute of Marine Science (VIMS) </cntorg></cntperp><cntpos>Director Comprehensive Coastal Inventory Program </cntpos><cntaddr><addrtype>mailing address</addrtype><address>P.O.Box 1346</address><city>Gloucester Point</city><state>Virginia</state><postal>23062</postal><country>USA</country></cntaddr><cntvoice>804-684-7188</cntvoice><cntfax>804-684-7179</cntfax><cntemail>marcia@vims.edu</cntemail></cntinfo></ptcontac></idinfo><dataIdInfo><envirDesc Sync="TRUE">Microsoft Windows XP Version 5.1 (Build 2600) Service Pack 3; ESRI ArcGIS 10.0.3.3600</envirDesc><dataLang><languageCode Sync="TRUE" value="en"></languageCode><countryCode value="US" Sync="TRUE"></countryCode></dataLang><idCitation><resTitle Sync="TRUE">YorkCo_tmi_final_utm18</resTitle><presForm><PresFormCd Sync="TRUE" value="005"></PresFormCd></presForm></idCitation><spatRpType><SpatRepTypCd Sync="TRUE" value="001"></SpatRepTypCd></spatRpType><dataExt><geoEle><GeoBndBox esriExtentType="native"><westBL Sync="TRUE">348374.490454</westBL><eastBL Sync="TRUE">377036.526412</eastBL><northBL Sync="TRUE">4137227.462795</northBL><southBL Sync="TRUE">4105994.284713</southBL><exTypeCode Sync="TRUE">1</exTypeCode></GeoBndBox></geoEle></dataExt><geoBox esriExtentType="decdegrees"><westBL Sync="TRUE">-76.712367</westBL><eastBL Sync="TRUE">-76.383619</eastBL><northBL Sync="TRUE">37.37364</northBL><southBL Sync="TRUE">37.087984</southBL><exTypeCode Sync="TRUE">1</exTypeCode></geoBox><dataExt><geoEle><GeoBndBox esriExtentType="search"><exTypeCode Sync="TRUE">1</exTypeCode><westBL Sync="TRUE">-76.712367</westBL><eastBL Sync="TRUE">-76.383619</eastBL><northBL Sync="TRUE">37.373640</northBL><southBL Sync="TRUE">37.087984</southBL></GeoBndBox></geoEle></dataExt></dataIdInfo><metainfo><langmeta Sync="TRUE">en</langmeta><metstdn Sync="TRUE">FGDC Content Standards for Digital Geospatial Metadata</metstdn><metstdv Sync="TRUE">FGDC-STD-001-1998</metstdv><mettc Sync="TRUE">local time</mettc><metc><cntinfo><cntaddr><addrtype>mailing address</addrtype><city>Gloucester Point</city><state>Virginia</state><postal>23062.</postal><address>P.O.Box 1346</address><country>USA</country></cntaddr><cntvoice>804-684-7534.</cntvoice><cntperp><cntper>Sharon Killeen</cntper><cntorg>Comprehensive Coastal Inventory Program, Virginia Institute of Marine Science </cntorg></cntperp><cntpos>GIS Programmer/Analyst </cntpos><cntfax>804-684-7179</cntfax><cntemail>sharon@vims.edu</cntemail></cntinfo></metc><metd Sync="TRUE">20131125</metd></metainfo><mdLang><languageCode Sync="TRUE" value="en"></languageCode><countryCode value="US" Sync="TRUE"></countryCode></mdLang><mdStanName Sync="TRUE">ISO 19115 Geographic Information - Metadata</mdStanName><mdStanVer Sync="TRUE">DIS_ESRI1.0</mdStanVer><mdChar><CharSetCd Sync="TRUE" value="004"></CharSetCd></mdChar><mdHrLv><ScopeCd Sync="TRUE" value="005"></ScopeCd></mdHrLv><mdHrLvName Sync="TRUE">dataset</mdHrLvName><distinfo><resdesc Sync="TRUE">Downloadable Data</resdesc><stdorder><digform><digtinfo><transize Sync="TRUE">18.259</transize><dssize Sync="TRUE">18.259</dssize></digtinfo></digform></stdorder></distinfo><distInfo><distributor><distorTran><onLineSrc><orDesc Sync="TRUE">002</orDesc><linkage Sync="TRUE">file://\\139.70.26.251\ccrm\cci\Shoreline_Inventories\Tidal_Marsh_Inventories\Localities\YorkCo_2013\Final_York_TMI_Data\YorkCo_tmi_final_utm18.shp</linkage><protocol Sync="TRUE">Local Area Network</protocol></onLineSrc><transSize Sync="TRUE">18.259</transSize></distorTran><distorFormat><formatName Sync="TRUE">Shapefile</formatName></distorFormat></distributor><distFormat><formatName Sync="TRUE">Shapefile</formatName></distFormat><distTranOps><transSize Sync="TRUE">18.259</transSize></distTranOps></distInfo><spdoinfo><direct Sync="TRUE">Vector</direct><ptvctinf><esriterm><efeatyp Sync="TRUE">Simple</efeatyp><efeageom code="4" Sync="TRUE"></efeageom><esritopo Sync="TRUE">FALSE</esritopo><efeacnt Sync="TRUE">1325</efeacnt><spindex Sync="TRUE">FALSE</spindex><linrefer Sync="TRUE">FALSE</linrefer></esriterm></ptvctinf></spdoinfo><spref><horizsys><cordsysn><geogcsn Sync="TRUE">GCS_North_American_1983</geogcsn><projcsn Sync="TRUE">NAD_1983_UTM_Zone_18N</projcsn></cordsysn><planar><planci><plance Sync="TRUE">coordinate pair</plance><plandu Sync="TRUE">meters</plandu><coordrep><absres Sync="TRUE">0.000000</absres><ordres Sync="TRUE">0.000000</ordres></coordrep></planci></planar><geodetic><horizdn Sync="TRUE">North American Datum of 1983</horizdn><ellips Sync="TRUE">Geodetic Reference System 80</ellips><semiaxis Sync="TRUE">6378137.000000</semiaxis><denflat Sync="TRUE">298.257222</denflat></geodetic></horizsys></spref><refSysInfo><RefSystem><refSysID><identCode Sync="TRUE" value="26918">NAD_1983_UTM_Zone_18N</identCode><idCodeSpace Sync="TRUE">EPSG</idCodeSpace><idVersion Sync="TRUE">7.4.1</idVersion></refSysID></RefSystem></refSysInfo><spatRepInfo><VectSpatRep><geometObjs Name="YorkCo_tmi_final_utm18"><geoObjTyp><GeoObjTypCd value="002" Sync="TRUE"></GeoObjTypCd></geoObjTyp><geoObjCnt Sync="TRUE">1325</geoObjCnt></geometObjs><topLvl><TopoLevCd value="001" Sync="TRUE"></TopoLevCd></topLvl></VectSpatRep></spatRepInfo><eainfo><detailed Name="YorkCo_tmi_final_utm18"><enttyp><enttypl Sync="TRUE">YorkCo_tmi_final_utm18</enttypl><enttypt Sync="TRUE">Feature Class</enttypt><enttypc Sync="TRUE">1325</enttypc></enttyp><attr><attrlabl Sync="TRUE">FID</attrlabl><attalias Sync="TRUE">FID</attalias><attrtype Sync="TRUE">OID</attrtype><attwidth Sync="TRUE">4</attwidth><atprecis Sync="TRUE">0</atprecis><attscale Sync="TRUE">0</attscale><attrdef Sync="TRUE">Internal feature number.</attrdef><attrdefs Sync="TRUE">ESRI</attrdefs><attrdomv><udom Sync="TRUE">Sequential unique whole numbers that are automatically generated.</udom></attrdomv></attr><attr><attrlabl Sync="TRUE">Shape</attrlabl><attalias Sync="TRUE">Shape</attalias><attrtype Sync="TRUE">Geometry</attrtype><attwidth Sync="TRUE">0</attwidth><atprecis Sync="TRUE">0</atprecis><attscale Sync="TRUE">0</attscale><attrdef Sync="TRUE">Feature geometry.</attrdef><attrdefs Sync="TRUE">ESRI</attrdefs><attrdomv><udom Sync="TRUE">Coordinates defining the features.</udom></attrdomv></attr><attr><attrlabl Sync="TRUE">AREA</attrlabl><attalias Sync="TRUE">AREA</attalias><attrtype Sync="TRUE">Single</attrtype><attwidth Sync="TRUE">13</attwidth><attrdef>size of marsh</attrdef><atprecis Sync="TRUE">0</atprecis><attscale Sync="TRUE">0</attscale></attr><attr><attrlabl Sync="TRUE">TMI_ID</attrlabl><attalias Sync="TRUE">TMI_ID</attalias><attrtype Sync="TRUE">Integer</attrtype><attwidth Sync="TRUE">9</attwidth><atprecis Sync="TRUE">9</atprecis><attscale Sync="TRUE">0</attscale></attr><attr><attrlabl Sync="TRUE">marshclass</attrlabl><attalias Sync="TRUE">marshclass</attalias><attrtype Sync="TRUE">String</attrtype><attwidth Sync="TRUE">50</attwidth><attrdef>Fringe &gt;15 feet, Fringe &lt;15 feet, Embayed, Extensive, and Marsh Island</attrdef><atprecis Sync="TRUE">0</atprecis><attscale Sync="TRUE">0</attscale></attr><attr><attrlabl Sync="TRUE">FIELD</attrlabl><attalias Sync="TRUE">FIELD</attalias><attrtype Sync="TRUE">String</attrtype><attwidth Sync="TRUE">5</attwidth><attrdef>field verified</attrdef><atprecis Sync="TRUE">0</atprecis><attscale Sync="TRUE">0</attscale></attr><attr><attrlabl Sync="TRUE">Final_ID</attrlabl><attalias Sync="TRUE">Final_ID</attalias><attrtype Sync="TRUE">Integer</attrtype><attwidth Sync="TRUE">9</attwidth><atprecis Sync="TRUE">9</atprecis><attscale Sync="TRUE">0</attscale></attr><attr><attrlabl Sync="TRUE">CmtyType</attrlabl><attalias Sync="TRUE">CmtyType</attalias><attrtype Sync="TRUE">String</attrtype><attwidth Sync="TRUE">254</attwidth><attrdef>Plant community type: I = Saltmarsh Cordgrass/low marsh,II = Saltmeadow/high marsh, III = Black Needlerush, IV = Saltbush, V = Big Cordgrass, VI = Cattail, VII = Arrow Arum, VIII = Reedgrass, IX = Yellow Pond Lily, X = Saltwort, XI = Freshwater mix, XII = Brackish mix</attrdef><atprecis Sync="TRUE">0</atprecis><attscale Sync="TRUE">0</attscale></attr><attr><attrlabl Sync="TRUE">Reedgrass</attrlabl><attalias Sync="TRUE">Reedgrass</attalias><attrtype Sync="TRUE">String</attrtype><attwidth Sync="TRUE">254</attwidth><atprecis Sync="TRUE">0</atprecis><attscale Sync="TRUE">0</attscale></attr><attr><attrlabl Sync="TRUE">PctPhrag</attrlabl><attalias Sync="TRUE">PctPhrag</attalias><attrtype Sync="TRUE">Double</attrtype><attwidth Sync="TRUE">19</attwidth><attrdef>% of Phragmites australis present</attrdef><atprecis Sync="TRUE">0</atprecis><attscale Sync="TRUE">0</attscale></attr><attr><attrlabl Sync="TRUE">FieldDate</attrlabl><attalias Sync="TRUE">FieldDate</attalias><attrtype Sync="TRUE">Date</attrtype><attwidth Sync="TRUE">8</attwidth><attrdef>Date of field verifacation</attrdef><atprecis Sync="TRUE">0</atprecis><attscale Sync="TRUE">0</attscale></attr><attr><attrlabl Sync="TRUE">CollectedB</attrlabl><attalias Sync="TRUE">CollectedB</attalias><attrtype Sync="TRUE">String</attrtype><attwidth Sync="TRUE">254</attwidth><attrdef>data collected  by</attrdef><atprecis Sync="TRUE">0</atprecis><attscale Sync="TRUE">0</attscale></attr><attr><attrlabl Sync="TRUE">Acres</attrlabl><attalias Sync="TRUE">Acres</attalias><attrtype Sync="TRUE">Double</attrtype><attwidth Sync="TRUE">13</attwidth><attrdef>size in acreage</attrdef><atprecis Sync="TRUE">12</atprecis><attscale Sync="TRUE">2</attscale></attr><attr><attrlabl Sync="TRUE">Code</attrlabl><attalias Sync="TRUE">Code</attalias><attrtype Sync="TRUE">String</attrtype><attwidth Sync="TRUE">254</attwidth><atprecis Sync="TRUE">0</atprecis><attscale Sync="TRUE">0</attscale></attr><attr><attrlabl Sync="TRUE">CommunType</attrlabl><attalias Sync="TRUE">CommunType</attalias><attrtype Sync="TRUE">String</attrtype><attwidth Sync="TRUE">254</attwidth><atprecis Sync="TRUE">0</atprecis><attscale Sync="TRUE">0</attscale></attr><attr><attrlabl Sync="TRUE">Dominant_P</attrlabl><attalias Sync="TRUE">Dominant_P</attalias><attrtype Sync="TRUE">String</attrtype><attwidth Sync="TRUE">254</attwidth><atprecis Sync="TRUE">0</atprecis><attscale Sync="TRUE">0</attscale></attr></detailed></eainfo><mdDateSt Sync="TRUE">20131125</mdDateSt><dataqual><lineage><srcinfo><srccite><citeinfo><origin>Virginia Geographic Information Network (VGIN) </origin><pubtime>2009</pubtime><title>Virginia Geographic Information Network (VGIN) </title><pubinfo><pubplace>Richmond, Virginia </pubplace><publish>Virginia Geographic Information Network (VGIN) </publish></pubinfo></citeinfo></srccite><typesrc>base shoreline and imagery</typesrc><srccitea>VBMP</srccitea><srccontr>base shoreline and imagery
</srccontr></srcinfo><procstep><procdesc>The 2013 TMI (Tidal Marsh Inventory) shapefile was created by visual photo interpretation and heads up digitizing of recent (2009 and 2011) high resolution (6") infrared aerial photography at a scale of 1:1000.  This scale was picked as a compromise between taking full advantage of the resolution and time constraints.  Marsh information from previous shoreline surveys was used, particularly in identifying narrow fringe marshes.  The latest NWI was also used.  This delineation was completed prior to the fieldwork and then corrected as noted in the field.
</procdesc><procdate>2013</procdate></procstep><procstep><procdesc>Wetlands Advisory Group (WAG) scientists with experience identifying tidal wetland plant species are responsible for TMI field data collection.  During boat surveys, observations of tidal marshes visible along the shoreline from a boat are made using binoculars.  The WAG scientist compares observed tidal marshes with the digitized polygons on the aerial photographs.  

Field data sheets are used to record all of the mapped marsh polygons that are ground truthed as tidal marshes.  New Marshes that are not delineated as numbered polygons are drawn onto the aerial photos using legible ink for future digitizing.  Each New Marsh is assigned a unique New Marsh ID number using pre-established sequences for each scientist.  Previously digitized polygons that are determined through observation to be "Not Marsh" are recorded for future deletion with notes to document what the actual condition is.  

All observed tidal wetland plant species within each marsh polygon are recorded on the field data sheets.  For surveys conducted in 2010, percent cover was recorded for each plant species observed.  For surveys conducted after 2010, plant species present were placed in one of three cover categories: Dominant (&gt;50%), Present (1-49%), or Trace (&lt;1%).  Marsh community type, based on relative species dominance, was also recorded.  Data from the 2010 survey was converted to the 2013 format for merging purposes, but the original percent cover data is available on request.

Field data is then entered into a project-specific attribute table for easy assimilation into a geo-referenced database.  Quality assurance checks after data entry include looking for and fixing duplicate polygon numbers, deleting all Not Marsh polygons, correcting inconsistent community codes, and verifying that the field surveyed marsh polygons in the final maps have the correct, corresponding field data.</procdesc><procdate>2013</procdate></procstep><procstep><procdesc>Maps that have been verified in the field are checked in the lab for any discrepancies. Any changes to or new marshes are added at this stage. Marsh polygons are also coded for field verification</procdesc><procdate>2013</procdate></procstep><procstep><proccont><cntinfo><cntperp><cntper>Sharon Killeen</cntper><cntorg>Comprehensive Coastal Inventory Program, Virginia Institute of Marine Science </cntorg></cntperp><cntpos>GIS Programmer/Analyst</cntpos><cntaddr><addrtype>mailing address</addrtype><address>P.O.Box 1346</address><city>Gloucester Point</city><state>Virginia</state><postal>23062</postal><country>USA</country></cntaddr><cntvoice>804-684-7534</cntvoice><cntfax>804-684-7179</cntfax><cntemail>sharon@vims.edu</cntemail></cntinfo></proccont><procdesc>Community type, phragmites presence and comments are extracted from the marsh excel spreadsheet and joined (ArcMap command Join Field) to the tidal marsh shapefile using the marsh id as the common attribute.
</procdesc><procdate>2013</procdate></procstep></lineage><complete>All shoreline for York County that has a minimum depth of 2 feet at mean low water was surveyed.   Some shorelines are coded remotely if access was restricted due to depth at time of survey.  Upper reaches of creeks were often coded remotely.</complete><posacc><horizpa><horizpar>The positional accuracy of the data is dependent upon the accuracy of the initial coverages.
</horizpar></horizpa></posacc></dataqual></metadata>
