<?xml version="1.0" encoding="UTF-8"?>
<metadata xml:lang="en"><Esri><CreaDate>20111207</CreaDate><CreaTime>16183400</CreaTime><ArcGISFormat>1.0</ArcGISFormat><SyncOnce>FALSE</SyncOnce><DataProperties><itemProps><itemName Sync="TRUE">hazus_50miHazmat</itemName><imsContentType Sync="TRUE">002</imsContentType><itemSize Sync="TRUE">0.000</itemSize><itemLocation><linkage Sync="TRUE">file://\\aamb-s-clust01\shared_data\MB7\Projects\SpIT\STICS_Pacheco\GIS Download\hazus_50miHazmat.shp</linkage><protocol Sync="TRUE">Local Area Network</protocol></itemLocation></itemProps><coordRef><type Sync="TRUE">Geographic</type><geogcsn Sync="TRUE">GCS_North_American_1983</geogcsn><csUnits Sync="TRUE">Angular Unit: Degree (0.017453)</csUnits><peXml Sync="TRUE">&lt;GeographicCoordinateSystem xsi:type='typens:GeographicCoordinateSystem' xmlns:xsi='http://www.w3.org/2001/XMLSchema-instance' xmlns:xs='http://www.w3.org/2001/XMLSchema' xmlns:typens='http://www.esri.com/schemas/ArcGIS/10.0'&gt;&lt;WKT&gt;GEOGCS[&amp;quot;GCS_North_American_1983&amp;quot;,DATUM[&amp;quot;D_North_American_1983&amp;quot;,SPHEROID[&amp;quot;GRS_1980&amp;quot;,6378137.0,298.257222101]],PRIMEM[&amp;quot;Greenwich&amp;quot;,0.0],UNIT[&amp;quot;Degree&amp;quot;,0.0174532925199433],AUTHORITY[&amp;quot;EPSG&amp;quot;,4269]]&lt;/WKT&gt;&lt;XOrigin&gt;-399.99999999999989&lt;/XOrigin&gt;&lt;YOrigin&gt;-399.99999999999989&lt;/YOrigin&gt;&lt;XYScale&gt;11258999068426.24&lt;/XYScale&gt;&lt;ZOrigin&gt;-100000&lt;/ZOrigin&gt;&lt;ZScale&gt;10000&lt;/ZScale&gt;&lt;MOrigin&gt;-100000&lt;/MOrigin&gt;&lt;MScale&gt;10000&lt;/MScale&gt;&lt;XYTolerance&gt;8.9831528411952117e-009&lt;/XYTolerance&gt;&lt;ZTolerance&gt;0.001&lt;/ZTolerance&gt;&lt;MTolerance&gt;0.001&lt;/MTolerance&gt;&lt;HighPrecision&gt;true&lt;/HighPrecision&gt;&lt;LeftLongitude&gt;-180&lt;/LeftLongitude&gt;&lt;WKID&gt;4269&lt;/WKID&gt;&lt;/GeographicCoordinateSystem&gt;</peXml></coordRef><lineage><Process ToolSource="c:\program files\arcgis\desktop10.0\ArcToolbox\Toolboxes\Data Management Tools.tbx\Merge" Date="20111207" Time="162003">Merge I:\MB7\Projects\SpIT\STICS_Pacheco\Hazus\AK\HPLF.mdb\hzHazmat;I:\MB7\Projects\SpIT\STICS_Pacheco\Hazus\AL\HPLF.mdb\hzHazmat;I:\MB7\Projects\SpIT\STICS_Pacheco\Hazus\AR\HPLF.mdb\hzHazmat;I:\MB7\Projects\SpIT\STICS_Pacheco\Hazus\AZ\HPLF.mdb\hzHazmat;I:\MB7\Projects\SpIT\STICS_Pacheco\Hazus\CA\HPLF.mdb\hzHazmat;I:\MB7\Projects\SpIT\STICS_Pacheco\Hazus\CO\HPLF.mdb\hzHazmat;I:\MB7\Projects\SpIT\STICS_Pacheco\Hazus\CT\HPLF.mdb\hzHazmat;I:\MB7\Projects\SpIT\STICS_Pacheco\Hazus\DC\HPLF.mdb\hzHazmat;I:\MB7\Projects\SpIT\STICS_Pacheco\Hazus\DE\HPLF.mdb\hzHazmat;I:\MB7\Projects\SpIT\STICS_Pacheco\Hazus\FL\HPLF.mdb\hzHazmat;I:\MB7\Projects\SpIT\STICS_Pacheco\Hazus\GA\HPLF.mdb\hzHazmat;I:\MB7\Projects\SpIT\STICS_Pacheco\Hazus\HI\HPLF.mdb\hzHazmat;I:\MB7\Projects\SpIT\STICS_Pacheco\Hazus\IA\HPLF.mdb\hzHazmat;I:\MB7\Projects\SpIT\STICS_Pacheco\Hazus\ID\HPLF.mdb\hzHazmat;I:\MB7\Projects\SpIT\STICS_Pacheco\Hazus\IL\HPLF.mdb\hzHazmat;I:\MB7\Projects\SpIT\STICS_Pacheco\Hazus\IN\HPLF.mdb\hzHazmat;I:\MB7\Projects\SpIT\STICS_Pacheco\Hazus\KS\HPLF.mdb\hzHazmat;I:\MB7\Projects\SpIT\STICS_Pacheco\Hazus\KY\HPLF.mdb\hzHazmat;I:\MB7\Projects\SpIT\STICS_Pacheco\Hazus\LA\HPLF.mdb\hzHazmat;I:\MB7\Projects\SpIT\STICS_Pacheco\Hazus\MA\HPLF.mdb\hzHazmat;I:\MB7\Projects\SpIT\STICS_Pacheco\Hazus\MD\HPLF.mdb\hzHazmat;I:\MB7\Projects\SpIT\STICS_Pacheco\Hazus\ME\HPLF.mdb\hzHazmat;I:\MB7\Projects\SpIT\STICS_Pacheco\Hazus\MI\HPLF.mdb\hzHazmat;I:\MB7\Projects\SpIT\STICS_Pacheco\Hazus\MN\HPLF.mdb\hzHazmat;I:\MB7\Projects\SpIT\STICS_Pacheco\Hazus\MO\HPLF.mdb\hzHazmat;I:\MB7\Projects\SpIT\STICS_Pacheco\Hazus\MS\HPLF.mdb\hzHazmat;I:\MB7\Projects\SpIT\STICS_Pacheco\Hazus\MT\HPLF.mdb\hzHazmat;I:\MB7\Projects\SpIT\STICS_Pacheco\Hazus\NC\HPLF.mdb\hzHazmat;I:\MB7\Projects\SpIT\STICS_Pacheco\Hazus\ND\HPLF.mdb\hzHazmat;I:\MB7\Projects\SpIT\STICS_Pacheco\Hazus\NE\HPLF.mdb\hzHazmat;I:\MB7\Projects\SpIT\STICS_Pacheco\Hazus\NH\HPLF.mdb\hzHazmat;I:\MB7\Projects\SpIT\STICS_Pacheco\Hazus\NJ\HPLF.mdb\hzHazmat;I:\MB7\Projects\SpIT\STICS_Pacheco\Hazus\NM\HPLF.mdb\hzHazmat;I:\MB7\Projects\SpIT\STICS_Pacheco\Hazus\NV\HPLF.mdb\hzHazmat;I:\MB7\Projects\SpIT\STICS_Pacheco\Hazus\NY\HPLF.mdb\hzHazmat;I:\MB7\Projects\SpIT\STICS_Pacheco\Hazus\OH\HPLF.mdb\hzHazmat;I:\MB7\Projects\SpIT\STICS_Pacheco\Hazus\OK\HPLF.mdb\hzHazmat;I:\MB7\Projects\SpIT\STICS_Pacheco\Hazus\OR\HPLF.mdb\hzHazmat;I:\MB7\Projects\SpIT\STICS_Pacheco\Hazus\PA\HPLF.mdb\hzHazmat;I:\MB7\Projects\SpIT\STICS_Pacheco\Hazus\PR\HPLF.mdb\hzHazmat;I:\MB7\Projects\SpIT\STICS_Pacheco\Hazus\RI\HPLF.mdb\hzHazmat;I:\MB7\Projects\SpIT\STICS_Pacheco\Hazus\SC\HPLF.mdb\hzHazmat;I:\MB7\Projects\SpIT\STICS_Pacheco\Hazus\SD\HPLF.mdb\hzHazmat;I:\MB7\Projects\SpIT\STICS_Pacheco\Hazus\TN\HPLF.mdb\hzHazmat;I:\MB7\Projects\SpIT\STICS_Pacheco\Hazus\TX\HPLF.mdb\hzHazmat;I:\MB7\Projects\SpIT\STICS_Pacheco\Hazus\UT\HPLF.mdb\hzHazmat;I:\MB7\Projects\SpIT\STICS_Pacheco\Hazus\VA\HPLF.mdb\hzHazmat;I:\MB7\Projects\SpIT\STICS_Pacheco\Hazus\VT\HPLF.mdb\hzHazmat;I:\MB7\Projects\SpIT\STICS_Pacheco\Hazus\WA\HPLF.mdb\hzHazmat;I:\MB7\Projects\SpIT\STICS_Pacheco\Hazus\WI\HPLF.mdb\hzHazmat;I:\MB7\Projects\SpIT\STICS_Pacheco\Hazus\WV\HPLF.mdb\hzHazmat;I:\MB7\Projects\SpIT\STICS_Pacheco\Hazus\WY\HPLF.mdb\hzHazmat I:\MB7\Projects\SpIT\STICS_Pacheco\Hazus\CriticalFacilities\hzHazmat.shp "HazmatID "HazmatID" true false false 8 Text 0 0 ,First,#,I:\MB7\Projects\SpIT\STICS_Pacheco\Hazus\AK\HPLF.mdb\hzHazmat,HazmatID,-1,-1,I:\MB7\Projects\SpIT\STICS_Pacheco\Hazus\AL\HPLF.mdb\hzHazmat,HazmatID,-1,-1,I:\MB7\Projects\SpIT\STICS_Pacheco\Hazus\AR\HPLF.mdb\hzHazmat,HazmatID,-1,-1,I:\MB7\Projects\SpIT\STICS_Pacheco\Hazus\AZ\HPLF.mdb\hzHazmat,HazmatID,-1,-1,I:\MB7\Projects\SpIT\STICS_Pacheco\Hazus\CA\HPLF.mdb\hzHazmat,HazmatID,-1,-1,I:\MB7\Projects\SpIT\STICS_Pacheco\Hazus\CO\HPLF.mdb\hzHazmat,HazmatID,-1,-1,I:\MB7\Projects\SpIT\STICS_Pacheco\Hazus\CT\HPLF.mdb\hzHazmat,HazmatID,-1,-1,I:\MB7\Projects\SpIT\STICS_Pacheco\Hazus\DC\HPLF.mdb\hzHazmat,HazmatID,-1,-1,I:\MB7\Projects\SpIT\STICS_Pacheco\Hazus\DE\HPLF.mdb\hzHazmat,HazmatID,-1,-1,I:\MB7\Projects\SpIT\STICS_Pacheco\Hazus\FL\HPLF.mdb\hzHazmat,HazmatID,-1,-1,I:\MB7\Projects\SpIT\STICS_Pacheco\Hazus\GA\HPLF.mdb\hzHazmat,HazmatID,-1,-1,I:\MB7\Projects\SpIT\STICS_Pacheco\Hazus\HI\HPLF.mdb\hzHazmat,HazmatID,-1,-1,I:\MB7\Projects\SpIT\STICS_Pacheco\Hazus\IA\HPLF.mdb\hzHazmat,HazmatID,-1,-1,I:\MB7\Projects\SpIT\STICS_Pacheco\Hazus\ID\HPLF.mdb\hzHazmat,HazmatID,-1,-1,I:\MB7\Projects\SpIT\STICS_Pacheco\Hazus\IL\HPLF.mdb\hzHazmat,HazmatID,-1,-1,I:\MB7\Projects\SpIT\STICS_Pacheco\Hazus\IN\HPLF.mdb\hzHazmat,HazmatID,-1,-1,I:\MB7\Projects\SpIT\STICS_Pacheco\Hazus\KS\HPLF.mdb\hzHazmat,HazmatID,-1,-1,I:\MB7\Projects\SpIT\STICS_Pacheco\Hazus\KY\HPLF.mdb\hzHazmat,HazmatID,-1,-1,I:\MB7\Projects\SpIT\STICS_Pacheco\Hazus\LA\HPLF.mdb\hzHazmat,HazmatID,-1,-1,I:\MB7\Projects\SpIT\STICS_Pacheco\Hazus\MA\HPLF.mdb\hzHazmat,HazmatID,-1,-1,I:\MB7\Projects\SpIT\STICS_Pacheco\Hazus\MD\HPLF.mdb\hzHazmat,HazmatID,-1,-1,I:\MB7\Projects\SpIT\STICS_Pacheco\Hazus\ME\HPLF.mdb\hzHazmat,HazmatID,-1,-1,I:\MB7\Projects\SpIT\STICS_Pacheco\Hazus\MI\HPLF.mdb\hzHazmat,HazmatID,-1,-1,I:\MB7\Projects\SpIT\STICS_Pacheco\Hazus\MN\HPLF.mdb\hzHazmat,HazmatID,-1,-1,I:\MB7\Projects\SpIT\STICS_Pacheco\Hazus\MO\HPLF.mdb\hzHazmat,HazmatID,-1,-1,I:\MB7\Projects\SpIT\STICS_Pacheco\Hazus\MS\HPLF.mdb\hzHazmat,HazmatID,-1,-1,I:\MB7\Projects\SpIT\STICS_Pacheco\Hazus\MT\HPLF.mdb\hzHazmat,HazmatID,-1,-1,I:\MB7\Projects\SpIT\STICS_Pacheco\Hazus\NC\HPLF.mdb\hzHazmat,HazmatID,-1,-1,I:\MB7\Projects\SpIT\STICS_Pacheco\Hazus\ND\HPLF.mdb\hzHazmat,HazmatID,-1,-1,I:\MB7\Projects\SpIT\STICS_Pacheco\Hazus\NE\HPLF.mdb\hzHazmat,HazmatID,-1,-1,I:\MB7\Projects\SpIT\STICS_Pacheco\Hazus\NH\HPLF.mdb\hzHazmat,HazmatID,-1,-1,I:\MB7\Projects\SpIT\STICS_Pacheco\Hazus\NJ\HPLF.mdb\hzHazmat,HazmatID,-1,-1,I:\MB7\Projects\SpIT\STICS_Pacheco\Hazus\NM\HPLF.mdb\hzHazmat,HazmatID,-1,-1,I:\MB7\Projects\SpIT\STICS_Pacheco\Hazus\NV\HPLF.mdb\hzHazmat,HazmatID,-1,-1,I:\MB7\Projects\SpIT\STICS_Pacheco\Hazus\NY\HPLF.mdb\hzHazmat,HazmatID,-1,-1,I:\MB7\Projects\SpIT\STICS_Pacheco\Hazus\OH\HPLF.mdb\hzHazmat,HazmatID,-1,-1,I:\MB7\Projects\SpIT\STICS_Pacheco\Hazus\OK\HPLF.mdb\hzHazmat,HazmatID,-1,-1,I:\MB7\Projects\SpIT\STICS_Pacheco\Hazus\OR\HPLF.mdb\hzHazmat,HazmatID,-1,-1,I:\MB7\Projects\SpIT\STICS_Pacheco\Hazus\PA\HPLF.mdb\hzHazmat,HazmatID,-1,-1,I:\MB7\Projects\SpIT\STICS_Pacheco\Hazus\PR\HPLF.mdb\hzHazmat,HazmatID,-1,-1,I:\MB7\Projects\SpIT\STICS_Pacheco\Hazus\RI\HPLF.mdb\hzHazmat,HazmatID,-1,-1,I:\MB7\Projects\SpIT\STICS_Pacheco\Hazus\SC\HPLF.mdb\hzHazmat,HazmatID,-1,-1,I:\MB7\Projects\SpIT\STICS_Pacheco\Hazus\SD\HPLF.mdb\hzHazmat,HazmatID,-1,-1,I:\MB7\Projects\SpIT\STICS_Pacheco\Hazus\TN\HPLF.mdb\hzHazmat,HazmatID,-1,-1,I:\MB7\Projects\SpIT\STICS_Pacheco\Hazus\TX\HPLF.mdb\hzHazmat,HazmatID,-1,-1,I:\MB7\Projects\SpIT\STICS_Pacheco\Hazus\UT\HPLF.mdb\hzHazmat,HazmatID,-1,-1,I:\MB7\Projects\SpIT\STICS_Pacheco\Hazus\VA\HPLF.mdb\hzHazmat,HazmatID,-1,-1,I:\MB7\Projects\SpIT\STICS_Pacheco\Hazus\VT\HPLF.mdb\hzHazmat,HazmatID,-1,-1,I:\MB7\Projects\SpIT\STICS_Pacheco\Hazus\WA\HPLF.mdb\hzHazmat,HazmatID,-1,-1,I:\MB7\Projects\SpIT\STICS_Pacheco\Hazus\WI\HPLF.mdb\hzHazmat,HazmatID,-1,-1,I:\MB7\Projects\SpIT\STICS_Pacheco\Hazus\WV\HPLF.mdb\hzHazmat,HazmatID,-1,-1,I:\MB7\Projects\SpIT\STICS_Pacheco\Hazus\WY\HPLF.mdb\hzHazmat,HazmatID,-1,-1;HplfClass "HplfClass" true true false 5 Text 0 0 ,First,#,I:\MB7\Projects\SpIT\STICS_Pacheco\Hazus\AK\HPLF.mdb\hzHazmat,HplfClass,-1,-1,I:\MB7\Projects\SpIT\STICS_Pacheco\Hazus\AL\HPLF.mdb\hzHazmat,HplfClass,-1,-1,I:\MB7\Projects\SpIT\STICS_Pacheco\Hazus\AR\HPLF.mdb\hzHazmat,HplfClass,-1,-1,I:\MB7\Projects\SpIT\STICS_Pacheco\Hazus\AZ\HPLF.mdb\hzHazmat,HplfClass,-1,-1,I:\MB7\Projects\SpIT\STICS_Pacheco\Hazus\CA\HPLF.mdb\hzHazmat,HplfClass,-1,-1,I:\MB7\Projects\SpIT\STICS_Pacheco\Hazus\CO\HPLF.mdb\hzHazmat,HplfClass,-1,-1,I:\MB7\Projects\SpIT\STICS_Pacheco\Hazus\CT\HPLF.mdb\hzHazmat,HplfClass,-1,-1,I:\MB7\Projects\SpIT\STICS_Pacheco\Hazus\DC\HPLF.mdb\hzHazmat,HplfClass,-1,-1,I:\MB7\Projects\SpIT\STICS_Pacheco\Hazus\DE\HPLF.mdb\hzHazmat,HplfClass,-1,-1,I:\MB7\Projects\SpIT\STICS_Pacheco\Hazus\FL\HPLF.mdb\hzHazmat,HplfClass,-1,-1,I:\MB7\Projects\SpIT\STICS_Pacheco\Hazus\GA\HPLF.mdb\hzHazmat,HplfClass,-1,-1,I:\MB7\Projects\SpIT\STICS_Pacheco\Hazus\HI\HPLF.mdb\hzHazmat,HplfClass,-1,-1,I:\MB7\Projects\SpIT\STICS_Pacheco\Hazus\IA\HPLF.mdb\hzHazmat,HplfClass,-1,-1,I:\MB7\Projects\SpIT\STICS_Pacheco\Hazus\ID\HPLF.mdb\hzHazmat,HplfClass,-1,-1,I:\MB7\Projects\SpIT\STICS_Pacheco\Hazus\IL\HPLF.mdb\hzHazmat,HplfClass,-1,-1,I:\MB7\Projects\SpIT\STICS_Pacheco\Hazus\IN\HPLF.mdb\hzHazmat,HplfClass,-1,-1,I:\MB7\Projects\SpIT\STICS_Pacheco\Hazus\KS\HPLF.mdb\hzHazmat,HplfClass,-1,-1,I:\MB7\Projects\SpIT\STICS_Pacheco\Hazus\KY\HPLF.mdb\hzHazmat,HplfClass,-1,-1,I:\MB7\Projects\SpIT\STICS_Pacheco\Hazus\LA\HPLF.mdb\hzHazmat,HplfClass,-1,-1,I:\MB7\Projects\SpIT\STICS_Pacheco\Hazus\MA\HPLF.mdb\hzHazmat,HplfClass,-1,-1,I:\MB7\Projects\SpIT\STICS_Pacheco\Hazus\MD\HPLF.mdb\hzHazmat,HplfClass,-1,-1,I:\MB7\Projects\SpIT\STICS_Pacheco\Hazus\ME\HPLF.mdb\hzHazmat,HplfClass,-1,-1,I:\MB7\Projects\SpIT\STICS_Pacheco\Hazus\MI\HPLF.mdb\hzHazmat,HplfClass,-1,-1,I:\MB7\Projects\SpIT\STICS_Pacheco\Hazus\MN\HPLF.mdb\hzHazmat,HplfClass,-1,-1,I:\MB7\Projects\SpIT\STICS_Pacheco\Hazus\MO\HPLF.mdb\hzHazmat,HplfClass,-1,-1,I:\MB7\Projects\SpIT\STICS_Pacheco\Hazus\MS\HPLF.mdb\hzHazmat,HplfClass,-1,-1,I:\MB7\Projects\SpIT\STICS_Pacheco\Hazus\MT\HPLF.mdb\hzHazmat,HplfClass,-1,-1,I:\MB7\Projects\SpIT\STICS_Pacheco\Hazus\NC\HPLF.mdb\hzHazmat,HplfClass,-1,-1,I:\MB7\Projects\SpIT\STICS_Pacheco\Hazus\ND\HPLF.mdb\hzHazmat,HplfClass,-1,-1,I:\MB7\Projects\SpIT\STICS_Pacheco\Hazus\NE\HPLF.mdb\hzHazmat,HplfClass,-1,-1,I:\MB7\Projects\SpIT\STICS_Pacheco\Hazus\NH\HPLF.mdb\hzHazmat,HplfClass,-1,-1,I:\MB7\Projects\SpIT\STICS_Pacheco\Hazus\NJ\HPLF.mdb\hzHazmat,HplfClass,-1,-1,I:\MB7\Projects\SpIT\STICS_Pacheco\Hazus\NM\HPLF.mdb\hzHazmat,HplfClass,-1,-1,I:\MB7\Projects\SpIT\STICS_Pacheco\Hazus\NV\HPLF.mdb\hzHazmat,HplfClass,-1,-1,I:\MB7\Projects\SpIT\STICS_Pacheco\Hazus\NY\HPLF.mdb\hzHazmat,HplfClass,-1,-1,I:\MB7\Projects\SpIT\STICS_Pacheco\Hazus\OH\HPLF.mdb\hzHazmat,HplfClass,-1,-1,I:\MB7\Projects\SpIT\STICS_Pacheco\Hazus\OK\HPLF.mdb\hzHazmat,HplfClass,-1,-1,I:\MB7\Projects\SpIT\STICS_Pacheco\Hazus\OR\HPLF.mdb\hzHazmat,HplfClass,-1,-1,I:\MB7\Projects\SpIT\STICS_Pacheco\Hazus\PA\HPLF.mdb\hzHazmat,HplfClass,-1,-1,I:\MB7\Projects\SpIT\STICS_Pacheco\Hazus\PR\HPLF.mdb\hzHazmat,HplfClass,-1,-1,I:\MB7\Projects\SpIT\STICS_Pacheco\Hazus\RI\HPLF.mdb\hzHazmat,HplfClass,-1,-1,I:\MB7\Projects\SpIT\STICS_Pacheco\Hazus\SC\HPLF.mdb\hzHazmat,HplfClass,-1,-1,I:\MB7\Projects\SpIT\STICS_Pacheco\Hazus\SD\HPLF.mdb\hzHazmat,HplfClass,-1,-1,I:\MB7\Projects\SpIT\STICS_Pacheco\Hazus\TN\HPLF.mdb\hzHazmat,HplfClass,-1,-1,I:\MB7\Projects\SpIT\STICS_Pacheco\Hazus\TX\HPLF.mdb\hzHazmat,HplfClass,-1,-1,I:\MB7\Projects\SpIT\STICS_Pacheco\Hazus\UT\HPLF.mdb\hzHazmat,HplfClass,-1,-1,I:\MB7\Projects\SpIT\STICS_Pacheco\Hazus\VA\HPLF.mdb\hzHazmat,HplfClass,-1,-1,I:\MB7\Projects\SpIT\STICS_Pacheco\Hazus\VT\HPLF.mdb\hzHazmat,HplfClass,-1,-1,I:\MB7\Projects\SpIT\STICS_Pacheco\Hazus\WA\HPLF.mdb\hzHazmat,HplfClass,-1,-1,I:\MB7\Projects\SpIT\STICS_Pacheco\Hazus\WI\HPLF.mdb\hzHazmat,HplfClass,-1,-1,I:\MB7\Projects\SpIT\STICS_Pacheco\Hazus\WV\HPLF.mdb\hzHazmat,HplfClass,-1,-1,I:\MB7\Projects\SpIT\STICS_Pacheco\Hazus\WY\HPLF.mdb\hzHazmat,HplfClass,-1,-1;Tract "Tract" true false false 11 Text 0 0 ,First,#,I:\MB7\Projects\SpIT\STICS_Pacheco\Hazus\AK\HPLF.mdb\hzHazmat,Tract,-1,-1,I:\MB7\Projects\SpIT\STICS_Pacheco\Hazus\AL\HPLF.mdb\hzHazmat,Tract,-1,-1,I:\MB7\Projects\SpIT\STICS_Pacheco\Hazus\AR\HPLF.mdb\hzHazmat,Tract,-1,-1,I:\MB7\Projects\SpIT\STICS_Pacheco\Hazus\AZ\HPLF.mdb\hzHazmat,Tract,-1,-1,I:\MB7\Projects\SpIT\STICS_Pacheco\Hazus\CA\HPLF.mdb\hzHazmat,Tract,-1,-1,I:\MB7\Projects\SpIT\STICS_Pacheco\Hazus\CO\HPLF.mdb\hzHazmat,Tract,-1,-1,I:\MB7\Projects\SpIT\STICS_Pacheco\Hazus\CT\HPLF.mdb\hzHazmat,Tract,-1,-1,I:\MB7\Projects\SpIT\STICS_Pacheco\Hazus\DC\HPLF.mdb\hzHazmat,Tract,-1,-1,I:\MB7\Projects\SpIT\STICS_Pacheco\Hazus\DE\HPLF.mdb\hzHazmat,Tract,-1,-1,I:\MB7\Projects\SpIT\STICS_Pacheco\Hazus\FL\HPLF.mdb\hzHazmat,Tract,-1,-1,I:\MB7\Projects\SpIT\STICS_Pacheco\Hazus\GA\HPLF.mdb\hzHazmat,Tract,-1,-1,I:\MB7\Projects\SpIT\STICS_Pacheco\Hazus\HI\HPLF.mdb\hzHazmat,Tract,-1,-1,I:\MB7\Projects\SpIT\STICS_Pacheco\Hazus\IA\HPLF.mdb\hzHazmat,Tract,-1,-1,I:\MB7\Projects\SpIT\STICS_Pacheco\Hazus\ID\HPLF.mdb\hzHazmat,Tract,-1,-1,I:\MB7\Projects\SpIT\STICS_Pacheco\Hazus\IL\HPLF.mdb\hzHazmat,Tract,-1,-1,I:\MB7\Projects\SpIT\STICS_Pacheco\Hazus\IN\HPLF.mdb\hzHazmat,Tract,-1,-1,I:\MB7\Projects\SpIT\STICS_Pacheco\Hazus\KS\HPLF.mdb\hzHazmat,Tract,-1,-1,I:\MB7\Projects\SpIT\STICS_Pacheco\Hazus\KY\HPLF.mdb\hzHazmat,Tract,-1,-1,I:\MB7\Projects\SpIT\STICS_Pacheco\Hazus\LA\HPLF.mdb\hzHazmat,Tract,-1,-1,I:\MB7\Projects\SpIT\STICS_Pacheco\Hazus\MA\HPLF.mdb\hzHazmat,Tract,-1,-1,I:\MB7\Projects\SpIT\STICS_Pacheco\Hazus\MD\HPLF.mdb\hzHazmat,Tract,-1,-1,I:\MB7\Projects\SpIT\STICS_Pacheco\Hazus\ME\HPLF.mdb\hzHazmat,Tract,-1,-1,I:\MB7\Projects\SpIT\STICS_Pacheco\Hazus\MI\HPLF.mdb\hzHazmat,Tract,-1,-1,I:\MB7\Projects\SpIT\STICS_Pacheco\Hazus\MN\HPLF.mdb\hzHazmat,Tract,-1,-1,I:\MB7\Projects\SpIT\STICS_Pacheco\Hazus\MO\HPLF.mdb\hzHazmat,Tract,-1,-1,I:\MB7\Projects\SpIT\STICS_Pacheco\Hazus\MS\HPLF.mdb\hzHazmat,Tract,-1,-1,I:\MB7\Projects\SpIT\STICS_Pacheco\Hazus\MT\HPLF.mdb\hzHazmat,Tract,-1,-1,I:\MB7\Projects\SpIT\STICS_Pacheco\Hazus\NC\HPLF.mdb\hzHazmat,Tract,-1,-1,I:\MB7\Projects\SpIT\STICS_Pacheco\Hazus\ND\HPLF.mdb\hzHazmat,Tract,-1,-1,I:\MB7\Projects\SpIT\STICS_Pacheco\Hazus\NE\HPLF.mdb\hzHazmat,Tract,-1,-1,I:\MB7\Projects\SpIT\STICS_Pacheco\Hazus\NH\HPLF.mdb\hzHazmat,Tract,-1,-1,I:\MB7\Projects\SpIT\STICS_Pacheco\Hazus\NJ\HPLF.mdb\hzHazmat,Tract,-1,-1,I:\MB7\Projects\SpIT\STICS_Pacheco\Hazus\NM\HPLF.mdb\hzHazmat,Tract,-1,-1,I:\MB7\Projects\SpIT\STICS_Pacheco\Hazus\NV\HPLF.mdb\hzHazmat,Tract,-1,-1,I:\MB7\Projects\SpIT\STICS_Pacheco\Hazus\NY\HPLF.mdb\hzHazmat,Tract,-1,-1,I:\MB7\Projects\SpIT\STICS_Pacheco\Hazus\OH\HPLF.mdb\hzHazmat,Tract,-1,-1,I:\MB7\Projects\SpIT\STICS_Pacheco\Hazus\OK\HPLF.mdb\hzHazmat,Tract,-1,-1,I:\MB7\Projects\SpIT\STICS_Pacheco\Hazus\OR\HPLF.mdb\hzHazmat,Tract,-1,-1,I:\MB7\Projects\SpIT\STICS_Pacheco\Hazus\PA\HPLF.mdb\hzHazmat,Tract,-1,-1,I:\MB7\Projects\SpIT\STICS_Pacheco\Hazus\PR\HPLF.mdb\hzHazmat,Tract,-1,-1,I:\MB7\Projects\SpIT\STICS_Pacheco\Hazus\RI\HPLF.mdb\hzHazmat,Tract,-1,-1,I:\MB7\Projects\SpIT\STICS_Pacheco\Hazus\SC\HPLF.mdb\hzHazmat,Tract,-1,-1,I:\MB7\Projects\SpIT\STICS_Pacheco\Hazus\SD\HPLF.mdb\hzHazmat,Tract,-1,-1,I:\MB7\Projects\SpIT\STICS_Pacheco\Hazus\TN\HPLF.mdb\hzHazmat,Tract,-1,-1,I:\MB7\Projects\SpIT\STICS_Pacheco\Hazus\TX\HPLF.mdb\hzHazmat,Tract,-1,-1,I:\MB7\Projects\SpIT\STICS_Pacheco\Hazus\UT\HPLF.mdb\hzHazmat,Tract,-1,-1,I:\MB7\Projects\SpIT\STICS_Pacheco\Hazus\VA\HPLF.mdb\hzHazmat,Tract,-1,-1,I:\MB7\Projects\SpIT\STICS_Pacheco\Hazus\VT\HPLF.mdb\hzHazmat,Tract,-1,-1,I:\MB7\Projects\SpIT\STICS_Pacheco\Hazus\WA\HPLF.mdb\hzHazmat,Tract,-1,-1,I:\MB7\Projects\SpIT\STICS_Pacheco\Hazus\WI\HPLF.mdb\hzHazmat,Tract,-1,-1,I:\MB7\Projects\SpIT\STICS_Pacheco\Hazus\WV\HPLF.mdb\hzHazmat,Tract,-1,-1,I:\MB7\Projects\SpIT\STICS_Pacheco\Hazus\WY\HPLF.mdb\hzHazmat,Tract,-1,-1;Name "Name" true true false 40 Text 0 0 ,First,#,I:\MB7\Projects\SpIT\STICS_Pacheco\Hazus\AK\HPLF.mdb\hzHazmat,Name,-1,-1,I:\MB7\Projects\SpIT\STICS_Pacheco\Hazus\AL\HPLF.mdb\hzHazmat,Name,-1,-1,I:\MB7\Projects\SpIT\STICS_Pacheco\Hazus\AR\HPLF.mdb\hzHazmat,Name,-1,-1,I:\MB7\Projects\SpIT\STICS_Pacheco\Hazus\AZ\HPLF.mdb\hzHazmat,Name,-1,-1,I:\MB7\Projects\SpIT\STICS_Pacheco\Hazus\CA\HPLF.mdb\hzHazmat,Name,-1,-1,I:\MB7\Projects\SpIT\STICS_Pacheco\Hazus\CO\HPLF.mdb\hzHazmat,Name,-1,-1,I:\MB7\Projects\SpIT\STICS_Pacheco\Hazus\CT\HPLF.mdb\hzHazmat,Name,-1,-1,I:\MB7\Projects\SpIT\STICS_Pacheco\Hazus\DC\HPLF.mdb\hzHazmat,Name,-1,-1,I:\MB7\Projects\SpIT\STICS_Pacheco\Hazus\DE\HPLF.mdb\hzHazmat,Name,-1,-1,I:\MB7\Projects\SpIT\STICS_Pacheco\Hazus\FL\HPLF.mdb\hzHazmat,Name,-1,-1,I:\MB7\Projects\SpIT\STICS_Pacheco\Hazus\GA\HPLF.mdb\hzHazmat,Name,-1,-1,I:\MB7\Projects\SpIT\STICS_Pacheco\Hazus\HI\HPLF.mdb\hzHazmat,Name,-1,-1,I:\MB7\Projects\SpIT\STICS_Pacheco\Hazus\IA\HPLF.mdb\hzHazmat,Name,-1,-1,I:\MB7\Projects\SpIT\STICS_Pacheco\Hazus\ID\HPLF.mdb\hzHazmat,Name,-1,-1,I:\MB7\Projects\SpIT\STICS_Pacheco\Hazus\IL\HPLF.mdb\hzHazmat,Name,-1,-1,I:\MB7\Projects\SpIT\STICS_Pacheco\Hazus\IN\HPLF.mdb\hzHazmat,Name,-1,-1,I:\MB7\Projects\SpIT\STICS_Pacheco\Hazus\KS\HPLF.mdb\hzHazmat,Name,-1,-1,I:\MB7\Projects\SpIT\STICS_Pacheco\Hazus\KY\HPLF.mdb\hzHazmat,Name,-1,-1,I:\MB7\Projects\SpIT\STICS_Pacheco\Hazus\LA\HPLF.mdb\hzHazmat,Name,-1,-1,I:\MB7\Projects\SpIT\STICS_Pacheco\Hazus\MA\HPLF.mdb\hzHazmat,Name,-1,-1,I:\MB7\Projects\SpIT\STICS_Pacheco\Hazus\MD\HPLF.mdb\hzHazmat,Name,-1,-1,I:\MB7\Projects\SpIT\STICS_Pacheco\Hazus\ME\HPLF.mdb\hzHazmat,Name,-1,-1,I:\MB7\Projects\SpIT\STICS_Pacheco\Hazus\MI\HPLF.mdb\hzHazmat,Name,-1,-1,I:\MB7\Projects\SpIT\STICS_Pacheco\Hazus\MN\HPLF.mdb\hzHazmat,Name,-1,-1,I:\MB7\Projects\SpIT\STICS_Pacheco\Hazus\MO\HPLF.mdb\hzHazmat,Name,-1,-1,I:\MB7\Projects\SpIT\STICS_Pacheco\Hazus\MS\HPLF.mdb\hzHazmat,Name,-1,-1,I:\MB7\Projects\SpIT\STICS_Pacheco\Hazus\MT\HPLF.mdb\hzHazmat,Name,-1,-1,I:\MB7\Projects\SpIT\STICS_Pacheco\Hazus\NC\HPLF.mdb\hzHazmat,Name,-1,-1,I:\MB7\Projects\SpIT\STICS_Pacheco\Hazus\ND\HPLF.mdb\hzHazmat,Name,-1,-1,I:\MB7\Projects\SpIT\STICS_Pacheco\Hazus\NE\HPLF.mdb\hzHazmat,Name,-1,-1,I:\MB7\Projects\SpIT\STICS_Pacheco\Hazus\NH\HPLF.mdb\hzHazmat,Name,-1,-1,I:\MB7\Projects\SpIT\STICS_Pacheco\Hazus\NJ\HPLF.mdb\hzHazmat,Name,-1,-1,I:\MB7\Projects\SpIT\STICS_Pacheco\Hazus\NM\HPLF.mdb\hzHazmat,Name,-1,-1,I:\MB7\Projects\SpIT\STICS_Pacheco\Hazus\NV\HPLF.mdb\hzHazmat,Name,-1,-1,I:\MB7\Projects\SpIT\STICS_Pacheco\Hazus\NY\HPLF.mdb\hzHazmat,Name,-1,-1,I:\MB7\Projects\SpIT\STICS_Pacheco\Hazus\OH\HPLF.mdb\hzHazmat,Name,-1,-1,I:\MB7\Projects\SpIT\STICS_Pacheco\Hazus\OK\HPLF.mdb\hzHazmat,Name,-1,-1,I:\MB7\Projects\SpIT\STICS_Pacheco\Hazus\OR\HPLF.mdb\hzHazmat,Name,-1,-1,I:\MB7\Projects\SpIT\STICS_Pacheco\Hazus\PA\HPLF.mdb\hzHazmat,Name,-1,-1,I:\MB7\Projects\SpIT\STICS_Pacheco\Hazus\PR\HPLF.mdb\hzHazmat,Name,-1,-1,I:\MB7\Projects\SpIT\STICS_Pacheco\Hazus\RI\HPLF.mdb\hzHazmat,Name,-1,-1,I:\MB7\Projects\SpIT\STICS_Pacheco\Hazus\SC\HPLF.mdb\hzHazmat,Name,-1,-1,I:\MB7\Projects\SpIT\STICS_Pacheco\Hazus\SD\HPLF.mdb\hzHazmat,Name,-1,-1,I:\MB7\Projects\SpIT\STICS_Pacheco\Hazus\TN\HPLF.mdb\hzHazmat,Name,-1,-1,I:\MB7\Projects\SpIT\STICS_Pacheco\Hazus\TX\HPLF.mdb\hzHazmat,Name,-1,-1,I:\MB7\Projects\SpIT\STICS_Pacheco\Hazus\UT\HPLF.mdb\hzHazmat,Name,-1,-1,I:\MB7\Projects\SpIT\STICS_Pacheco\Hazus\VA\HPLF.mdb\hzHazmat,Name,-1,-1,I:\MB7\Projects\SpIT\STICS_Pacheco\Hazus\VT\HPLF.mdb\hzHazmat,Name,-1,-1,I:\MB7\Projects\SpIT\STICS_Pacheco\Hazus\WA\HPLF.mdb\hzHazmat,Name,-1,-1,I:\MB7\Projects\SpIT\STICS_Pacheco\Hazus\WI\HPLF.mdb\hzHazmat,Name,-1,-1,I:\MB7\Projects\SpIT\STICS_Pacheco\Hazus\WV\HPLF.mdb\hzHazmat,Name,-1,-1,I:\MB7\Projects\SpIT\STICS_Pacheco\Hazus\WY\HPLF.mdb\hzHazmat,Name,-1,-1;Address "Address" true true false 40 Text 0 0 ,First,#,I:\MB7\Projects\SpIT\STICS_Pacheco\Hazus\AK\HPLF.mdb\hzHazmat,Address,-1,-1,I:\MB7\Projects\SpIT\STICS_Pacheco\Hazus\AL\HPLF.mdb\hzHazmat,Address,-1,-1,I:\MB7\Projects\SpIT\STICS_Pacheco\Hazus\AR\HPLF.mdb\hzHazmat,Address,-1,-1,I:\MB7\Projects\SpIT\STICS_Pacheco\Hazus\AZ\HPLF.mdb\hzHazmat,Address,-1,-1,I:\MB7\Projects\SpIT\STICS_Pacheco\Hazus\CA\HPLF.mdb\hzHazmat,Address,-1,-1,I:\MB7\Projects\SpIT\STICS_Pacheco\Hazus\CO\HPLF.mdb\hzHazmat,Address,-1,-1,I:\MB7\Projects\SpIT\STICS_Pacheco\Hazus\CT\HPLF.mdb\hzHazmat,Address,-1,-1,I:\MB7\Projects\SpIT\STICS_Pacheco\Hazus\DC\HPLF.mdb\hzHazmat,Address,-1,-1,I:\MB7\Projects\SpIT\STICS_Pacheco\Hazus\DE\HPLF.mdb\hzHazmat,Address,-1,-1,I:\MB7\Projects\SpIT\STICS_Pacheco\Hazus\FL\HPLF.mdb\hzHazmat,Address,-1,-1,I:\MB7\Projects\SpIT\STICS_Pacheco\Hazus\GA\HPLF.mdb\hzHazmat,Address,-1,-1,I:\MB7\Projects\SpIT\STICS_Pacheco\Hazus\HI\HPLF.mdb\hzHazmat,Address,-1,-1,I:\MB7\Projects\SpIT\STICS_Pacheco\Hazus\IA\HPLF.mdb\hzHazmat,Address,-1,-1,I:\MB7\Projects\SpIT\STICS_Pacheco\Hazus\ID\HPLF.mdb\hzHazmat,Address,-1,-1,I:\MB7\Projects\SpIT\STICS_Pacheco\Hazus\IL\HPLF.mdb\hzHazmat,Address,-1,-1,I:\MB7\Projects\SpIT\STICS_Pacheco\Hazus\IN\HPLF.mdb\hzHazmat,Address,-1,-1,I:\MB7\Projects\SpIT\STICS_Pacheco\Hazus\KS\HPLF.mdb\hzHazmat,Address,-1,-1,I:\MB7\Projects\SpIT\STICS_Pacheco\Hazus\KY\HPLF.mdb\hzHazmat,Address,-1,-1,I:\MB7\Projects\SpIT\STICS_Pacheco\Hazus\LA\HPLF.mdb\hzHazmat,Address,-1,-1,I:\MB7\Projects\SpIT\STICS_Pacheco\Hazus\MA\HPLF.mdb\hzHazmat,Address,-1,-1,I:\MB7\Projects\SpIT\STICS_Pacheco\Hazus\MD\HPLF.mdb\hzHazmat,Address,-1,-1,I:\MB7\Projects\SpIT\STICS_Pacheco\Hazus\ME\HPLF.mdb\hzHazmat,Address,-1,-1,I:\MB7\Projects\SpIT\STICS_Pacheco\Hazus\MI\HPLF.mdb\hzHazmat,Address,-1,-1,I:\MB7\Projects\SpIT\STICS_Pacheco\Hazus\MN\HPLF.mdb\hzHazmat,Address,-1,-1,I:\MB7\Projects\SpIT\STICS_Pacheco\Hazus\MO\HPLF.mdb\hzHazmat,Address,-1,-1,I:\MB7\Projects\SpIT\STICS_Pacheco\Hazus\MS\HPLF.mdb\hzHazmat,Address,-1,-1,I:\MB7\Projects\SpIT\STICS_Pacheco\Hazus\MT\HPLF.mdb\hzHazmat,Address,-1,-1,I:\MB7\Projects\SpIT\STICS_Pacheco\Hazus\NC\HPLF.mdb\hzHazmat,Address,-1,-1,I:\MB7\Projects\SpIT\STICS_Pacheco\Hazus\ND\HPLF.mdb\hzHazmat,Address,-1,-1,I:\MB7\Projects\SpIT\STICS_Pacheco\Hazus\NE\HPLF.mdb\hzHazmat,Address,-1,-1,I:\MB7\Projects\SpIT\STICS_Pacheco\Hazus\NH\HPLF.mdb\hzHazmat,Address,-1,-1,I:\MB7\Projects\SpIT\STICS_Pacheco\Hazus\NJ\HPLF.mdb\hzHazmat,Address,-1,-1,I:\MB7\Projects\SpIT\STICS_Pacheco\Hazus\NM\HPLF.mdb\hzHazmat,Address,-1,-1,I:\MB7\Projects\SpIT\STICS_Pacheco\Hazus\NV\HPLF.mdb\hzHazmat,Address,-1,-1,I:\MB7\Projects\SpIT\STICS_Pacheco\Hazus\NY\HPLF.mdb\hzHazmat,Address,-1,-1,I:\MB7\Projects\SpIT\STICS_Pacheco\Hazus\OH\HPLF.mdb\hzHazmat,Address,-1,-1,I:\MB7\Projects\SpIT\STICS_Pacheco\Hazus\OK\HPLF.mdb\hzHazmat,Address,-1,-1,I:\MB7\Projects\SpIT\STICS_Pacheco\Hazus\OR\HPLF.mdb\hzHazmat,Address,-1,-1,I:\MB7\Projects\SpIT\STICS_Pacheco\Hazus\PA\HPLF.mdb\hzHazmat,Address,-1,-1,I:\MB7\Projects\SpIT\STICS_Pacheco\Hazus\PR\HPLF.mdb\hzHazmat,Address,-1,-1,I:\MB7\Projects\SpIT\STICS_Pacheco\Hazus\RI\HPLF.mdb\hzHazmat,Address,-1,-1,I:\MB7\Projects\SpIT\STICS_Pacheco\Hazus\SC\HPLF.mdb\hzHazmat,Address,-1,-1,I:\MB7\Projects\SpIT\STICS_Pacheco\Hazus\SD\HPLF.mdb\hzHazmat,Address,-1,-1,I:\MB7\Projects\SpIT\STICS_Pacheco\Hazus\TN\HPLF.mdb\hzHazmat,Address,-1,-1,I:\MB7\Projects\SpIT\STICS_Pacheco\Hazus\TX\HPLF.mdb\hzHazmat,Address,-1,-1,I:\MB7\Projects\SpIT\STICS_Pacheco\Hazus\UT\HPLF.mdb\hzHazmat,Address,-1,-1,I:\MB7\Projects\SpIT\STICS_Pacheco\Hazus\VA\HPLF.mdb\hzHazmat,Address,-1,-1,I:\MB7\Projects\SpIT\STICS_Pacheco\Hazus\VT\HPLF.mdb\hzHazmat,Address,-1,-1,I:\MB7\Projects\SpIT\STICS_Pacheco\Hazus\WA\HPLF.mdb\hzHazmat,Address,-1,-1,I:\MB7\Projects\SpIT\STICS_Pacheco\Hazus\WI\HPLF.mdb\hzHazmat,Address,-1,-1,I:\MB7\Projects\SpIT\STICS_Pacheco\Hazus\WV\HPLF.mdb\hzHazmat,Address,-1,-1,I:\MB7\Projects\SpIT\STICS_Pacheco\Hazus\WY\HPLF.mdb\hzHazmat,Address,-1,-1;City "City" true true false 40 Text 0 0 ,First,#,I:\MB7\Projects\SpIT\STICS_Pacheco\Hazus\AK\HPLF.mdb\hzHazmat,City,-1,-1,I:\MB7\Projects\SpIT\STICS_Pacheco\Hazus\AL\HPLF.mdb\hzHazmat,City,-1,-1,I:\MB7\Projects\SpIT\STICS_Pacheco\Hazus\AR\HPLF.mdb\hzHazmat,City,-1,-1,I:\MB7\Projects\SpIT\STICS_Pacheco\Hazus\AZ\HPLF.mdb\hzHazmat,City,-1,-1,I:\MB7\Projects\SpIT\STICS_Pacheco\Hazus\CA\HPLF.mdb\hzHazmat,City,-1,-1,I:\MB7\Projects\SpIT\STICS_Pacheco\Hazus\CO\HPLF.mdb\hzHazmat,City,-1,-1,I:\MB7\Projects\SpIT\STICS_Pacheco\Hazus\CT\HPLF.mdb\hzHazmat,City,-1,-1,I:\MB7\Projects\SpIT\STICS_Pacheco\Hazus\DC\HPLF.mdb\hzHazmat,City,-1,-1,I:\MB7\Projects\SpIT\STICS_Pacheco\Hazus\DE\HPLF.mdb\hzHazmat,City,-1,-1,I:\MB7\Projects\SpIT\STICS_Pacheco\Hazus\FL\HPLF.mdb\hzHazmat,City,-1,-1,I:\MB7\Projects\SpIT\STICS_Pacheco\Hazus\GA\HPLF.mdb\hzHazmat,City,-1,-1,I:\MB7\Projects\SpIT\STICS_Pacheco\Hazus\HI\HPLF.mdb\hzHazmat,City,-1,-1,I:\MB7\Projects\SpIT\STICS_Pacheco\Hazus\IA\HPLF.mdb\hzHazmat,City,-1,-1,I:\MB7\Projects\SpIT\STICS_Pacheco\Hazus\ID\HPLF.mdb\hzHazmat,City,-1,-1,I:\MB7\Projects\SpIT\STICS_Pacheco\Hazus\IL\HPLF.mdb\hzHazmat,City,-1,-1,I:\MB7\Projects\SpIT\STICS_Pacheco\Hazus\IN\HPLF.mdb\hzHazmat,City,-1,-1,I:\MB7\Projects\SpIT\STICS_Pacheco\Hazus\KS\HPLF.mdb\hzHazmat,City,-1,-1,I:\MB7\Projects\SpIT\STICS_Pacheco\Hazus\KY\HPLF.mdb\hzHazmat,City,-1,-1,I:\MB7\Projects\SpIT\STICS_Pacheco\Hazus\LA\HPLF.mdb\hzHazmat,City,-1,-1,I:\MB7\Projects\SpIT\STICS_Pacheco\Hazus\MA\HPLF.mdb\hzHazmat,City,-1,-1,I:\MB7\Projects\SpIT\STICS_Pacheco\Hazus\MD\HPLF.mdb\hzHazmat,City,-1,-1,I:\MB7\Projects\SpIT\STICS_Pacheco\Hazus\ME\HPLF.mdb\hzHazmat,City,-1,-1,I:\MB7\Projects\SpIT\STICS_Pacheco\Hazus\MI\HPLF.mdb\hzHazmat,City,-1,-1,I:\MB7\Projects\SpIT\STICS_Pacheco\Hazus\MN\HPLF.mdb\hzHazmat,City,-1,-1,I:\MB7\Projects\SpIT\STICS_Pacheco\Hazus\MO\HPLF.mdb\hzHazmat,City,-1,-1,I:\MB7\Projects\SpIT\STICS_Pacheco\Hazus\MS\HPLF.mdb\hzHazmat,City,-1,-1,I:\MB7\Projects\SpIT\STICS_Pacheco\Hazus\MT\HPLF.mdb\hzHazmat,City,-1,-1,I:\MB7\Projects\SpIT\STICS_Pacheco\Hazus\NC\HPLF.mdb\hzHazmat,City,-1,-1,I:\MB7\Projects\SpIT\STICS_Pacheco\Hazus\ND\HPLF.mdb\hzHazmat,City,-1,-1,I:\MB7\Projects\SpIT\STICS_Pacheco\Hazus\NE\HPLF.mdb\hzHazmat,City,-1,-1,I:\MB7\Projects\SpIT\STICS_Pacheco\Hazus\NH\HPLF.mdb\hzHazmat,City,-1,-1,I:\MB7\Projects\SpIT\STICS_Pacheco\Hazus\NJ\HPLF.mdb\hzHazmat,City,-1,-1,I:\MB7\Projects\SpIT\STICS_Pacheco\Hazus\NM\HPLF.mdb\hzHazmat,City,-1,-1,I:\MB7\Projects\SpIT\STICS_Pacheco\Hazus\NV\HPLF.mdb\hzHazmat,City,-1,-1,I:\MB7\Projects\SpIT\STICS_Pacheco\Hazus\NY\HPLF.mdb\hzHazmat,City,-1,-1,I:\MB7\Projects\SpIT\STICS_Pacheco\Hazus\OH\HPLF.mdb\hzHazmat,City,-1,-1,I:\MB7\Projects\SpIT\STICS_Pacheco\Hazus\OK\HPLF.mdb\hzHazmat,City,-1,-1,I:\MB7\Projects\SpIT\STICS_Pacheco\Hazus\OR\HPLF.mdb\hzHazmat,City,-1,-1,I:\MB7\Projects\SpIT\STICS_Pacheco\Hazus\PA\HPLF.mdb\hzHazmat,City,-1,-1,I:\MB7\Projects\SpIT\STICS_Pacheco\Hazus\PR\HPLF.mdb\hzHazmat,City,-1,-1,I:\MB7\Projects\SpIT\STICS_Pacheco\Hazus\RI\HPLF.mdb\hzHazmat,City,-1,-1,I:\MB7\Projects\SpIT\STICS_Pacheco\Hazus\SC\HPLF.mdb\hzHazmat,City,-1,-1,I:\MB7\Projects\SpIT\STICS_Pacheco\Hazus\SD\HPLF.mdb\hzHazmat,City,-1,-1,I:\MB7\Projects\SpIT\STICS_Pacheco\Hazus\TN\HPLF.mdb\hzHazmat,City,-1,-1,I:\MB7\Projects\SpIT\STICS_Pacheco\Hazus\TX\HPLF.mdb\hzHazmat,City,-1,-1,I:\MB7\Projects\SpIT\STICS_Pacheco\Hazus\UT\HPLF.mdb\hzHazmat,City,-1,-1,I:\MB7\Projects\SpIT\STICS_Pacheco\Hazus\VA\HPLF.mdb\hzHazmat,City,-1,-1,I:\MB7\Projects\SpIT\STICS_Pacheco\Hazus\VT\HPLF.mdb\hzHazmat,City,-1,-1,I:\MB7\Projects\SpIT\STICS_Pacheco\Hazus\WA\HPLF.mdb\hzHazmat,City,-1,-1,I:\MB7\Projects\SpIT\STICS_Pacheco\Hazus\WI\HPLF.mdb\hzHazmat,City,-1,-1,I:\MB7\Projects\SpIT\STICS_Pacheco\Hazus\WV\HPLF.mdb\hzHazmat,City,-1,-1,I:\MB7\Projects\SpIT\STICS_Pacheco\Hazus\WY\HPLF.mdb\hzHazmat,City,-1,-1;Statea "Statea" true true false 2 Text 0 0 ,First,#,I:\MB7\Projects\SpIT\STICS_Pacheco\Hazus\AK\HPLF.mdb\hzHazmat,Statea,-1,-1,I:\MB7\Projects\SpIT\STICS_Pacheco\Hazus\AL\HPLF.mdb\hzHazmat,Statea,-1,-1,I:\MB7\Projects\SpIT\STICS_Pacheco\Hazus\AR\HPLF.mdb\hzHazmat,Statea,-1,-1,I:\MB7\Projects\SpIT\STICS_Pacheco\Hazus\AZ\HPLF.mdb\hzHazmat,Statea,-1,-1,I:\MB7\Projects\SpIT\STICS_Pacheco\Hazus\CA\HPLF.mdb\hzHazmat,Statea,-1,-1,I:\MB7\Projects\SpIT\STICS_Pacheco\Hazus\CO\HPLF.mdb\hzHazmat,Statea,-1,-1,I:\MB7\Projects\SpIT\STICS_Pacheco\Hazus\CT\HPLF.mdb\hzHazmat,Statea,-1,-1,I:\MB7\Projects\SpIT\STICS_Pacheco\Hazus\DC\HPLF.mdb\hzHazmat,Statea,-1,-1,I:\MB7\Projects\SpIT\STICS_Pacheco\Hazus\DE\HPLF.mdb\hzHazmat,Statea,-1,-1,I:\MB7\Projects\SpIT\STICS_Pacheco\Hazus\FL\HPLF.mdb\hzHazmat,Statea,-1,-1,I:\MB7\Projects\SpIT\STICS_Pacheco\Hazus\GA\HPLF.mdb\hzHazmat,Statea,-1,-1,I:\MB7\Projects\SpIT\STICS_Pacheco\Hazus\HI\HPLF.mdb\hzHazmat,Statea,-1,-1,I:\MB7\Projects\SpIT\STICS_Pacheco\Hazus\IA\HPLF.mdb\hzHazmat,Statea,-1,-1,I:\MB7\Projects\SpIT\STICS_Pacheco\Hazus\ID\HPLF.mdb\hzHazmat,Statea,-1,-1,I:\MB7\Projects\SpIT\STICS_Pacheco\Hazus\IL\HPLF.mdb\hzHazmat,Statea,-1,-1,I:\MB7\Projects\SpIT\STICS_Pacheco\Hazus\IN\HPLF.mdb\hzHazmat,Statea,-1,-1,I:\MB7\Projects\SpIT\STICS_Pacheco\Hazus\KS\HPLF.mdb\hzHazmat,Statea,-1,-1,I:\MB7\Projects\SpIT\STICS_Pacheco\Hazus\KY\HPLF.mdb\hzHazmat,Statea,-1,-1,I:\MB7\Projects\SpIT\STICS_Pacheco\Hazus\LA\HPLF.mdb\hzHazmat,Statea,-1,-1,I:\MB7\Projects\SpIT\STICS_Pacheco\Hazus\MA\HPLF.mdb\hzHazmat,Statea,-1,-1,I:\MB7\Projects\SpIT\STICS_Pacheco\Hazus\MD\HPLF.mdb\hzHazmat,Statea,-1,-1,I:\MB7\Projects\SpIT\STICS_Pacheco\Hazus\ME\HPLF.mdb\hzHazmat,Statea,-1,-1,I:\MB7\Projects\SpIT\STICS_Pacheco\Hazus\MI\HPLF.mdb\hzHazmat,Statea,-1,-1,I:\MB7\Projects\SpIT\STICS_Pacheco\Hazus\MN\HPLF.mdb\hzHazmat,Statea,-1,-1,I:\MB7\Projects\SpIT\STICS_Pacheco\Hazus\MO\HPLF.mdb\hzHazmat,Statea,-1,-1,I:\MB7\Projects\SpIT\STICS_Pacheco\Hazus\MS\HPLF.mdb\hzHazmat,Statea,-1,-1,I:\MB7\Projects\SpIT\STICS_Pacheco\Hazus\MT\HPLF.mdb\hzHazmat,Statea,-1,-1,I:\MB7\Projects\SpIT\STICS_Pacheco\Hazus\NC\HPLF.mdb\hzHazmat,Statea,-1,-1,I:\MB7\Projects\SpIT\STICS_Pacheco\Hazus\ND\HPLF.mdb\hzHazmat,Statea,-1,-1,I:\MB7\Projects\SpIT\STICS_Pacheco\Hazus\NE\HPLF.mdb\hzHazmat,Statea,-1,-1,I:\MB7\Projects\SpIT\STICS_Pacheco\Hazus\NH\HPLF.mdb\hzHazmat,Statea,-1,-1,I:\MB7\Projects\SpIT\STICS_Pacheco\Hazus\NJ\HPLF.mdb\hzHazmat,Statea,-1,-1,I:\MB7\Projects\SpIT\STICS_Pacheco\Hazus\NM\HPLF.mdb\hzHazmat,Statea,-1,-1,I:\MB7\Projects\SpIT\STICS_Pacheco\Hazus\NV\HPLF.mdb\hzHazmat,Statea,-1,-1,I:\MB7\Projects\SpIT\STICS_Pacheco\Hazus\NY\HPLF.mdb\hzHazmat,Statea,-1,-1,I:\MB7\Projects\SpIT\STICS_Pacheco\Hazus\OH\HPLF.mdb\hzHazmat,Statea,-1,-1,I:\MB7\Projects\SpIT\STICS_Pacheco\Hazus\OK\HPLF.mdb\hzHazmat,Statea,-1,-1,I:\MB7\Projects\SpIT\STICS_Pacheco\Hazus\OR\HPLF.mdb\hzHazmat,Statea,-1,-1,I:\MB7\Projects\SpIT\STICS_Pacheco\Hazus\PA\HPLF.mdb\hzHazmat,Statea,-1,-1,I:\MB7\Projects\SpIT\STICS_Pacheco\Hazus\PR\HPLF.mdb\hzHazmat,Statea,-1,-1,I:\MB7\Projects\SpIT\STICS_Pacheco\Hazus\RI\HPLF.mdb\hzHazmat,Statea,-1,-1,I:\MB7\Projects\SpIT\STICS_Pacheco\Hazus\SC\HPLF.mdb\hzHazmat,Statea,-1,-1,I:\MB7\Projects\SpIT\STICS_Pacheco\Hazus\SD\HPLF.mdb\hzHazmat,Statea,-1,-1,I:\MB7\Projects\SpIT\STICS_Pacheco\Hazus\TN\HPLF.mdb\hzHazmat,Statea,-1,-1,I:\MB7\Projects\SpIT\STICS_Pacheco\Hazus\TX\HPLF.mdb\hzHazmat,Statea,-1,-1,I:\MB7\Projects\SpIT\STICS_Pacheco\Hazus\UT\HPLF.mdb\hzHazmat,Statea,-1,-1,I:\MB7\Projects\SpIT\STICS_Pacheco\Hazus\VA\HPLF.mdb\hzHazmat,Statea,-1,-1,I:\MB7\Projects\SpIT\STICS_Pacheco\Hazus\VT\HPLF.mdb\hzHazmat,Statea,-1,-1,I:\MB7\Projects\SpIT\STICS_Pacheco\Hazus\WA\HPLF.mdb\hzHazmat,Statea,-1,-1,I:\MB7\Projects\SpIT\STICS_Pacheco\Hazus\WI\HPLF.mdb\hzHazmat,Statea,-1,-1,I:\MB7\Projects\SpIT\STICS_Pacheco\Hazus\WV\HPLF.mdb\hzHazmat,Statea,-1,-1,I:\MB7\Projects\SpIT\STICS_Pacheco\Hazus\WY\HPLF.mdb\hzHazmat,Statea,-1,-1;Zipcode "Zipcode" true true false 10 Text 0 0 ,First,#,I:\MB7\Projects\SpIT\STICS_Pacheco\Hazus\AK\HPLF.mdb\hzHazmat,Zipcode,-1,-1,I:\MB7\Projects\SpIT\STICS_Pacheco\Hazus\AL\HPLF.mdb\hzHazmat,Zipcode,-1,-1,I:\MB7\Projects\SpIT\STICS_Pacheco\Hazus\AR\HPLF.mdb\hzHazmat,Zipcode,-1,-1,I:\MB7\Projects\SpIT\STICS_Pacheco\Hazus\AZ\HPLF.mdb\hzHazmat,Zipcode,-1,-1,I:\MB7\Projects\SpIT\STICS_Pacheco\Hazus\CA\HPLF.mdb\hzHazmat,Zipcode,-1,-1,I:\MB7\Projects\SpIT\STICS_Pacheco\Hazus\CO\HPLF.mdb\hzHazmat,Zipcode,-1,-1,I:\MB7\Projects\SpIT\STICS_Pacheco\Hazus\CT\HPLF.mdb\hzHazmat,Zipcode,-1,-1,I:\MB7\Projects\SpIT\STICS_Pacheco\Hazus\DC\HPLF.mdb\hzHazmat,Zipcode,-1,-1,I:\MB7\Projects\SpIT\STICS_Pacheco\Hazus\DE\HPLF.mdb\hzHazmat,Zipcode,-1,-1,I:\MB7\Projects\SpIT\STICS_Pacheco\Hazus\FL\HPLF.mdb\hzHazmat,Zipcode,-1,-1,I:\MB7\Projects\SpIT\STICS_Pacheco\Hazus\GA\HPLF.mdb\hzHazmat,Zipcode,-1,-1,I:\MB7\Projects\SpIT\STICS_Pacheco\Hazus\HI\HPLF.mdb\hzHazmat,Zipcode,-1,-1,I:\MB7\Projects\SpIT\STICS_Pacheco\Hazus\IA\HPLF.mdb\hzHazmat,Zipcode,-1,-1,I:\MB7\Projects\SpIT\STICS_Pacheco\Hazus\ID\HPLF.mdb\hzHazmat,Zipcode,-1,-1,I:\MB7\Projects\SpIT\STICS_Pacheco\Hazus\IL\HPLF.mdb\hzHazmat,Zipcode,-1,-1,I:\MB7\Projects\SpIT\STICS_Pacheco\Hazus\IN\HPLF.mdb\hzHazmat,Zipcode,-1,-1,I:\MB7\Projects\SpIT\STICS_Pacheco\Hazus\KS\HPLF.mdb\hzHazmat,Zipcode,-1,-1,I:\MB7\Projects\SpIT\STICS_Pacheco\Hazus\KY\HPLF.mdb\hzHazmat,Zipcode,-1,-1,I:\MB7\Projects\SpIT\STICS_Pacheco\Hazus\LA\HPLF.mdb\hzHazmat,Zipcode,-1,-1,I:\MB7\Projects\SpIT\STICS_Pacheco\Hazus\MA\HPLF.mdb\hzHazmat,Zipcode,-1,-1,I:\MB7\Projects\SpIT\STICS_Pacheco\Hazus\MD\HPLF.mdb\hzHazmat,Zipcode,-1,-1,I:\MB7\Projects\SpIT\STICS_Pacheco\Hazus\ME\HPLF.mdb\hzHazmat,Zipcode,-1,-1,I:\MB7\Projects\SpIT\STICS_Pacheco\Hazus\MI\HPLF.mdb\hzHazmat,Zipcode,-1,-1,I:\MB7\Projects\SpIT\STICS_Pacheco\Hazus\MN\HPLF.mdb\hzHazmat,Zipcode,-1,-1,I:\MB7\Projects\SpIT\STICS_Pacheco\Hazus\MO\HPLF.mdb\hzHazmat,Zipcode,-1,-1,I:\MB7\Projects\SpIT\STICS_Pacheco\Hazus\MS\HPLF.mdb\hzHazmat,Zipcode,-1,-1,I:\MB7\Projects\SpIT\STICS_Pacheco\Hazus\MT\HPLF.mdb\hzHazmat,Zipcode,-1,-1,I:\MB7\Projects\SpIT\STICS_Pacheco\Hazus\NC\HPLF.mdb\hzHazmat,Zipcode,-1,-1,I:\MB7\Projects\SpIT\STICS_Pacheco\Hazus\ND\HPLF.mdb\hzHazmat,Zipcode,-1,-1,I:\MB7\Projects\SpIT\STICS_Pacheco\Hazus\NE\HPLF.mdb\hzHazmat,Zipcode,-1,-1,I:\MB7\Projects\SpIT\STICS_Pacheco\Hazus\NH\HPLF.mdb\hzHazmat,Zipcode,-1,-1,I:\MB7\Projects\SpIT\STICS_Pacheco\Hazus\NJ\HPLF.mdb\hzHazmat,Zipcode,-1,-1,I:\MB7\Projects\SpIT\STICS_Pacheco\Hazus\NM\HPLF.mdb\hzHazmat,Zipcode,-1,-1,I:\MB7\Projects\SpIT\STICS_Pacheco\Hazus\NV\HPLF.mdb\hzHazmat,Zipcode,-1,-1,I:\MB7\Projects\SpIT\STICS_Pacheco\Hazus\NY\HPLF.mdb\hzHazmat,Zipcode,-1,-1,I:\MB7\Projects\SpIT\STICS_Pacheco\Hazus\OH\HPLF.mdb\hzHazmat,Zipcode,-1,-1,I:\MB7\Projects\SpIT\STICS_Pacheco\Hazus\OK\HPLF.mdb\hzHazmat,Zipcode,-1,-1,I:\MB7\Projects\SpIT\STICS_Pacheco\Hazus\OR\HPLF.mdb\hzHazmat,Zipcode,-1,-1,I:\MB7\Projects\SpIT\STICS_Pacheco\Hazus\PA\HPLF.mdb\hzHazmat,Zipcode,-1,-1,I:\MB7\Projects\SpIT\STICS_Pacheco\Hazus\PR\HPLF.mdb\hzHazmat,Zipcode,-1,-1,I:\MB7\Projects\SpIT\STICS_Pacheco\Hazus\RI\HPLF.mdb\hzHazmat,Zipcode,-1,-1,I:\MB7\Projects\SpIT\STICS_Pacheco\Hazus\SC\HPLF.mdb\hzHazmat,Zipcode,-1,-1,I:\MB7\Projects\SpIT\STICS_Pacheco\Hazus\SD\HPLF.mdb\hzHazmat,Zipcode,-1,-1,I:\MB7\Projects\SpIT\STICS_Pacheco\Hazus\TN\HPLF.mdb\hzHazmat,Zipcode,-1,-1,I:\MB7\Projects\SpIT\STICS_Pacheco\Hazus\TX\HPLF.mdb\hzHazmat,Zipcode,-1,-1,I:\MB7\Projects\SpIT\STICS_Pacheco\Hazus\UT\HPLF.mdb\hzHazmat,Zipcode,-1,-1,I:\MB7\Projects\SpIT\STICS_Pacheco\Hazus\VA\HPLF.mdb\hzHazmat,Zipcode,-1,-1,I:\MB7\Projects\SpIT\STICS_Pacheco\Hazus\VT\HPLF.mdb\hzHazmat,Zipcode,-1,-1,I:\MB7\Projects\SpIT\STICS_Pacheco\Hazus\WA\HPLF.mdb\hzHazmat,Zipcode,-1,-1,I:\MB7\Projects\SpIT\STICS_Pacheco\Hazus\WI\HPLF.mdb\hzHazmat,Zipcode,-1,-1,I:\MB7\Projects\SpIT\STICS_Pacheco\Hazus\WV\HPLF.mdb\hzHazmat,Zipcode,-1,-1,I:\MB7\Projects\SpIT\STICS_Pacheco\Hazus\WY\HPLF.mdb\hzHazmat,Zipcode,-1,-1;Contact "Contact" true true false 40 Text 0 0 ,First,#,I:\MB7\Projects\SpIT\STICS_Pacheco\Hazus\AK\HPLF.mdb\hzHazmat,Contact,-1,-1,I:\MB7\Projects\SpIT\STICS_Pacheco\Hazus\AL\HPLF.mdb\hzHazmat,Contact,-1,-1,I:\MB7\Projects\SpIT\STICS_Pacheco\Hazus\AR\HPLF.mdb\hzHazmat,Contact,-1,-1,I:\MB7\Projects\SpIT\STICS_Pacheco\Hazus\AZ\HPLF.mdb\hzHazmat,Contact,-1,-1,I:\MB7\Projects\SpIT\STICS_Pacheco\Hazus\CA\HPLF.mdb\hzHazmat,Contact,-1,-1,I:\MB7\Projects\SpIT\STICS_Pacheco\Hazus\CO\HPLF.mdb\hzHazmat,Contact,-1,-1,I:\MB7\Projects\SpIT\STICS_Pacheco\Hazus\CT\HPLF.mdb\hzHazmat,Contact,-1,-1,I:\MB7\Projects\SpIT\STICS_Pacheco\Hazus\DC\HPLF.mdb\hzHazmat,Contact,-1,-1,I:\MB7\Projects\SpIT\STICS_Pacheco\Hazus\DE\HPLF.mdb\hzHazmat,Contact,-1,-1,I:\MB7\Projects\SpIT\STICS_Pacheco\Hazus\FL\HPLF.mdb\hzHazmat,Contact,-1,-1,I:\MB7\Projects\SpIT\STICS_Pacheco\Hazus\GA\HPLF.mdb\hzHazmat,Contact,-1,-1,I:\MB7\Projects\SpIT\STICS_Pacheco\Hazus\HI\HPLF.mdb\hzHazmat,Contact,-1,-1,I:\MB7\Projects\SpIT\STICS_Pacheco\Hazus\IA\HPLF.mdb\hzHazmat,Contact,-1,-1,I:\MB7\Projects\SpIT\STICS_Pacheco\Hazus\ID\HPLF.mdb\hzHazmat,Contact,-1,-1,I:\MB7\Projects\SpIT\STICS_Pacheco\Hazus\IL\HPLF.mdb\hzHazmat,Contact,-1,-1,I:\MB7\Projects\SpIT\STICS_Pacheco\Hazus\IN\HPLF.mdb\hzHazmat,Contact,-1,-1,I:\MB7\Projects\SpIT\STICS_Pacheco\Hazus\KS\HPLF.mdb\hzHazmat,Contact,-1,-1,I:\MB7\Projects\SpIT\STICS_Pacheco\Hazus\KY\HPLF.mdb\hzHazmat,Contact,-1,-1,I:\MB7\Projects\SpIT\STICS_Pacheco\Hazus\LA\HPLF.mdb\hzHazmat,Contact,-1,-1,I:\MB7\Projects\SpIT\STICS_Pacheco\Hazus\MA\HPLF.mdb\hzHazmat,Contact,-1,-1,I:\MB7\Projects\SpIT\STICS_Pacheco\Hazus\MD\HPLF.mdb\hzHazmat,Contact,-1,-1,I:\MB7\Projects\SpIT\STICS_Pacheco\Hazus\ME\HPLF.mdb\hzHazmat,Contact,-1,-1,I:\MB7\Projects\SpIT\STICS_Pacheco\Hazus\MI\HPLF.mdb\hzHazmat,Contact,-1,-1,I:\MB7\Projects\SpIT\STICS_Pacheco\Hazus\MN\HPLF.mdb\hzHazmat,Contact,-1,-1,I:\MB7\Projects\SpIT\STICS_Pacheco\Hazus\MO\HPLF.mdb\hzHazmat,Contact,-1,-1,I:\MB7\Projects\SpIT\STICS_Pacheco\Hazus\MS\HPLF.mdb\hzHazmat,Contact,-1,-1,I:\MB7\Projects\SpIT\STICS_Pacheco\Hazus\MT\HPLF.mdb\hzHazmat,Contact,-1,-1,I:\MB7\Projects\SpIT\STICS_Pacheco\Hazus\NC\HPLF.mdb\hzHazmat,Contact,-1,-1,I:\MB7\Projects\SpIT\STICS_Pacheco\Hazus\ND\HPLF.mdb\hzHazmat,Contact,-1,-1,I:\MB7\Projects\SpIT\STICS_Pacheco\Hazus\NE\HPLF.mdb\hzHazmat,Contact,-1,-1,I:\MB7\Projects\SpIT\STICS_Pacheco\Hazus\NH\HPLF.mdb\hzHazmat,Contact,-1,-1,I:\MB7\Projects\SpIT\STICS_Pacheco\Hazus\NJ\HPLF.mdb\hzHazmat,Contact,-1,-1,I:\MB7\Projects\SpIT\STICS_Pacheco\Hazus\NM\HPLF.mdb\hzHazmat,Contact,-1,-1,I:\MB7\Projects\SpIT\STICS_Pacheco\Hazus\NV\HPLF.mdb\hzHazmat,Contact,-1,-1,I:\MB7\Projects\SpIT\STICS_Pacheco\Hazus\NY\HPLF.mdb\hzHazmat,Contact,-1,-1,I:\MB7\Projects\SpIT\STICS_Pacheco\Hazus\OH\HPLF.mdb\hzHazmat,Contact,-1,-1,I:\MB7\Projects\SpIT\STICS_Pacheco\Hazus\OK\HPLF.mdb\hzHazmat,Contact,-1,-1,I:\MB7\Projects\SpIT\STICS_Pacheco\Hazus\OR\HPLF.mdb\hzHazmat,Contact,-1,-1,I:\MB7\Projects\SpIT\STICS_Pacheco\Hazus\PA\HPLF.mdb\hzHazmat,Contact,-1,-1,I:\MB7\Projects\SpIT\STICS_Pacheco\Hazus\PR\HPLF.mdb\hzHazmat,Contact,-1,-1,I:\MB7\Projects\SpIT\STICS_Pacheco\Hazus\RI\HPLF.mdb\hzHazmat,Contact,-1,-1,I:\MB7\Projects\SpIT\STICS_Pacheco\Hazus\SC\HPLF.mdb\hzHazmat,Contact,-1,-1,I:\MB7\Projects\SpIT\STICS_Pacheco\Hazus\SD\HPLF.mdb\hzHazmat,Contact,-1,-1,I:\MB7\Projects\SpIT\STICS_Pacheco\Hazus\TN\HPLF.mdb\hzHazmat,Contact,-1,-1,I:\MB7\Projects\SpIT\STICS_Pacheco\Hazus\TX\HPLF.mdb\hzHazmat,Contact,-1,-1,I:\MB7\Projects\SpIT\STICS_Pacheco\Hazus\UT\HPLF.mdb\hzHazmat,Contact,-1,-1,I:\MB7\Projects\SpIT\STICS_Pacheco\Hazus\VA\HPLF.mdb\hzHazmat,Contact,-1,-1,I:\MB7\Projects\SpIT\STICS_Pacheco\Hazus\VT\HPLF.mdb\hzHazmat,Contact,-1,-1,I:\MB7\Projects\SpIT\STICS_Pacheco\Hazus\WA\HPLF.mdb\hzHazmat,Contact,-1,-1,I:\MB7\Projects\SpIT\STICS_Pacheco\Hazus\WI\HPLF.mdb\hzHazmat,Contact,-1,-1,I:\MB7\Projects\SpIT\STICS_Pacheco\Hazus\WV\HPLF.mdb\hzHazmat,Contact,-1,-1,I:\MB7\Projects\SpIT\STICS_Pacheco\Hazus\WY\HPLF.mdb\hzHazmat,Contact,-1,-1;PhoneNumbe "PhoneNumbe" true true false 14 Text 0 0 ,First,#,I:\MB7\Projects\SpIT\STICS_Pacheco\Hazus\AK\HPLF.mdb\hzHazmat,PhoneNumber,-1,-1,I:\MB7\Projects\SpIT\STICS_Pacheco\Hazus\AL\HPLF.mdb\hzHazmat,PhoneNumber,-1,-1,I:\MB7\Projects\SpIT\STICS_Pacheco\Hazus\AR\HPLF.mdb\hzHazmat,PhoneNumber,-1,-1,I:\MB7\Projects\SpIT\STICS_Pacheco\Hazus\AZ\HPLF.mdb\hzHazmat,PhoneNumber,-1,-1,I:\MB7\Projects\SpIT\STICS_Pacheco\Hazus\CA\HPLF.mdb\hzHazmat,PhoneNumber,-1,-1,I:\MB7\Projects\SpIT\STICS_Pacheco\Hazus\CO\HPLF.mdb\hzHazmat,PhoneNumber,-1,-1,I:\MB7\Projects\SpIT\STICS_Pacheco\Hazus\CT\HPLF.mdb\hzHazmat,PhoneNumber,-1,-1,I:\MB7\Projects\SpIT\STICS_Pacheco\Hazus\DC\HPLF.mdb\hzHazmat,PhoneNumber,-1,-1,I:\MB7\Projects\SpIT\STICS_Pacheco\Hazus\DE\HPLF.mdb\hzHazmat,PhoneNumber,-1,-1,I:\MB7\Projects\SpIT\STICS_Pacheco\Hazus\FL\HPLF.mdb\hzHazmat,PhoneNumber,-1,-1,I:\MB7\Projects\SpIT\STICS_Pacheco\Hazus\GA\HPLF.mdb\hzHazmat,PhoneNumber,-1,-1,I:\MB7\Projects\SpIT\STICS_Pacheco\Hazus\HI\HPLF.mdb\hzHazmat,PhoneNumber,-1,-1,I:\MB7\Projects\SpIT\STICS_Pacheco\Hazus\IA\HPLF.mdb\hzHazmat,PhoneNumber,-1,-1,I:\MB7\Projects\SpIT\STICS_Pacheco\Hazus\ID\HPLF.mdb\hzHazmat,PhoneNumber,-1,-1,I:\MB7\Projects\SpIT\STICS_Pacheco\Hazus\IL\HPLF.mdb\hzHazmat,PhoneNumber,-1,-1,I:\MB7\Projects\SpIT\STICS_Pacheco\Hazus\IN\HPLF.mdb\hzHazmat,PhoneNumber,-1,-1,I:\MB7\Projects\SpIT\STICS_Pacheco\Hazus\KS\HPLF.mdb\hzHazmat,PhoneNumber,-1,-1,I:\MB7\Projects\SpIT\STICS_Pacheco\Hazus\KY\HPLF.mdb\hzHazmat,PhoneNumber,-1,-1,I:\MB7\Projects\SpIT\STICS_Pacheco\Hazus\LA\HPLF.mdb\hzHazmat,PhoneNumber,-1,-1,I:\MB7\Projects\SpIT\STICS_Pacheco\Hazus\MA\HPLF.mdb\hzHazmat,PhoneNumber,-1,-1,I:\MB7\Projects\SpIT\STICS_Pacheco\Hazus\MD\HPLF.mdb\hzHazmat,PhoneNumber,-1,-1,I:\MB7\Projects\SpIT\STICS_Pacheco\Hazus\ME\HPLF.mdb\hzHazmat,PhoneNumber,-1,-1,I:\MB7\Projects\SpIT\STICS_Pacheco\Hazus\MI\HPLF.mdb\hzHazmat,PhoneNumber,-1,-1,I:\MB7\Projects\SpIT\STICS_Pacheco\Hazus\MN\HPLF.mdb\hzHazmat,PhoneNumber,-1,-1,I:\MB7\Projects\SpIT\STICS_Pacheco\Hazus\MO\HPLF.mdb\hzHazmat,PhoneNumber,-1,-1,I:\MB7\Projects\SpIT\STICS_Pacheco\Hazus\MS\HPLF.mdb\hzHazmat,PhoneNumber,-1,-1,I:\MB7\Projects\SpIT\STICS_Pacheco\Hazus\MT\HPLF.mdb\hzHazmat,PhoneNumber,-1,-1,I:\MB7\Projects\SpIT\STICS_Pacheco\Hazus\NC\HPLF.mdb\hzHazmat,PhoneNumber,-1,-1,I:\MB7\Projects\SpIT\STICS_Pacheco\Hazus\ND\HPLF.mdb\hzHazmat,PhoneNumber,-1,-1,I:\MB7\Projects\SpIT\STICS_Pacheco\Hazus\NE\HPLF.mdb\hzHazmat,PhoneNumber,-1,-1,I:\MB7\Projects\SpIT\STICS_Pacheco\Hazus\NH\HPLF.mdb\hzHazmat,PhoneNumber,-1,-1,I:\MB7\Projects\SpIT\STICS_Pacheco\Hazus\NJ\HPLF.mdb\hzHazmat,PhoneNumber,-1,-1,I:\MB7\Projects\SpIT\STICS_Pacheco\Hazus\NM\HPLF.mdb\hzHazmat,PhoneNumber,-1,-1,I:\MB7\Projects\SpIT\STICS_Pacheco\Hazus\NV\HPLF.mdb\hzHazmat,PhoneNumber,-1,-1,I:\MB7\Projects\SpIT\STICS_Pacheco\Hazus\NY\HPLF.mdb\hzHazmat,PhoneNumber,-1,-1,I:\MB7\Projects\SpIT\STICS_Pacheco\Hazus\OH\HPLF.mdb\hzHazmat,PhoneNumber,-1,-1,I:\MB7\Projects\SpIT\STICS_Pacheco\Hazus\OK\HPLF.mdb\hzHazmat,PhoneNumber,-1,-1,I:\MB7\Projects\SpIT\STICS_Pacheco\Hazus\OR\HPLF.mdb\hzHazmat,PhoneNumber,-1,-1,I:\MB7\Projects\SpIT\STICS_Pacheco\Hazus\PA\HPLF.mdb\hzHazmat,PhoneNumber,-1,-1,I:\MB7\Projects\SpIT\STICS_Pacheco\Hazus\PR\HPLF.mdb\hzHazmat,PhoneNumber,-1,-1,I:\MB7\Projects\SpIT\STICS_Pacheco\Hazus\RI\HPLF.mdb\hzHazmat,PhoneNumber,-1,-1,I:\MB7\Projects\SpIT\STICS_Pacheco\Hazus\SC\HPLF.mdb\hzHazmat,PhoneNumber,-1,-1,I:\MB7\Projects\SpIT\STICS_Pacheco\Hazus\SD\HPLF.mdb\hzHazmat,PhoneNumber,-1,-1,I:\MB7\Projects\SpIT\STICS_Pacheco\Hazus\TN\HPLF.mdb\hzHazmat,PhoneNumber,-1,-1,I:\MB7\Projects\SpIT\STICS_Pacheco\Hazus\TX\HPLF.mdb\hzHazmat,PhoneNumber,-1,-1,I:\MB7\Projects\SpIT\STICS_Pacheco\Hazus\UT\HPLF.mdb\hzHazmat,PhoneNumber,-1,-1,I:\MB7\Projects\SpIT\STICS_Pacheco\Hazus\VA\HPLF.mdb\hzHazmat,PhoneNumber,-1,-1,I:\MB7\Projects\SpIT\STICS_Pacheco\Hazus\VT\HPLF.mdb\hzHazmat,PhoneNumber,-1,-1,I:\MB7\Projects\SpIT\STICS_Pacheco\Hazus\WA\HPLF.mdb\hzHazmat,PhoneNumber,-1,-1,I:\MB7\Projects\SpIT\STICS_Pacheco\Hazus\WI\HPLF.mdb\hzHazmat,PhoneNumber,-1,-1,I:\MB7\Projects\SpIT\STICS_Pacheco\Hazus\WV\HPLF.mdb\hzHazmat,PhoneNumber,-1,-1,I:\MB7\Projects\SpIT\STICS_Pacheco\Hazus\WY\HPLF.mdb\hzHazmat,PhoneNumber,-1,-1;Owner "Owner" true true false 25 Text 0 0 ,First,#,I:\MB7\Projects\SpIT\STICS_Pacheco\Hazus\AK\HPLF.mdb\hzHazmat,Owner,-1,-1,I:\MB7\Projects\SpIT\STICS_Pacheco\Hazus\AL\HPLF.mdb\hzHazmat,Owner,-1,-1,I:\MB7\Projects\SpIT\STICS_Pacheco\Hazus\AR\HPLF.mdb\hzHazmat,Owner,-1,-1,I:\MB7\Projects\SpIT\STICS_Pacheco\Hazus\AZ\HPLF.mdb\hzHazmat,Owner,-1,-1,I:\MB7\Projects\SpIT\STICS_Pacheco\Hazus\CA\HPLF.mdb\hzHazmat,Owner,-1,-1,I:\MB7\Projects\SpIT\STICS_Pacheco\Hazus\CO\HPLF.mdb\hzHazmat,Owner,-1,-1,I:\MB7\Projects\SpIT\STICS_Pacheco\Hazus\CT\HPLF.mdb\hzHazmat,Owner,-1,-1,I:\MB7\Projects\SpIT\STICS_Pacheco\Hazus\DC\HPLF.mdb\hzHazmat,Owner,-1,-1,I:\MB7\Projects\SpIT\STICS_Pacheco\Hazus\DE\HPLF.mdb\hzHazmat,Owner,-1,-1,I:\MB7\Projects\SpIT\STICS_Pacheco\Hazus\FL\HPLF.mdb\hzHazmat,Owner,-1,-1,I:\MB7\Projects\SpIT\STICS_Pacheco\Hazus\GA\HPLF.mdb\hzHazmat,Owner,-1,-1,I:\MB7\Projects\SpIT\STICS_Pacheco\Hazus\HI\HPLF.mdb\hzHazmat,Owner,-1,-1,I:\MB7\Projects\SpIT\STICS_Pacheco\Hazus\IA\HPLF.mdb\hzHazmat,Owner,-1,-1,I:\MB7\Projects\SpIT\STICS_Pacheco\Hazus\ID\HPLF.mdb\hzHazmat,Owner,-1,-1,I:\MB7\Projects\SpIT\STICS_Pacheco\Hazus\IL\HPLF.mdb\hzHazmat,Owner,-1,-1,I:\MB7\Projects\SpIT\STICS_Pacheco\Hazus\IN\HPLF.mdb\hzHazmat,Owner,-1,-1,I:\MB7\Projects\SpIT\STICS_Pacheco\Hazus\KS\HPLF.mdb\hzHazmat,Owner,-1,-1,I:\MB7\Projects\SpIT\STICS_Pacheco\Hazus\KY\HPLF.mdb\hzHazmat,Owner,-1,-1,I:\MB7\Projects\SpIT\STICS_Pacheco\Hazus\LA\HPLF.mdb\hzHazmat,Owner,-1,-1,I:\MB7\Projects\SpIT\STICS_Pacheco\Hazus\MA\HPLF.mdb\hzHazmat,Owner,-1,-1,I:\MB7\Projects\SpIT\STICS_Pacheco\Hazus\MD\HPLF.mdb\hzHazmat,Owner,-1,-1,I:\MB7\Projects\SpIT\STICS_Pacheco\Hazus\ME\HPLF.mdb\hzHazmat,Owner,-1,-1,I:\MB7\Projects\SpIT\STICS_Pacheco\Hazus\MI\HPLF.mdb\hzHazmat,Owner,-1,-1,I:\MB7\Projects\SpIT\STICS_Pacheco\Hazus\MN\HPLF.mdb\hzHazmat,Owner,-1,-1,I:\MB7\Projects\SpIT\STICS_Pacheco\Hazus\MO\HPLF.mdb\hzHazmat,Owner,-1,-1,I:\MB7\Projects\SpIT\STICS_Pacheco\Hazus\MS\HPLF.mdb\hzHazmat,Owner,-1,-1,I:\MB7\Projects\SpIT\STICS_Pacheco\Hazus\MT\HPLF.mdb\hzHazmat,Owner,-1,-1,I:\MB7\Projects\SpIT\STICS_Pacheco\Hazus\NC\HPLF.mdb\hzHazmat,Owner,-1,-1,I:\MB7\Projects\SpIT\STICS_Pacheco\Hazus\ND\HPLF.mdb\hzHazmat,Owner,-1,-1,I:\MB7\Projects\SpIT\STICS_Pacheco\Hazus\NE\HPLF.mdb\hzHazmat,Owner,-1,-1,I:\MB7\Projects\SpIT\STICS_Pacheco\Hazus\NH\HPLF.mdb\hzHazmat,Owner,-1,-1,I:\MB7\Projects\SpIT\STICS_Pacheco\Hazus\NJ\HPLF.mdb\hzHazmat,Owner,-1,-1,I:\MB7\Projects\SpIT\STICS_Pacheco\Hazus\NM\HPLF.mdb\hzHazmat,Owner,-1,-1,I:\MB7\Projects\SpIT\STICS_Pacheco\Hazus\NV\HPLF.mdb\hzHazmat,Owner,-1,-1,I:\MB7\Projects\SpIT\STICS_Pacheco\Hazus\NY\HPLF.mdb\hzHazmat,Owner,-1,-1,I:\MB7\Projects\SpIT\STICS_Pacheco\Hazus\OH\HPLF.mdb\hzHazmat,Owner,-1,-1,I:\MB7\Projects\SpIT\STICS_Pacheco\Hazus\OK\HPLF.mdb\hzHazmat,Owner,-1,-1,I:\MB7\Projects\SpIT\STICS_Pacheco\Hazus\OR\HPLF.mdb\hzHazmat,Owner,-1,-1,I:\MB7\Projects\SpIT\STICS_Pacheco\Hazus\PA\HPLF.mdb\hzHazmat,Owner,-1,-1,I:\MB7\Projects\SpIT\STICS_Pacheco\Hazus\PR\HPLF.mdb\hzHazmat,Owner,-1,-1,I:\MB7\Projects\SpIT\STICS_Pacheco\Hazus\RI\HPLF.mdb\hzHazmat,Owner,-1,-1,I:\MB7\Projects\SpIT\STICS_Pacheco\Hazus\SC\HPLF.mdb\hzHazmat,Owner,-1,-1,I:\MB7\Projects\SpIT\STICS_Pacheco\Hazus\SD\HPLF.mdb\hzHazmat,Owner,-1,-1,I:\MB7\Projects\SpIT\STICS_Pacheco\Hazus\TN\HPLF.mdb\hzHazmat,Owner,-1,-1,I:\MB7\Projects\SpIT\STICS_Pacheco\Hazus\TX\HPLF.mdb\hzHazmat,Owner,-1,-1,I:\MB7\Projects\SpIT\STICS_Pacheco\Hazus\UT\HPLF.mdb\hzHazmat,Owner,-1,-1,I:\MB7\Projects\SpIT\STICS_Pacheco\Hazus\VA\HPLF.mdb\hzHazmat,Owner,-1,-1,I:\MB7\Projects\SpIT\STICS_Pacheco\Hazus\VT\HPLF.mdb\hzHazmat,Owner,-1,-1,I:\MB7\Projects\SpIT\STICS_Pacheco\Hazus\WA\HPLF.mdb\hzHazmat,Owner,-1,-1,I:\MB7\Projects\SpIT\STICS_Pacheco\Hazus\WI\HPLF.mdb\hzHazmat,Owner,-1,-1,I:\MB7\Projects\SpIT\STICS_Pacheco\Hazus\WV\HPLF.mdb\hzHazmat,Owner,-1,-1,I:\MB7\Projects\SpIT\STICS_Pacheco\Hazus\WY\HPLF.mdb\hzHazmat,Owner,-1,-1;Cas "Cas" true true false 10 Text 0 0 ,First,#,I:\MB7\Projects\SpIT\STICS_Pacheco\Hazus\AK\HPLF.mdb\hzHazmat,Cas,-1,-1,I:\MB7\Projects\SpIT\STICS_Pacheco\Hazus\AL\HPLF.mdb\hzHazmat,Cas,-1,-1,I:\MB7\Projects\SpIT\STICS_Pacheco\Hazus\AR\HPLF.mdb\hzHazmat,Cas,-1,-1,I:\MB7\Projects\SpIT\STICS_Pacheco\Hazus\AZ\HPLF.mdb\hzHazmat,Cas,-1,-1,I:\MB7\Projects\SpIT\STICS_Pacheco\Hazus\CA\HPLF.mdb\hzHazmat,Cas,-1,-1,I:\MB7\Projects\SpIT\STICS_Pacheco\Hazus\CO\HPLF.mdb\hzHazmat,Cas,-1,-1,I:\MB7\Projects\SpIT\STICS_Pacheco\Hazus\CT\HPLF.mdb\hzHazmat,Cas,-1,-1,I:\MB7\Projects\SpIT\STICS_Pacheco\Hazus\DC\HPLF.mdb\hzHazmat,Cas,-1,-1,I:\MB7\Projects\SpIT\STICS_Pacheco\Hazus\DE\HPLF.mdb\hzHazmat,Cas,-1,-1,I:\MB7\Projects\SpIT\STICS_Pacheco\Hazus\FL\HPLF.mdb\hzHazmat,Cas,-1,-1,I:\MB7\Projects\SpIT\STICS_Pacheco\Hazus\GA\HPLF.mdb\hzHazmat,Cas,-1,-1,I:\MB7\Projects\SpIT\STICS_Pacheco\Hazus\HI\HPLF.mdb\hzHazmat,Cas,-1,-1,I:\MB7\Projects\SpIT\STICS_Pacheco\Hazus\IA\HPLF.mdb\hzHazmat,Cas,-1,-1,I:\MB7\Projects\SpIT\STICS_Pacheco\Hazus\ID\HPLF.mdb\hzHazmat,Cas,-1,-1,I:\MB7\Projects\SpIT\STICS_Pacheco\Hazus\IL\HPLF.mdb\hzHazmat,Cas,-1,-1,I:\MB7\Projects\SpIT\STICS_Pacheco\Hazus\IN\HPLF.mdb\hzHazmat,Cas,-1,-1,I:\MB7\Projects\SpIT\STICS_Pacheco\Hazus\KS\HPLF.mdb\hzHazmat,Cas,-1,-1,I:\MB7\Projects\SpIT\STICS_Pacheco\Hazus\KY\HPLF.mdb\hzHazmat,Cas,-1,-1,I:\MB7\Projects\SpIT\STICS_Pacheco\Hazus\LA\HPLF.mdb\hzHazmat,Cas,-1,-1,I:\MB7\Projects\SpIT\STICS_Pacheco\Hazus\MA\HPLF.mdb\hzHazmat,Cas,-1,-1,I:\MB7\Projects\SpIT\STICS_Pacheco\Hazus\MD\HPLF.mdb\hzHazmat,Cas,-1,-1,I:\MB7\Projects\SpIT\STICS_Pacheco\Hazus\ME\HPLF.mdb\hzHazmat,Cas,-1,-1,I:\MB7\Projects\SpIT\STICS_Pacheco\Hazus\MI\HPLF.mdb\hzHazmat,Cas,-1,-1,I:\MB7\Projects\SpIT\STICS_Pacheco\Hazus\MN\HPLF.mdb\hzHazmat,Cas,-1,-1,I:\MB7\Projects\SpIT\STICS_Pacheco\Hazus\MO\HPLF.mdb\hzHazmat,Cas,-1,-1,I:\MB7\Projects\SpIT\STICS_Pacheco\Hazus\MS\HPLF.mdb\hzHazmat,Cas,-1,-1,I:\MB7\Projects\SpIT\STICS_Pacheco\Hazus\MT\HPLF.mdb\hzHazmat,Cas,-1,-1,I:\MB7\Projects\SpIT\STICS_Pacheco\Hazus\NC\HPLF.mdb\hzHazmat,Cas,-1,-1,I:\MB7\Projects\SpIT\STICS_Pacheco\Hazus\ND\HPLF.mdb\hzHazmat,Cas,-1,-1,I:\MB7\Projects\SpIT\STICS_Pacheco\Hazus\NE\HPLF.mdb\hzHazmat,Cas,-1,-1,I:\MB7\Projects\SpIT\STICS_Pacheco\Hazus\NH\HPLF.mdb\hzHazmat,Cas,-1,-1,I:\MB7\Projects\SpIT\STICS_Pacheco\Hazus\NJ\HPLF.mdb\hzHazmat,Cas,-1,-1,I:\MB7\Projects\SpIT\STICS_Pacheco\Hazus\NM\HPLF.mdb\hzHazmat,Cas,-1,-1,I:\MB7\Projects\SpIT\STICS_Pacheco\Hazus\NV\HPLF.mdb\hzHazmat,Cas,-1,-1,I:\MB7\Projects\SpIT\STICS_Pacheco\Hazus\NY\HPLF.mdb\hzHazmat,Cas,-1,-1,I:\MB7\Projects\SpIT\STICS_Pacheco\Hazus\OH\HPLF.mdb\hzHazmat,Cas,-1,-1,I:\MB7\Projects\SpIT\STICS_Pacheco\Hazus\OK\HPLF.mdb\hzHazmat,Cas,-1,-1,I:\MB7\Projects\SpIT\STICS_Pacheco\Hazus\OR\HPLF.mdb\hzHazmat,Cas,-1,-1,I:\MB7\Projects\SpIT\STICS_Pacheco\Hazus\PA\HPLF.mdb\hzHazmat,Cas,-1,-1,I:\MB7\Projects\SpIT\STICS_Pacheco\Hazus\PR\HPLF.mdb\hzHazmat,Cas,-1,-1,I:\MB7\Projects\SpIT\STICS_Pacheco\Hazus\RI\HPLF.mdb\hzHazmat,Cas,-1,-1,I:\MB7\Projects\SpIT\STICS_Pacheco\Hazus\SC\HPLF.mdb\hzHazmat,Cas,-1,-1,I:\MB7\Projects\SpIT\STICS_Pacheco\Hazus\SD\HPLF.mdb\hzHazmat,Cas,-1,-1,I:\MB7\Projects\SpIT\STICS_Pacheco\Hazus\TN\HPLF.mdb\hzHazmat,Cas,-1,-1,I:\MB7\Projects\SpIT\STICS_Pacheco\Hazus\TX\HPLF.mdb\hzHazmat,Cas,-1,-1,I:\MB7\Projects\SpIT\STICS_Pacheco\Hazus\UT\HPLF.mdb\hzHazmat,Cas,-1,-1,I:\MB7\Projects\SpIT\STICS_Pacheco\Hazus\VA\HPLF.mdb\hzHazmat,Cas,-1,-1,I:\MB7\Projects\SpIT\STICS_Pacheco\Hazus\VT\HPLF.mdb\hzHazmat,Cas,-1,-1,I:\MB7\Projects\SpIT\STICS_Pacheco\Hazus\WA\HPLF.mdb\hzHazmat,Cas,-1,-1,I:\MB7\Projects\SpIT\STICS_Pacheco\Hazus\WI\HPLF.mdb\hzHazmat,Cas,-1,-1,I:\MB7\Projects\SpIT\STICS_Pacheco\Hazus\WV\HPLF.mdb\hzHazmat,Cas,-1,-1,I:\MB7\Projects\SpIT\STICS_Pacheco\Hazus\WY\HPLF.mdb\hzHazmat,Cas,-1,-1;ChemicalNa "ChemicalNa" true true false 20 Text 0 0 ,First,#,I:\MB7\Projects\SpIT\STICS_Pacheco\Hazus\AK\HPLF.mdb\hzHazmat,ChemicalName,-1,-1,I:\MB7\Projects\SpIT\STICS_Pacheco\Hazus\AL\HPLF.mdb\hzHazmat,ChemicalName,-1,-1,I:\MB7\Projects\SpIT\STICS_Pacheco\Hazus\AR\HPLF.mdb\hzHazmat,ChemicalName,-1,-1,I:\MB7\Projects\SpIT\STICS_Pacheco\Hazus\AZ\HPLF.mdb\hzHazmat,ChemicalName,-1,-1,I:\MB7\Projects\SpIT\STICS_Pacheco\Hazus\CA\HPLF.mdb\hzHazmat,ChemicalName,-1,-1,I:\MB7\Projects\SpIT\STICS_Pacheco\Hazus\CO\HPLF.mdb\hzHazmat,ChemicalName,-1,-1,I:\MB7\Projects\SpIT\STICS_Pacheco\Hazus\CT\HPLF.mdb\hzHazmat,ChemicalName,-1,-1,I:\MB7\Projects\SpIT\STICS_Pacheco\Hazus\DC\HPLF.mdb\hzHazmat,ChemicalName,-1,-1,I:\MB7\Projects\SpIT\STICS_Pacheco\Hazus\DE\HPLF.mdb\hzHazmat,ChemicalName,-1,-1,I:\MB7\Projects\SpIT\STICS_Pacheco\Hazus\FL\HPLF.mdb\hzHazmat,ChemicalName,-1,-1,I:\MB7\Projects\SpIT\STICS_Pacheco\Hazus\GA\HPLF.mdb\hzHazmat,ChemicalName,-1,-1,I:\MB7\Projects\SpIT\STICS_Pacheco\Hazus\HI\HPLF.mdb\hzHazmat,ChemicalName,-1,-1,I:\MB7\Projects\SpIT\STICS_Pacheco\Hazus\IA\HPLF.mdb\hzHazmat,ChemicalName,-1,-1,I:\MB7\Projects\SpIT\STICS_Pacheco\Hazus\ID\HPLF.mdb\hzHazmat,ChemicalName,-1,-1,I:\MB7\Projects\SpIT\STICS_Pacheco\Hazus\IL\HPLF.mdb\hzHazmat,ChemicalName,-1,-1,I:\MB7\Projects\SpIT\STICS_Pacheco\Hazus\IN\HPLF.mdb\hzHazmat,ChemicalName,-1,-1,I:\MB7\Projects\SpIT\STICS_Pacheco\Hazus\KS\HPLF.mdb\hzHazmat,ChemicalName,-1,-1,I:\MB7\Projects\SpIT\STICS_Pacheco\Hazus\KY\HPLF.mdb\hzHazmat,ChemicalName,-1,-1,I:\MB7\Projects\SpIT\STICS_Pacheco\Hazus\LA\HPLF.mdb\hzHazmat,ChemicalName,-1,-1,I:\MB7\Projects\SpIT\STICS_Pacheco\Hazus\MA\HPLF.mdb\hzHazmat,ChemicalName,-1,-1,I:\MB7\Projects\SpIT\STICS_Pacheco\Hazus\MD\HPLF.mdb\hzHazmat,ChemicalName,-1,-1,I:\MB7\Projects\SpIT\STICS_Pacheco\Hazus\ME\HPLF.mdb\hzHazmat,ChemicalName,-1,-1,I:\MB7\Projects\SpIT\STICS_Pacheco\Hazus\MI\HPLF.mdb\hzHazmat,ChemicalName,-1,-1,I:\MB7\Projects\SpIT\STICS_Pacheco\Hazus\MN\HPLF.mdb\hzHazmat,ChemicalName,-1,-1,I:\MB7\Projects\SpIT\STICS_Pacheco\Hazus\MO\HPLF.mdb\hzHazmat,ChemicalName,-1,-1,I:\MB7\Projects\SpIT\STICS_Pacheco\Hazus\MS\HPLF.mdb\hzHazmat,ChemicalName,-1,-1,I:\MB7\Projects\SpIT\STICS_Pacheco\Hazus\MT\HPLF.mdb\hzHazmat,ChemicalName,-1,-1,I:\MB7\Projects\SpIT\STICS_Pacheco\Hazus\NC\HPLF.mdb\hzHazmat,ChemicalName,-1,-1,I:\MB7\Projects\SpIT\STICS_Pacheco\Hazus\ND\HPLF.mdb\hzHazmat,ChemicalName,-1,-1,I:\MB7\Projects\SpIT\STICS_Pacheco\Hazus\NE\HPLF.mdb\hzHazmat,ChemicalName,-1,-1,I:\MB7\Projects\SpIT\STICS_Pacheco\Hazus\NH\HPLF.mdb\hzHazmat,ChemicalName,-1,-1,I:\MB7\Projects\SpIT\STICS_Pacheco\Hazus\NJ\HPLF.mdb\hzHazmat,ChemicalName,-1,-1,I:\MB7\Projects\SpIT\STICS_Pacheco\Hazus\NM\HPLF.mdb\hzHazmat,ChemicalName,-1,-1,I:\MB7\Projects\SpIT\STICS_Pacheco\Hazus\NV\HPLF.mdb\hzHazmat,ChemicalName,-1,-1,I:\MB7\Projects\SpIT\STICS_Pacheco\Hazus\NY\HPLF.mdb\hzHazmat,ChemicalName,-1,-1,I:\MB7\Projects\SpIT\STICS_Pacheco\Hazus\OH\HPLF.mdb\hzHazmat,ChemicalName,-1,-1,I:\MB7\Projects\SpIT\STICS_Pacheco\Hazus\OK\HPLF.mdb\hzHazmat,ChemicalName,-1,-1,I:\MB7\Projects\SpIT\STICS_Pacheco\Hazus\OR\HPLF.mdb\hzHazmat,ChemicalName,-1,-1,I:\MB7\Projects\SpIT\STICS_Pacheco\Hazus\PA\HPLF.mdb\hzHazmat,ChemicalName,-1,-1,I:\MB7\Projects\SpIT\STICS_Pacheco\Hazus\PR\HPLF.mdb\hzHazmat,ChemicalName,-1,-1,I:\MB7\Projects\SpIT\STICS_Pacheco\Hazus\RI\HPLF.mdb\hzHazmat,ChemicalName,-1,-1,I:\MB7\Projects\SpIT\STICS_Pacheco\Hazus\SC\HPLF.mdb\hzHazmat,ChemicalName,-1,-1,I:\MB7\Projects\SpIT\STICS_Pacheco\Hazus\SD\HPLF.mdb\hzHazmat,ChemicalName,-1,-1,I:\MB7\Projects\SpIT\STICS_Pacheco\Hazus\TN\HPLF.mdb\hzHazmat,ChemicalName,-1,-1,I:\MB7\Projects\SpIT\STICS_Pacheco\Hazus\TX\HPLF.mdb\hzHazmat,ChemicalName,-1,-1,I:\MB7\Projects\SpIT\STICS_Pacheco\Hazus\UT\HPLF.mdb\hzHazmat,ChemicalName,-1,-1,I:\MB7\Projects\SpIT\STICS_Pacheco\Hazus\VA\HPLF.mdb\hzHazmat,ChemicalName,-1,-1,I:\MB7\Projects\SpIT\STICS_Pacheco\Hazus\VT\HPLF.mdb\hzHazmat,ChemicalName,-1,-1,I:\MB7\Projects\SpIT\STICS_Pacheco\Hazus\WA\HPLF.mdb\hzHazmat,ChemicalName,-1,-1,I:\MB7\Projects\SpIT\STICS_Pacheco\Hazus\WI\HPLF.mdb\hzHazmat,ChemicalName,-1,-1,I:\MB7\Projects\SpIT\STICS_Pacheco\Hazus\WV\HPLF.mdb\hzHazmat,ChemicalName,-1,-1,I:\MB7\Projects\SpIT\STICS_Pacheco\Hazus\WY\HPLF.mdb\hzHazmat,ChemicalName,-1,-1;ChemicalQu "ChemicalQu" true true false 4 Long 0 0 ,First,#,I:\MB7\Projects\SpIT\STICS_Pacheco\Hazus\AK\HPLF.mdb\hzHazmat,ChemicalQuant,-1,-1,I:\MB7\Projects\SpIT\STICS_Pacheco\Hazus\AL\HPLF.mdb\hzHazmat,ChemicalQuant,-1,-1,I:\MB7\Projects\SpIT\STICS_Pacheco\Hazus\AR\HPLF.mdb\hzHazmat,ChemicalQuant,-1,-1,I:\MB7\Projects\SpIT\STICS_Pacheco\Hazus\AZ\HPLF.mdb\hzHazmat,ChemicalQuant,-1,-1,I:\MB7\Projects\SpIT\STICS_Pacheco\Hazus\CA\HPLF.mdb\hzHazmat,ChemicalQuant,-1,-1,I:\MB7\Projects\SpIT\STICS_Pacheco\Hazus\CO\HPLF.mdb\hzHazmat,ChemicalQuant,-1,-1,I:\MB7\Projects\SpIT\STICS_Pacheco\Hazus\CT\HPLF.mdb\hzHazmat,ChemicalQuant,-1,-1,I:\MB7\Projects\SpIT\STICS_Pacheco\Hazus\DC\HPLF.mdb\hzHazmat,ChemicalQuant,-1,-1,I:\MB7\Projects\SpIT\STICS_Pacheco\Hazus\DE\HPLF.mdb\hzHazmat,ChemicalQuant,-1,-1,I:\MB7\Projects\SpIT\STICS_Pacheco\Hazus\FL\HPLF.mdb\hzHazmat,ChemicalQuant,-1,-1,I:\MB7\Projects\SpIT\STICS_Pacheco\Hazus\GA\HPLF.mdb\hzHazmat,ChemicalQuant,-1,-1,I:\MB7\Projects\SpIT\STICS_Pacheco\Hazus\HI\HPLF.mdb\hzHazmat,ChemicalQuant,-1,-1,I:\MB7\Projects\SpIT\STICS_Pacheco\Hazus\IA\HPLF.mdb\hzHazmat,ChemicalQuant,-1,-1,I:\MB7\Projects\SpIT\STICS_Pacheco\Hazus\ID\HPLF.mdb\hzHazmat,ChemicalQuant,-1,-1,I:\MB7\Projects\SpIT\STICS_Pacheco\Hazus\IL\HPLF.mdb\hzHazmat,ChemicalQuant,-1,-1,I:\MB7\Projects\SpIT\STICS_Pacheco\Hazus\IN\HPLF.mdb\hzHazmat,ChemicalQuant,-1,-1,I:\MB7\Projects\SpIT\STICS_Pacheco\Hazus\KS\HPLF.mdb\hzHazmat,ChemicalQuant,-1,-1,I:\MB7\Projects\SpIT\STICS_Pacheco\Hazus\KY\HPLF.mdb\hzHazmat,ChemicalQuant,-1,-1,I:\MB7\Projects\SpIT\STICS_Pacheco\Hazus\LA\HPLF.mdb\hzHazmat,ChemicalQuant,-1,-1,I:\MB7\Projects\SpIT\STICS_Pacheco\Hazus\MA\HPLF.mdb\hzHazmat,ChemicalQuant,-1,-1,I:\MB7\Projects\SpIT\STICS_Pacheco\Hazus\MD\HPLF.mdb\hzHazmat,ChemicalQuant,-1,-1,I:\MB7\Projects\SpIT\STICS_Pacheco\Hazus\ME\HPLF.mdb\hzHazmat,ChemicalQuant,-1,-1,I:\MB7\Projects\SpIT\STICS_Pacheco\Hazus\MI\HPLF.mdb\hzHazmat,ChemicalQuant,-1,-1,I:\MB7\Projects\SpIT\STICS_Pacheco\Hazus\MN\HPLF.mdb\hzHazmat,ChemicalQuant,-1,-1,I:\MB7\Projects\SpIT\STICS_Pacheco\Hazus\MO\HPLF.mdb\hzHazmat,ChemicalQuant,-1,-1,I:\MB7\Projects\SpIT\STICS_Pacheco\Hazus\MS\HPLF.mdb\hzHazmat,ChemicalQuant,-1,-1,I:\MB7\Projects\SpIT\STICS_Pacheco\Hazus\MT\HPLF.mdb\hzHazmat,ChemicalQuant,-1,-1,I:\MB7\Projects\SpIT\STICS_Pacheco\Hazus\NC\HPLF.mdb\hzHazmat,ChemicalQuant,-1,-1,I:\MB7\Projects\SpIT\STICS_Pacheco\Hazus\ND\HPLF.mdb\hzHazmat,ChemicalQuant,-1,-1,I:\MB7\Projects\SpIT\STICS_Pacheco\Hazus\NE\HPLF.mdb\hzHazmat,ChemicalQuant,-1,-1,I:\MB7\Projects\SpIT\STICS_Pacheco\Hazus\NH\HPLF.mdb\hzHazmat,ChemicalQuant,-1,-1,I:\MB7\Projects\SpIT\STICS_Pacheco\Hazus\NJ\HPLF.mdb\hzHazmat,ChemicalQuant,-1,-1,I:\MB7\Projects\SpIT\STICS_Pacheco\Hazus\NM\HPLF.mdb\hzHazmat,ChemicalQuant,-1,-1,I:\MB7\Projects\SpIT\STICS_Pacheco\Hazus\NV\HPLF.mdb\hzHazmat,ChemicalQuant,-1,-1,I:\MB7\Projects\SpIT\STICS_Pacheco\Hazus\NY\HPLF.mdb\hzHazmat,ChemicalQuant,-1,-1,I:\MB7\Projects\SpIT\STICS_Pacheco\Hazus\OH\HPLF.mdb\hzHazmat,ChemicalQuant,-1,-1,I:\MB7\Projects\SpIT\STICS_Pacheco\Hazus\OK\HPLF.mdb\hzHazmat,ChemicalQuant,-1,-1,I:\MB7\Projects\SpIT\STICS_Pacheco\Hazus\OR\HPLF.mdb\hzHazmat,ChemicalQuant,-1,-1,I:\MB7\Projects\SpIT\STICS_Pacheco\Hazus\PA\HPLF.mdb\hzHazmat,ChemicalQuant,-1,-1,I:\MB7\Projects\SpIT\STICS_Pacheco\Hazus\PR\HPLF.mdb\hzHazmat,ChemicalQuant,-1,-1,I:\MB7\Projects\SpIT\STICS_Pacheco\Hazus\RI\HPLF.mdb\hzHazmat,ChemicalQuant,-1,-1,I:\MB7\Projects\SpIT\STICS_Pacheco\Hazus\SC\HPLF.mdb\hzHazmat,ChemicalQuant,-1,-1,I:\MB7\Projects\SpIT\STICS_Pacheco\Hazus\SD\HPLF.mdb\hzHazmat,ChemicalQuant,-1,-1,I:\MB7\Projects\SpIT\STICS_Pacheco\Hazus\TN\HPLF.mdb\hzHazmat,ChemicalQuant,-1,-1,I:\MB7\Projects\SpIT\STICS_Pacheco\Hazus\TX\HPLF.mdb\hzHazmat,ChemicalQuant,-1,-1,I:\MB7\Projects\SpIT\STICS_Pacheco\Hazus\UT\HPLF.mdb\hzHazmat,ChemicalQuant,-1,-1,I:\MB7\Projects\SpIT\STICS_Pacheco\Hazus\VA\HPLF.mdb\hzHazmat,ChemicalQuant,-1,-1,I:\MB7\Projects\SpIT\STICS_Pacheco\Hazus\VT\HPLF.mdb\hzHazmat,ChemicalQuant,-1,-1,I:\MB7\Projects\SpIT\STICS_Pacheco\Hazus\WA\HPLF.mdb\hzHazmat,ChemicalQuant,-1,-1,I:\MB7\Projects\SpIT\STICS_Pacheco\Hazus\WI\HPLF.mdb\hzHazmat,ChemicalQuant,-1,-1,I:\MB7\Projects\SpIT\STICS_Pacheco\Hazus\WV\HPLF.mdb\hzHazmat,ChemicalQuant,-1,-1,I:\MB7\Projects\SpIT\STICS_Pacheco\Hazus\WY\HPLF.mdb\hzHazmat,ChemicalQuant,-1,-1;SIC "SIC" true true false 10 Text 0 0 ,First,#,I:\MB7\Projects\SpIT\STICS_Pacheco\Hazus\AK\HPLF.mdb\hzHazmat,SIC,-1,-1,I:\MB7\Projects\SpIT\STICS_Pacheco\Hazus\AL\HPLF.mdb\hzHazmat,SIC,-1,-1,I:\MB7\Projects\SpIT\STICS_Pacheco\Hazus\AR\HPLF.mdb\hzHazmat,SIC,-1,-1,I:\MB7\Projects\SpIT\STICS_Pacheco\Hazus\AZ\HPLF.mdb\hzHazmat,SIC,-1,-1,I:\MB7\Projects\SpIT\STICS_Pacheco\Hazus\CA\HPLF.mdb\hzHazmat,SIC,-1,-1,I:\MB7\Projects\SpIT\STICS_Pacheco\Hazus\CO\HPLF.mdb\hzHazmat,SIC,-1,-1,I:\MB7\Projects\SpIT\STICS_Pacheco\Hazus\CT\HPLF.mdb\hzHazmat,SIC,-1,-1,I:\MB7\Projects\SpIT\STICS_Pacheco\Hazus\DC\HPLF.mdb\hzHazmat,SIC,-1,-1,I:\MB7\Projects\SpIT\STICS_Pacheco\Hazus\DE\HPLF.mdb\hzHazmat,SIC,-1,-1,I:\MB7\Projects\SpIT\STICS_Pacheco\Hazus\FL\HPLF.mdb\hzHazmat,SIC,-1,-1,I:\MB7\Projects\SpIT\STICS_Pacheco\Hazus\GA\HPLF.mdb\hzHazmat,SIC,-1,-1,I:\MB7\Projects\SpIT\STICS_Pacheco\Hazus\HI\HPLF.mdb\hzHazmat,SIC,-1,-1,I:\MB7\Projects\SpIT\STICS_Pacheco\Hazus\IA\HPLF.mdb\hzHazmat,SIC,-1,-1,I:\MB7\Projects\SpIT\STICS_Pacheco\Hazus\ID\HPLF.mdb\hzHazmat,SIC,-1,-1,I:\MB7\Projects\SpIT\STICS_Pacheco\Hazus\IL\HPLF.mdb\hzHazmat,SIC,-1,-1,I:\MB7\Projects\SpIT\STICS_Pacheco\Hazus\IN\HPLF.mdb\hzHazmat,SIC,-1,-1,I:\MB7\Projects\SpIT\STICS_Pacheco\Hazus\KS\HPLF.mdb\hzHazmat,SIC,-1,-1,I:\MB7\Projects\SpIT\STICS_Pacheco\Hazus\KY\HPLF.mdb\hzHazmat,SIC,-1,-1,I:\MB7\Projects\SpIT\STICS_Pacheco\Hazus\LA\HPLF.mdb\hzHazmat,SIC,-1,-1,I:\MB7\Projects\SpIT\STICS_Pacheco\Hazus\MA\HPLF.mdb\hzHazmat,SIC,-1,-1,I:\MB7\Projects\SpIT\STICS_Pacheco\Hazus\MD\HPLF.mdb\hzHazmat,SIC,-1,-1,I:\MB7\Projects\SpIT\STICS_Pacheco\Hazus\ME\HPLF.mdb\hzHazmat,SIC,-1,-1,I:\MB7\Projects\SpIT\STICS_Pacheco\Hazus\MI\HPLF.mdb\hzHazmat,SIC,-1,-1,I:\MB7\Projects\SpIT\STICS_Pacheco\Hazus\MN\HPLF.mdb\hzHazmat,SIC,-1,-1,I:\MB7\Projects\SpIT\STICS_Pacheco\Hazus\MO\HPLF.mdb\hzHazmat,SIC,-1,-1,I:\MB7\Projects\SpIT\STICS_Pacheco\Hazus\MS\HPLF.mdb\hzHazmat,SIC,-1,-1,I:\MB7\Projects\SpIT\STICS_Pacheco\Hazus\MT\HPLF.mdb\hzHazmat,SIC,-1,-1,I:\MB7\Projects\SpIT\STICS_Pacheco\Hazus\NC\HPLF.mdb\hzHazmat,SIC,-1,-1,I:\MB7\Projects\SpIT\STICS_Pacheco\Hazus\ND\HPLF.mdb\hzHazmat,SIC,-1,-1,I:\MB7\Projects\SpIT\STICS_Pacheco\Hazus\NE\HPLF.mdb\hzHazmat,SIC,-1,-1,I:\MB7\Projects\SpIT\STICS_Pacheco\Hazus\NH\HPLF.mdb\hzHazmat,SIC,-1,-1,I:\MB7\Projects\SpIT\STICS_Pacheco\Hazus\NJ\HPLF.mdb\hzHazmat,SIC,-1,-1,I:\MB7\Projects\SpIT\STICS_Pacheco\Hazus\NM\HPLF.mdb\hzHazmat,SIC,-1,-1,I:\MB7\Projects\SpIT\STICS_Pacheco\Hazus\NV\HPLF.mdb\hzHazmat,SIC,-1,-1,I:\MB7\Projects\SpIT\STICS_Pacheco\Hazus\NY\HPLF.mdb\hzHazmat,SIC,-1,-1,I:\MB7\Projects\SpIT\STICS_Pacheco\Hazus\OH\HPLF.mdb\hzHazmat,SIC,-1,-1,I:\MB7\Projects\SpIT\STICS_Pacheco\Hazus\OK\HPLF.mdb\hzHazmat,SIC,-1,-1,I:\MB7\Projects\SpIT\STICS_Pacheco\Hazus\OR\HPLF.mdb\hzHazmat,SIC,-1,-1,I:\MB7\Projects\SpIT\STICS_Pacheco\Hazus\PA\HPLF.mdb\hzHazmat,SIC,-1,-1,I:\MB7\Projects\SpIT\STICS_Pacheco\Hazus\PR\HPLF.mdb\hzHazmat,SIC,-1,-1,I:\MB7\Projects\SpIT\STICS_Pacheco\Hazus\RI\HPLF.mdb\hzHazmat,SIC,-1,-1,I:\MB7\Projects\SpIT\STICS_Pacheco\Hazus\SC\HPLF.mdb\hzHazmat,SIC,-1,-1,I:\MB7\Projects\SpIT\STICS_Pacheco\Hazus\SD\HPLF.mdb\hzHazmat,SIC,-1,-1,I:\MB7\Projects\SpIT\STICS_Pacheco\Hazus\TN\HPLF.mdb\hzHazmat,SIC,-1,-1,I:\MB7\Projects\SpIT\STICS_Pacheco\Hazus\TX\HPLF.mdb\hzHazmat,SIC,-1,-1,I:\MB7\Projects\SpIT\STICS_Pacheco\Hazus\UT\HPLF.mdb\hzHazmat,SIC,-1,-1,I:\MB7\Projects\SpIT\STICS_Pacheco\Hazus\VA\HPLF.mdb\hzHazmat,SIC,-1,-1,I:\MB7\Projects\SpIT\STICS_Pacheco\Hazus\VT\HPLF.mdb\hzHazmat,SIC,-1,-1,I:\MB7\Projects\SpIT\STICS_Pacheco\Hazus\WA\HPLF.mdb\hzHazmat,SIC,-1,-1,I:\MB7\Projects\SpIT\STICS_Pacheco\Hazus\WI\HPLF.mdb\hzHazmat,SIC,-1,-1,I:\MB7\Projects\SpIT\STICS_Pacheco\Hazus\WV\HPLF.mdb\hzHazmat,SIC,-1,-1,I:\MB7\Projects\SpIT\STICS_Pacheco\Hazus\WY\HPLF.mdb\hzHazmat,SIC,-1,-1;YearBuilt "YearBuilt" true true false 2 Short 0 0 ,First,#,I:\MB7\Projects\SpIT\STICS_Pacheco\Hazus\AK\HPLF.mdb\hzHazmat,YearBuilt,-1,-1,I:\MB7\Projects\SpIT\STICS_Pacheco\Hazus\AL\HPLF.mdb\hzHazmat,YearBuilt,-1,-1,I:\MB7\Projects\SpIT\STICS_Pacheco\Hazus\AR\HPLF.mdb\hzHazmat,YearBuilt,-1,-1,I:\MB7\Projects\SpIT\STICS_Pacheco\Hazus\AZ\HPLF.mdb\hzHazmat,YearBuilt,-1,-1,I:\MB7\Projects\SpIT\STICS_Pacheco\Hazus\CA\HPLF.mdb\hzHazmat,YearBuilt,-1,-1,I:\MB7\Projects\SpIT\STICS_Pacheco\Hazus\CO\HPLF.mdb\hzHazmat,YearBuilt,-1,-1,I:\MB7\Projects\SpIT\STICS_Pacheco\Hazus\CT\HPLF.mdb\hzHazmat,YearBuilt,-1,-1,I:\MB7\Projects\SpIT\STICS_Pacheco\Hazus\DC\HPLF.mdb\hzHazmat,YearBuilt,-1,-1,I:\MB7\Projects\SpIT\STICS_Pacheco\Hazus\DE\HPLF.mdb\hzHazmat,YearBuilt,-1,-1,I:\MB7\Projects\SpIT\STICS_Pacheco\Hazus\FL\HPLF.mdb\hzHazmat,YearBuilt,-1,-1,I:\MB7\Projects\SpIT\STICS_Pacheco\Hazus\GA\HPLF.mdb\hzHazmat,YearBuilt,-1,-1,I:\MB7\Projects\SpIT\STICS_Pacheco\Hazus\HI\HPLF.mdb\hzHazmat,YearBuilt,-1,-1,I:\MB7\Projects\SpIT\STICS_Pacheco\Hazus\IA\HPLF.mdb\hzHazmat,YearBuilt,-1,-1,I:\MB7\Projects\SpIT\STICS_Pacheco\Hazus\ID\HPLF.mdb\hzHazmat,YearBuilt,-1,-1,I:\MB7\Projects\SpIT\STICS_Pacheco\Hazus\IL\HPLF.mdb\hzHazmat,YearBuilt,-1,-1,I:\MB7\Projects\SpIT\STICS_Pacheco\Hazus\IN\HPLF.mdb\hzHazmat,YearBuilt,-1,-1,I:\MB7\Projects\SpIT\STICS_Pacheco\Hazus\KS\HPLF.mdb\hzHazmat,YearBuilt,-1,-1,I:\MB7\Projects\SpIT\STICS_Pacheco\Hazus\KY\HPLF.mdb\hzHazmat,YearBuilt,-1,-1,I:\MB7\Projects\SpIT\STICS_Pacheco\Hazus\LA\HPLF.mdb\hzHazmat,YearBuilt,-1,-1,I:\MB7\Projects\SpIT\STICS_Pacheco\Hazus\MA\HPLF.mdb\hzHazmat,YearBuilt,-1,-1,I:\MB7\Projects\SpIT\STICS_Pacheco\Hazus\MD\HPLF.mdb\hzHazmat,YearBuilt,-1,-1,I:\MB7\Projects\SpIT\STICS_Pacheco\Hazus\ME\HPLF.mdb\hzHazmat,YearBuilt,-1,-1,I:\MB7\Projects\SpIT\STICS_Pacheco\Hazus\MI\HPLF.mdb\hzHazmat,YearBuilt,-1,-1,I:\MB7\Projects\SpIT\STICS_Pacheco\Hazus\MN\HPLF.mdb\hzHazmat,YearBuilt,-1,-1,I:\MB7\Projects\SpIT\STICS_Pacheco\Hazus\MO\HPLF.mdb\hzHazmat,YearBuilt,-1,-1,I:\MB7\Projects\SpIT\STICS_Pacheco\Hazus\MS\HPLF.mdb\hzHazmat,YearBuilt,-1,-1,I:\MB7\Projects\SpIT\STICS_Pacheco\Hazus\MT\HPLF.mdb\hzHazmat,YearBuilt,-1,-1,I:\MB7\Projects\SpIT\STICS_Pacheco\Hazus\NC\HPLF.mdb\hzHazmat,YearBuilt,-1,-1,I:\MB7\Projects\SpIT\STICS_Pacheco\Hazus\ND\HPLF.mdb\hzHazmat,YearBuilt,-1,-1,I:\MB7\Projects\SpIT\STICS_Pacheco\Hazus\NE\HPLF.mdb\hzHazmat,YearBuilt,-1,-1,I:\MB7\Projects\SpIT\STICS_Pacheco\Hazus\NH\HPLF.mdb\hzHazmat,YearBuilt,-1,-1,I:\MB7\Projects\SpIT\STICS_Pacheco\Hazus\NJ\HPLF.mdb\hzHazmat,YearBuilt,-1,-1,I:\MB7\Projects\SpIT\STICS_Pacheco\Hazus\NM\HPLF.mdb\hzHazmat,YearBuilt,-1,-1,I:\MB7\Projects\SpIT\STICS_Pacheco\Hazus\NV\HPLF.mdb\hzHazmat,YearBuilt,-1,-1,I:\MB7\Projects\SpIT\STICS_Pacheco\Hazus\NY\HPLF.mdb\hzHazmat,YearBuilt,-1,-1,I:\MB7\Projects\SpIT\STICS_Pacheco\Hazus\OH\HPLF.mdb\hzHazmat,YearBuilt,-1,-1,I:\MB7\Projects\SpIT\STICS_Pacheco\Hazus\OK\HPLF.mdb\hzHazmat,YearBuilt,-1,-1,I:\MB7\Projects\SpIT\STICS_Pacheco\Hazus\OR\HPLF.mdb\hzHazmat,YearBuilt,-1,-1,I:\MB7\Projects\SpIT\STICS_Pacheco\Hazus\PA\HPLF.mdb\hzHazmat,YearBuilt,-1,-1,I:\MB7\Projects\SpIT\STICS_Pacheco\Hazus\PR\HPLF.mdb\hzHazmat,YearBuilt,-1,-1,I:\MB7\Projects\SpIT\STICS_Pacheco\Hazus\RI\HPLF.mdb\hzHazmat,YearBuilt,-1,-1,I:\MB7\Projects\SpIT\STICS_Pacheco\Hazus\SC\HPLF.mdb\hzHazmat,YearBuilt,-1,-1,I:\MB7\Projects\SpIT\STICS_Pacheco\Hazus\SD\HPLF.mdb\hzHazmat,YearBuilt,-1,-1,I:\MB7\Projects\SpIT\STICS_Pacheco\Hazus\TN\HPLF.mdb\hzHazmat,YearBuilt,-1,-1,I:\MB7\Projects\SpIT\STICS_Pacheco\Hazus\TX\HPLF.mdb\hzHazmat,YearBuilt,-1,-1,I:\MB7\Projects\SpIT\STICS_Pacheco\Hazus\UT\HPLF.mdb\hzHazmat,YearBuilt,-1,-1,I:\MB7\Projects\SpIT\STICS_Pacheco\Hazus\VA\HPLF.mdb\hzHazmat,YearBuilt,-1,-1,I:\MB7\Projects\SpIT\STICS_Pacheco\Hazus\VT\HPLF.mdb\hzHazmat,YearBuilt,-1,-1,I:\MB7\Projects\SpIT\STICS_Pacheco\Hazus\WA\HPLF.mdb\hzHazmat,YearBuilt,-1,-1,I:\MB7\Projects\SpIT\STICS_Pacheco\Hazus\WI\HPLF.mdb\hzHazmat,YearBuilt,-1,-1,I:\MB7\Projects\SpIT\STICS_Pacheco\Hazus\WV\HPLF.mdb\hzHazmat,YearBuilt,-1,-1,I:\MB7\Projects\SpIT\STICS_Pacheco\Hazus\WY\HPLF.mdb\hzHazmat,YearBuilt,-1,-1;EPAID "EPAID" true true false 20 Text 0 0 ,First,#,I:\MB7\Projects\SpIT\STICS_Pacheco\Hazus\AK\HPLF.mdb\hzHazmat,EPAID,-1,-1,I:\MB7\Projects\SpIT\STICS_Pacheco\Hazus\AL\HPLF.mdb\hzHazmat,EPAID,-1,-1,I:\MB7\Projects\SpIT\STICS_Pacheco\Hazus\AR\HPLF.mdb\hzHazmat,EPAID,-1,-1,I:\MB7\Projects\SpIT\STICS_Pacheco\Hazus\AZ\HPLF.mdb\hzHazmat,EPAID,-1,-1,I:\MB7\Projects\SpIT\STICS_Pacheco\Hazus\CA\HPLF.mdb\hzHazmat,EPAID,-1,-1,I:\MB7\Projects\SpIT\STICS_Pacheco\Hazus\CO\HPLF.mdb\hzHazmat,EPAID,-1,-1,I:\MB7\Projects\SpIT\STICS_Pacheco\Hazus\CT\HPLF.mdb\hzHazmat,EPAID,-1,-1,I:\MB7\Projects\SpIT\STICS_Pacheco\Hazus\DC\HPLF.mdb\hzHazmat,EPAID,-1,-1,I:\MB7\Projects\SpIT\STICS_Pacheco\Hazus\DE\HPLF.mdb\hzHazmat,EPAID,-1,-1,I:\MB7\Projects\SpIT\STICS_Pacheco\Hazus\FL\HPLF.mdb\hzHazmat,EPAID,-1,-1,I:\MB7\Projects\SpIT\STICS_Pacheco\Hazus\GA\HPLF.mdb\hzHazmat,EPAID,-1,-1,I:\MB7\Projects\SpIT\STICS_Pacheco\Hazus\HI\HPLF.mdb\hzHazmat,EPAID,-1,-1,I:\MB7\Projects\SpIT\STICS_Pacheco\Hazus\IA\HPLF.mdb\hzHazmat,EPAID,-1,-1,I:\MB7\Projects\SpIT\STICS_Pacheco\Hazus\ID\HPLF.mdb\hzHazmat,EPAID,-1,-1,I:\MB7\Projects\SpIT\STICS_Pacheco\Hazus\IL\HPLF.mdb\hzHazmat,EPAID,-1,-1,I:\MB7\Projects\SpIT\STICS_Pacheco\Hazus\IN\HPLF.mdb\hzHazmat,EPAID,-1,-1,I:\MB7\Projects\SpIT\STICS_Pacheco\Hazus\KS\HPLF.mdb\hzHazmat,EPAID,-1,-1,I:\MB7\Projects\SpIT\STICS_Pacheco\Hazus\KY\HPLF.mdb\hzHazmat,EPAID,-1,-1,I:\MB7\Projects\SpIT\STICS_Pacheco\Hazus\LA\HPLF.mdb\hzHazmat,EPAID,-1,-1,I:\MB7\Projects\SpIT\STICS_Pacheco\Hazus\MA\HPLF.mdb\hzHazmat,EPAID,-1,-1,I:\MB7\Projects\SpIT\STICS_Pacheco\Hazus\MD\HPLF.mdb\hzHazmat,EPAID,-1,-1,I:\MB7\Projects\SpIT\STICS_Pacheco\Hazus\ME\HPLF.mdb\hzHazmat,EPAID,-1,-1,I:\MB7\Projects\SpIT\STICS_Pacheco\Hazus\MI\HPLF.mdb\hzHazmat,EPAID,-1,-1,I:\MB7\Projects\SpIT\STICS_Pacheco\Hazus\MN\HPLF.mdb\hzHazmat,EPAID,-1,-1,I:\MB7\Projects\SpIT\STICS_Pacheco\Hazus\MO\HPLF.mdb\hzHazmat,EPAID,-1,-1,I:\MB7\Projects\SpIT\STICS_Pacheco\Hazus\MS\HPLF.mdb\hzHazmat,EPAID,-1,-1,I:\MB7\Projects\SpIT\STICS_Pacheco\Hazus\MT\HPLF.mdb\hzHazmat,EPAID,-1,-1,I:\MB7\Projects\SpIT\STICS_Pacheco\Hazus\NC\HPLF.mdb\hzHazmat,EPAID,-1,-1,I:\MB7\Projects\SpIT\STICS_Pacheco\Hazus\ND\HPLF.mdb\hzHazmat,EPAID,-1,-1,I:\MB7\Projects\SpIT\STICS_Pacheco\Hazus\NE\HPLF.mdb\hzHazmat,EPAID,-1,-1,I:\MB7\Projects\SpIT\STICS_Pacheco\Hazus\NH\HPLF.mdb\hzHazmat,EPAID,-1,-1,I:\MB7\Projects\SpIT\STICS_Pacheco\Hazus\NJ\HPLF.mdb\hzHazmat,EPAID,-1,-1,I:\MB7\Projects\SpIT\STICS_Pacheco\Hazus\NM\HPLF.mdb\hzHazmat,EPAID,-1,-1,I:\MB7\Projects\SpIT\STICS_Pacheco\Hazus\NV\HPLF.mdb\hzHazmat,EPAID,-1,-1,I:\MB7\Projects\SpIT\STICS_Pacheco\Hazus\NY\HPLF.mdb\hzHazmat,EPAID,-1,-1,I:\MB7\Projects\SpIT\STICS_Pacheco\Hazus\OH\HPLF.mdb\hzHazmat,EPAID,-1,-1,I:\MB7\Projects\SpIT\STICS_Pacheco\Hazus\OK\HPLF.mdb\hzHazmat,EPAID,-1,-1,I:\MB7\Projects\SpIT\STICS_Pacheco\Hazus\OR\HPLF.mdb\hzHazmat,EPAID,-1,-1,I:\MB7\Projects\SpIT\STICS_Pacheco\Hazus\PA\HPLF.mdb\hzHazmat,EPAID,-1,-1,I:\MB7\Projects\SpIT\STICS_Pacheco\Hazus\PR\HPLF.mdb\hzHazmat,EPAID,-1,-1,I:\MB7\Projects\SpIT\STICS_Pacheco\Hazus\RI\HPLF.mdb\hzHazmat,EPAID,-1,-1,I:\MB7\Projects\SpIT\STICS_Pacheco\Hazus\SC\HPLF.mdb\hzHazmat,EPAID,-1,-1,I:\MB7\Projects\SpIT\STICS_Pacheco\Hazus\SD\HPLF.mdb\hzHazmat,EPAID,-1,-1,I:\MB7\Projects\SpIT\STICS_Pacheco\Hazus\TN\HPLF.mdb\hzHazmat,EPAID,-1,-1,I:\MB7\Projects\SpIT\STICS_Pacheco\Hazus\TX\HPLF.mdb\hzHazmat,EPAID,-1,-1,I:\MB7\Projects\SpIT\STICS_Pacheco\Hazus\UT\HPLF.mdb\hzHazmat,EPAID,-1,-1,I:\MB7\Projects\SpIT\STICS_Pacheco\Hazus\VA\HPLF.mdb\hzHazmat,EPAID,-1,-1,I:\MB7\Projects\SpIT\STICS_Pacheco\Hazus\VT\HPLF.mdb\hzHazmat,EPAID,-1,-1,I:\MB7\Projects\SpIT\STICS_Pacheco\Hazus\WA\HPLF.mdb\hzHazmat,EPAID,-1,-1,I:\MB7\Projects\SpIT\STICS_Pacheco\Hazus\WI\HPLF.mdb\hzHazmat,EPAID,-1,-1,I:\MB7\Projects\SpIT\STICS_Pacheco\Hazus\WV\HPLF.mdb\hzHazmat,EPAID,-1,-1,I:\MB7\Projects\SpIT\STICS_Pacheco\Hazus\WY\HPLF.mdb\hzHazmat,EPAID,-1,-1;PerAmount "PerAmount" true true false 4 Float 0 0 ,First,#,I:\MB7\Projects\SpIT\STICS_Pacheco\Hazus\AK\HPLF.mdb\hzHazmat,PerAmount,-1,-1,I:\MB7\Projects\SpIT\STICS_Pacheco\Hazus\AL\HPLF.mdb\hzHazmat,PerAmount,-1,-1,I:\MB7\Projects\SpIT\STICS_Pacheco\Hazus\AR\HPLF.mdb\hzHazmat,PerAmount,-1,-1,I:\MB7\Projects\SpIT\STICS_Pacheco\Hazus\AZ\HPLF.mdb\hzHazmat,PerAmount,-1,-1,I:\MB7\Projects\SpIT\STICS_Pacheco\Hazus\CA\HPLF.mdb\hzHazmat,PerAmount,-1,-1,I:\MB7\Projects\SpIT\STICS_Pacheco\Hazus\CO\HPLF.mdb\hzHazmat,PerAmount,-1,-1,I:\MB7\Projects\SpIT\STICS_Pacheco\Hazus\CT\HPLF.mdb\hzHazmat,PerAmount,-1,-1,I:\MB7\Projects\SpIT\STICS_Pacheco\Hazus\DC\HPLF.mdb\hzHazmat,PerAmount,-1,-1,I:\MB7\Projects\SpIT\STICS_Pacheco\Hazus\DE\HPLF.mdb\hzHazmat,PerAmount,-1,-1,I:\MB7\Projects\SpIT\STICS_Pacheco\Hazus\FL\HPLF.mdb\hzHazmat,PerAmount,-1,-1,I:\MB7\Projects\SpIT\STICS_Pacheco\Hazus\GA\HPLF.mdb\hzHazmat,PerAmount,-1,-1,I:\MB7\Projects\SpIT\STICS_Pacheco\Hazus\HI\HPLF.mdb\hzHazmat,PerAmount,-1,-1,I:\MB7\Projects\SpIT\STICS_Pacheco\Hazus\IA\HPLF.mdb\hzHazmat,PerAmount,-1,-1,I:\MB7\Projects\SpIT\STICS_Pacheco\Hazus\ID\HPLF.mdb\hzHazmat,PerAmount,-1,-1,I:\MB7\Projects\SpIT\STICS_Pacheco\Hazus\IL\HPLF.mdb\hzHazmat,PerAmount,-1,-1,I:\MB7\Projects\SpIT\STICS_Pacheco\Hazus\IN\HPLF.mdb\hzHazmat,PerAmount,-1,-1,I:\MB7\Projects\SpIT\STICS_Pacheco\Hazus\KS\HPLF.mdb\hzHazmat,PerAmount,-1,-1,I:\MB7\Projects\SpIT\STICS_Pacheco\Hazus\KY\HPLF.mdb\hzHazmat,PerAmount,-1,-1,I:\MB7\Projects\SpIT\STICS_Pacheco\Hazus\LA\HPLF.mdb\hzHazmat,PerAmount,-1,-1,I:\MB7\Projects\SpIT\STICS_Pacheco\Hazus\MA\HPLF.mdb\hzHazmat,PerAmount,-1,-1,I:\MB7\Projects\SpIT\STICS_Pacheco\Hazus\MD\HPLF.mdb\hzHazmat,PerAmount,-1,-1,I:\MB7\Projects\SpIT\STICS_Pacheco\Hazus\ME\HPLF.mdb\hzHazmat,PerAmount,-1,-1,I:\MB7\Projects\SpIT\STICS_Pacheco\Hazus\MI\HPLF.mdb\hzHazmat,PerAmount,-1,-1,I:\MB7\Projects\SpIT\STICS_Pacheco\Hazus\MN\HPLF.mdb\hzHazmat,PerAmount,-1,-1,I:\MB7\Projects\SpIT\STICS_Pacheco\Hazus\MO\HPLF.mdb\hzHazmat,PerAmount,-1,-1,I:\MB7\Projects\SpIT\STICS_Pacheco\Hazus\MS\HPLF.mdb\hzHazmat,PerAmount,-1,-1,I:\MB7\Projects\SpIT\STICS_Pacheco\Hazus\MT\HPLF.mdb\hzHazmat,PerAmount,-1,-1,I:\MB7\Projects\SpIT\STICS_Pacheco\Hazus\NC\HPLF.mdb\hzHazmat,PerAmount,-1,-1,I:\MB7\Projects\SpIT\STICS_Pacheco\Hazus\ND\HPLF.mdb\hzHazmat,PerAmount,-1,-1,I:\MB7\Projects\SpIT\STICS_Pacheco\Hazus\NE\HPLF.mdb\hzHazmat,PerAmount,-1,-1,I:\MB7\Projects\SpIT\STICS_Pacheco\Hazus\NH\HPLF.mdb\hzHazmat,PerAmount,-1,-1,I:\MB7\Projects\SpIT\STICS_Pacheco\Hazus\NJ\HPLF.mdb\hzHazmat,PerAmount,-1,-1,I:\MB7\Projects\SpIT\STICS_Pacheco\Hazus\NM\HPLF.mdb\hzHazmat,PerAmount,-1,-1,I:\MB7\Projects\SpIT\STICS_Pacheco\Hazus\NV\HPLF.mdb\hzHazmat,PerAmount,-1,-1,I:\MB7\Projects\SpIT\STICS_Pacheco\Hazus\NY\HPLF.mdb\hzHazmat,PerAmount,-1,-1,I:\MB7\Projects\SpIT\STICS_Pacheco\Hazus\OH\HPLF.mdb\hzHazmat,PerAmount,-1,-1,I:\MB7\Projects\SpIT\STICS_Pacheco\Hazus\OK\HPLF.mdb\hzHazmat,PerAmount,-1,-1,I:\MB7\Projects\SpIT\STICS_Pacheco\Hazus\OR\HPLF.mdb\hzHazmat,PerAmount,-1,-1,I:\MB7\Projects\SpIT\STICS_Pacheco\Hazus\PA\HPLF.mdb\hzHazmat,PerAmount,-1,-1,I:\MB7\Projects\SpIT\STICS_Pacheco\Hazus\PR\HPLF.mdb\hzHazmat,PerAmount,-1,-1,I:\MB7\Projects\SpIT\STICS_Pacheco\Hazus\RI\HPLF.mdb\hzHazmat,PerAmount,-1,-1,I:\MB7\Projects\SpIT\STICS_Pacheco\Hazus\SC\HPLF.mdb\hzHazmat,PerAmount,-1,-1,I:\MB7\Projects\SpIT\STICS_Pacheco\Hazus\SD\HPLF.mdb\hzHazmat,PerAmount,-1,-1,I:\MB7\Projects\SpIT\STICS_Pacheco\Hazus\TN\HPLF.mdb\hzHazmat,PerAmount,-1,-1,I:\MB7\Projects\SpIT\STICS_Pacheco\Hazus\TX\HPLF.mdb\hzHazmat,PerAmount,-1,-1,I:\MB7\Projects\SpIT\STICS_Pacheco\Hazus\UT\HPLF.mdb\hzHazmat,PerAmount,-1,-1,I:\MB7\Projects\SpIT\STICS_Pacheco\Hazus\VA\HPLF.mdb\hzHazmat,PerAmount,-1,-1,I:\MB7\Projects\SpIT\STICS_Pacheco\Hazus\VT\HPLF.mdb\hzHazmat,PerAmount,-1,-1,I:\MB7\Projects\SpIT\STICS_Pacheco\Hazus\WA\HPLF.mdb\hzHazmat,PerAmount,-1,-1,I:\MB7\Projects\SpIT\STICS_Pacheco\Hazus\WI\HPLF.mdb\hzHazmat,PerAmount,-1,-1,I:\MB7\Projects\SpIT\STICS_Pacheco\Hazus\WV\HPLF.mdb\hzHazmat,PerAmount,-1,-1,I:\MB7\Projects\SpIT\STICS_Pacheco\Hazus\WY\HPLF.mdb\hzHazmat,PerAmount,-1,-1;Latitude "Latitude" true true false 8 Double 0 0 ,First,#,I:\MB7\Projects\SpIT\STICS_Pacheco\Hazus\AK\HPLF.mdb\hzHazmat,Latitude,-1,-1,I:\MB7\Projects\SpIT\STICS_Pacheco\Hazus\AL\HPLF.mdb\hzHazmat,Latitude,-1,-1,I:\MB7\Projects\SpIT\STICS_Pacheco\Hazus\AR\HPLF.mdb\hzHazmat,Latitude,-1,-1,I:\MB7\Projects\SpIT\STICS_Pacheco\Hazus\AZ\HPLF.mdb\hzHazmat,Latitude,-1,-1,I:\MB7\Projects\SpIT\STICS_Pacheco\Hazus\CA\HPLF.mdb\hzHazmat,Latitude,-1,-1,I:\MB7\Projects\SpIT\STICS_Pacheco\Hazus\CO\HPLF.mdb\hzHazmat,Latitude,-1,-1,I:\MB7\Projects\SpIT\STICS_Pacheco\Hazus\CT\HPLF.mdb\hzHazmat,Latitude,-1,-1,I:\MB7\Projects\SpIT\STICS_Pacheco\Hazus\DC\HPLF.mdb\hzHazmat,Latitude,-1,-1,I:\MB7\Projects\SpIT\STICS_Pacheco\Hazus\DE\HPLF.mdb\hzHazmat,Latitude,-1,-1,I:\MB7\Projects\SpIT\STICS_Pacheco\Hazus\FL\HPLF.mdb\hzHazmat,Latitude,-1,-1,I:\MB7\Projects\SpIT\STICS_Pacheco\Hazus\GA\HPLF.mdb\hzHazmat,Latitude,-1,-1,I:\MB7\Projects\SpIT\STICS_Pacheco\Hazus\HI\HPLF.mdb\hzHazmat,Latitude,-1,-1,I:\MB7\Projects\SpIT\STICS_Pacheco\Hazus\IA\HPLF.mdb\hzHazmat,Latitude,-1,-1,I:\MB7\Projects\SpIT\STICS_Pacheco\Hazus\ID\HPLF.mdb\hzHazmat,Latitude,-1,-1,I:\MB7\Projects\SpIT\STICS_Pacheco\Hazus\IL\HPLF.mdb\hzHazmat,Latitude,-1,-1,I:\MB7\Projects\SpIT\STICS_Pacheco\Hazus\IN\HPLF.mdb\hzHazmat,Latitude,-1,-1,I:\MB7\Projects\SpIT\STICS_Pacheco\Hazus\KS\HPLF.mdb\hzHazmat,Latitude,-1,-1,I:\MB7\Projects\SpIT\STICS_Pacheco\Hazus\KY\HPLF.mdb\hzHazmat,Latitude,-1,-1,I:\MB7\Projects\SpIT\STICS_Pacheco\Hazus\LA\HPLF.mdb\hzHazmat,Latitude,-1,-1,I:\MB7\Projects\SpIT\STICS_Pacheco\Hazus\MA\HPLF.mdb\hzHazmat,Latitude,-1,-1,I:\MB7\Projects\SpIT\STICS_Pacheco\Hazus\MD\HPLF.mdb\hzHazmat,Latitude,-1,-1,I:\MB7\Projects\SpIT\STICS_Pacheco\Hazus\ME\HPLF.mdb\hzHazmat,Latitude,-1,-1,I:\MB7\Projects\SpIT\STICS_Pacheco\Hazus\MI\HPLF.mdb\hzHazmat,Latitude,-1,-1,I:\MB7\Projects\SpIT\STICS_Pacheco\Hazus\MN\HPLF.mdb\hzHazmat,Latitude,-1,-1,I:\MB7\Projects\SpIT\STICS_Pacheco\Hazus\MO\HPLF.mdb\hzHazmat,Latitude,-1,-1,I:\MB7\Projects\SpIT\STICS_Pacheco\Hazus\MS\HPLF.mdb\hzHazmat,Latitude,-1,-1,I:\MB7\Projects\SpIT\STICS_Pacheco\Hazus\MT\HPLF.mdb\hzHazmat,Latitude,-1,-1,I:\MB7\Projects\SpIT\STICS_Pacheco\Hazus\NC\HPLF.mdb\hzHazmat,Latitude,-1,-1,I:\MB7\Projects\SpIT\STICS_Pacheco\Hazus\ND\HPLF.mdb\hzHazmat,Latitude,-1,-1,I:\MB7\Projects\SpIT\STICS_Pacheco\Hazus\NE\HPLF.mdb\hzHazmat,Latitude,-1,-1,I:\MB7\Projects\SpIT\STICS_Pacheco\Hazus\NH\HPLF.mdb\hzHazmat,Latitude,-1,-1,I:\MB7\Projects\SpIT\STICS_Pacheco\Hazus\NJ\HPLF.mdb\hzHazmat,Latitude,-1,-1,I:\MB7\Projects\SpIT\STICS_Pacheco\Hazus\NM\HPLF.mdb\hzHazmat,Latitude,-1,-1,I:\MB7\Projects\SpIT\STICS_Pacheco\Hazus\NV\HPLF.mdb\hzHazmat,Latitude,-1,-1,I:\MB7\Projects\SpIT\STICS_Pacheco\Hazus\NY\HPLF.mdb\hzHazmat,Latitude,-1,-1,I:\MB7\Projects\SpIT\STICS_Pacheco\Hazus\OH\HPLF.mdb\hzHazmat,Latitude,-1,-1,I:\MB7\Projects\SpIT\STICS_Pacheco\Hazus\OK\HPLF.mdb\hzHazmat,Latitude,-1,-1,I:\MB7\Projects\SpIT\STICS_Pacheco\Hazus\OR\HPLF.mdb\hzHazmat,Latitude,-1,-1,I:\MB7\Projects\SpIT\STICS_Pacheco\Hazus\PA\HPLF.mdb\hzHazmat,Latitude,-1,-1,I:\MB7\Projects\SpIT\STICS_Pacheco\Hazus\PR\HPLF.mdb\hzHazmat,Latitude,-1,-1,I:\MB7\Projects\SpIT\STICS_Pacheco\Hazus\RI\HPLF.mdb\hzHazmat,Latitude,-1,-1,I:\MB7\Projects\SpIT\STICS_Pacheco\Hazus\SC\HPLF.mdb\hzHazmat,Latitude,-1,-1,I:\MB7\Projects\SpIT\STICS_Pacheco\Hazus\SD\HPLF.mdb\hzHazmat,Latitude,-1,-1,I:\MB7\Projects\SpIT\STICS_Pacheco\Hazus\TN\HPLF.mdb\hzHazmat,Latitude,-1,-1,I:\MB7\Projects\SpIT\STICS_Pacheco\Hazus\TX\HPLF.mdb\hzHazmat,Latitude,-1,-1,I:\MB7\Projects\SpIT\STICS_Pacheco\Hazus\UT\HPLF.mdb\hzHazmat,Latitude,-1,-1,I:\MB7\Projects\SpIT\STICS_Pacheco\Hazus\VA\HPLF.mdb\hzHazmat,Latitude,-1,-1,I:\MB7\Projects\SpIT\STICS_Pacheco\Hazus\VT\HPLF.mdb\hzHazmat,Latitude,-1,-1,I:\MB7\Projects\SpIT\STICS_Pacheco\Hazus\WA\HPLF.mdb\hzHazmat,Latitude,-1,-1,I:\MB7\Projects\SpIT\STICS_Pacheco\Hazus\WI\HPLF.mdb\hzHazmat,Latitude,-1,-1,I:\MB7\Projects\SpIT\STICS_Pacheco\Hazus\WV\HPLF.mdb\hzHazmat,Latitude,-1,-1,I:\MB7\Projects\SpIT\STICS_Pacheco\Hazus\WY\HPLF.mdb\hzHazmat,Latitude,-1,-1;Longitude "Longitude" true true false 8 Double 0 0 ,First,#,I:\MB7\Projects\SpIT\STICS_Pacheco\Hazus\AK\HPLF.mdb\hzHazmat,Longitude,-1,-1,I:\MB7\Projects\SpIT\STICS_Pacheco\Hazus\AL\HPLF.mdb\hzHazmat,Longitude,-1,-1,I:\MB7\Projects\SpIT\STICS_Pacheco\Hazus\AR\HPLF.mdb\hzHazmat,Longitude,-1,-1,I:\MB7\Projects\SpIT\STICS_Pacheco\Hazus\AZ\HPLF.mdb\hzHazmat,Longitude,-1,-1,I:\MB7\Projects\SpIT\STICS_Pacheco\Hazus\CA\HPLF.mdb\hzHazmat,Longitude,-1,-1,I:\MB7\Projects\SpIT\STICS_Pacheco\Hazus\CO\HPLF.mdb\hzHazmat,Longitude,-1,-1,I:\MB7\Projects\SpIT\STICS_Pacheco\Hazus\CT\HPLF.mdb\hzHazmat,Longitude,-1,-1,I:\MB7\Projects\SpIT\STICS_Pacheco\Hazus\DC\HPLF.mdb\hzHazmat,Longitude,-1,-1,I:\MB7\Projects\SpIT\STICS_Pacheco\Hazus\DE\HPLF.mdb\hzHazmat,Longitude,-1,-1,I:\MB7\Projects\SpIT\STICS_Pacheco\Hazus\FL\HPLF.mdb\hzHazmat,Longitude,-1,-1,I:\MB7\Projects\SpIT\STICS_Pacheco\Hazus\GA\HPLF.mdb\hzHazmat,Longitude,-1,-1,I:\MB7\Projects\SpIT\STICS_Pacheco\Hazus\HI\HPLF.mdb\hzHazmat,Longitude,-1,-1,I:\MB7\Projects\SpIT\STICS_Pacheco\Hazus\IA\HPLF.mdb\hzHazmat,Longitude,-1,-1,I:\MB7\Projects\SpIT\STICS_Pacheco\Hazus\ID\HPLF.mdb\hzHazmat,Longitude,-1,-1,I:\MB7\Projects\SpIT\STICS_Pacheco\Hazus\IL\HPLF.mdb\hzHazmat,Longitude,-1,-1,I:\MB7\Projects\SpIT\STICS_Pacheco\Hazus\IN\HPLF.mdb\hzHazmat,Longitude,-1,-1,I:\MB7\Projects\SpIT\STICS_Pacheco\Hazus\KS\HPLF.mdb\hzHazmat,Longitude,-1,-1,I:\MB7\Projects\SpIT\STICS_Pacheco\Hazus\KY\HPLF.mdb\hzHazmat,Longitude,-1,-1,I:\MB7\Projects\SpIT\STICS_Pacheco\Hazus\LA\HPLF.mdb\hzHazmat,Longitude,-1,-1,I:\MB7\Projects\SpIT\STICS_Pacheco\Hazus\MA\HPLF.mdb\hzHazmat,Longitude,-1,-1,I:\MB7\Projects\SpIT\STICS_Pacheco\Hazus\MD\HPLF.mdb\hzHazmat,Longitude,-1,-1,I:\MB7\Projects\SpIT\STICS_Pacheco\Hazus\ME\HPLF.mdb\hzHazmat,Longitude,-1,-1,I:\MB7\Projects\SpIT\STICS_Pacheco\Hazus\MI\HPLF.mdb\hzHazmat,Longitude,-1,-1,I:\MB7\Projects\SpIT\STICS_Pacheco\Hazus\MN\HPLF.mdb\hzHazmat,Longitude,-1,-1,I:\MB7\Projects\SpIT\STICS_Pacheco\Hazus\MO\HPLF.mdb\hzHazmat,Longitude,-1,-1,I:\MB7\Projects\SpIT\STICS_Pacheco\Hazus\MS\HPLF.mdb\hzHazmat,Longitude,-1,-1,I:\MB7\Projects\SpIT\STICS_Pacheco\Hazus\MT\HPLF.mdb\hzHazmat,Longitude,-1,-1,I:\MB7\Projects\SpIT\STICS_Pacheco\Hazus\NC\HPLF.mdb\hzHazmat,Longitude,-1,-1,I:\MB7\Projects\SpIT\STICS_Pacheco\Hazus\ND\HPLF.mdb\hzHazmat,Longitude,-1,-1,I:\MB7\Projects\SpIT\STICS_Pacheco\Hazus\NE\HPLF.mdb\hzHazmat,Longitude,-1,-1,I:\MB7\Projects\SpIT\STICS_Pacheco\Hazus\NH\HPLF.mdb\hzHazmat,Longitude,-1,-1,I:\MB7\Projects\SpIT\STICS_Pacheco\Hazus\NJ\HPLF.mdb\hzHazmat,Longitude,-1,-1,I:\MB7\Projects\SpIT\STICS_Pacheco\Hazus\NM\HPLF.mdb\hzHazmat,Longitude,-1,-1,I:\MB7\Projects\SpIT\STICS_Pacheco\Hazus\NV\HPLF.mdb\hzHazmat,Longitude,-1,-1,I:\MB7\Projects\SpIT\STICS_Pacheco\Hazus\NY\HPLF.mdb\hzHazmat,Longitude,-1,-1,I:\MB7\Projects\SpIT\STICS_Pacheco\Hazus\OH\HPLF.mdb\hzHazmat,Longitude,-1,-1,I:\MB7\Projects\SpIT\STICS_Pacheco\Hazus\OK\HPLF.mdb\hzHazmat,Longitude,-1,-1,I:\MB7\Projects\SpIT\STICS_Pacheco\Hazus\OR\HPLF.mdb\hzHazmat,Longitude,-1,-1,I:\MB7\Projects\SpIT\STICS_Pacheco\Hazus\PA\HPLF.mdb\hzHazmat,Longitude,-1,-1,I:\MB7\Projects\SpIT\STICS_Pacheco\Hazus\PR\HPLF.mdb\hzHazmat,Longitude,-1,-1,I:\MB7\Projects\SpIT\STICS_Pacheco\Hazus\RI\HPLF.mdb\hzHazmat,Longitude,-1,-1,I:\MB7\Projects\SpIT\STICS_Pacheco\Hazus\SC\HPLF.mdb\hzHazmat,Longitude,-1,-1,I:\MB7\Projects\SpIT\STICS_Pacheco\Hazus\SD\HPLF.mdb\hzHazmat,Longitude,-1,-1,I:\MB7\Projects\SpIT\STICS_Pacheco\Hazus\TN\HPLF.mdb\hzHazmat,Longitude,-1,-1,I:\MB7\Projects\SpIT\STICS_Pacheco\Hazus\TX\HPLF.mdb\hzHazmat,Longitude,-1,-1,I:\MB7\Projects\SpIT\STICS_Pacheco\Hazus\UT\HPLF.mdb\hzHazmat,Longitude,-1,-1,I:\MB7\Projects\SpIT\STICS_Pacheco\Hazus\VA\HPLF.mdb\hzHazmat,Longitude,-1,-1,I:\MB7\Projects\SpIT\STICS_Pacheco\Hazus\VT\HPLF.mdb\hzHazmat,Longitude,-1,-1,I:\MB7\Projects\SpIT\STICS_Pacheco\Hazus\WA\HPLF.mdb\hzHazmat,Longitude,-1,-1,I:\MB7\Projects\SpIT\STICS_Pacheco\Hazus\WI\HPLF.mdb\hzHazmat,Longitude,-1,-1,I:\MB7\Projects\SpIT\STICS_Pacheco\Hazus\WV\HPLF.mdb\hzHazmat,Longitude,-1,-1,I:\MB7\Projects\SpIT\STICS_Pacheco\Hazus\WY\HPLF.mdb\hzHazmat,Longitude,-1,-1;Comment "Comment" true true false 40 Text 0 0 ,First,#,I:\MB7\Projects\SpIT\STICS_Pacheco\Hazus\AK\HPLF.mdb\hzHazmat,Comment,-1,-1,I:\MB7\Projects\SpIT\STICS_Pacheco\Hazus\AL\HPLF.mdb\hzHazmat,Comment,-1,-1,I:\MB7\Projects\SpIT\STICS_Pacheco\Hazus\AR\HPLF.mdb\hzHazmat,Comment,-1,-1,I:\MB7\Projects\SpIT\STICS_Pacheco\Hazus\AZ\HPLF.mdb\hzHazmat,Comment,-1,-1,I:\MB7\Projects\SpIT\STICS_Pacheco\Hazus\CA\HPLF.mdb\hzHazmat,Comment,-1,-1,I:\MB7\Projects\SpIT\STICS_Pacheco\Hazus\CO\HPLF.mdb\hzHazmat,Comment,-1,-1,I:\MB7\Projects\SpIT\STICS_Pacheco\Hazus\CT\HPLF.mdb\hzHazmat,Comment,-1,-1,I:\MB7\Projects\SpIT\STICS_Pacheco\Hazus\DC\HPLF.mdb\hzHazmat,Comment,-1,-1,I:\MB7\Projects\SpIT\STICS_Pacheco\Hazus\DE\HPLF.mdb\hzHazmat,Comment,-1,-1,I:\MB7\Projects\SpIT\STICS_Pacheco\Hazus\FL\HPLF.mdb\hzHazmat,Comment,-1,-1,I:\MB7\Projects\SpIT\STICS_Pacheco\Hazus\GA\HPLF.mdb\hzHazmat,Comment,-1,-1,I:\MB7\Projects\SpIT\STICS_Pacheco\Hazus\HI\HPLF.mdb\hzHazmat,Comment,-1,-1,I:\MB7\Projects\SpIT\STICS_Pacheco\Hazus\IA\HPLF.mdb\hzHazmat,Comment,-1,-1,I:\MB7\Projects\SpIT\STICS_Pacheco\Hazus\ID\HPLF.mdb\hzHazmat,Comment,-1,-1,I:\MB7\Projects\SpIT\STICS_Pacheco\Hazus\IL\HPLF.mdb\hzHazmat,Comment,-1,-1,I:\MB7\Projects\SpIT\STICS_Pacheco\Hazus\IN\HPLF.mdb\hzHazmat,Comment,-1,-1,I:\MB7\Projects\SpIT\STICS_Pacheco\Hazus\KS\HPLF.mdb\hzHazmat,Comment,-1,-1,I:\MB7\Projects\SpIT\STICS_Pacheco\Hazus\KY\HPLF.mdb\hzHazmat,Comment,-1,-1,I:\MB7\Projects\SpIT\STICS_Pacheco\Hazus\LA\HPLF.mdb\hzHazmat,Comment,-1,-1,I:\MB7\Projects\SpIT\STICS_Pacheco\Hazus\MA\HPLF.mdb\hzHazmat,Comment,-1,-1,I:\MB7\Projects\SpIT\STICS_Pacheco\Hazus\MD\HPLF.mdb\hzHazmat,Comment,-1,-1,I:\MB7\Projects\SpIT\STICS_Pacheco\Hazus\ME\HPLF.mdb\hzHazmat,Comment,-1,-1,I:\MB7\Projects\SpIT\STICS_Pacheco\Hazus\MI\HPLF.mdb\hzHazmat,Comment,-1,-1,I:\MB7\Projects\SpIT\STICS_Pacheco\Hazus\MN\HPLF.mdb\hzHazmat,Comment,-1,-1,I:\MB7\Projects\SpIT\STICS_Pacheco\Hazus\MO\HPLF.mdb\hzHazmat,Comment,-1,-1,I:\MB7\Projects\SpIT\STICS_Pacheco\Hazus\MS\HPLF.mdb\hzHazmat,Comment,-1,-1,I:\MB7\Projects\SpIT\STICS_Pacheco\Hazus\MT\HPLF.mdb\hzHazmat,Comment,-1,-1,I:\MB7\Projects\SpIT\STICS_Pacheco\Hazus\NC\HPLF.mdb\hzHazmat,Comment,-1,-1,I:\MB7\Projects\SpIT\STICS_Pacheco\Hazus\ND\HPLF.mdb\hzHazmat,Comment,-1,-1,I:\MB7\Projects\SpIT\STICS_Pacheco\Hazus\NE\HPLF.mdb\hzHazmat,Comment,-1,-1,I:\MB7\Projects\SpIT\STICS_Pacheco\Hazus\NH\HPLF.mdb\hzHazmat,Comment,-1,-1,I:\MB7\Projects\SpIT\STICS_Pacheco\Hazus\NJ\HPLF.mdb\hzHazmat,Comment,-1,-1,I:\MB7\Projects\SpIT\STICS_Pacheco\Hazus\NM\HPLF.mdb\hzHazmat,Comment,-1,-1,I:\MB7\Projects\SpIT\STICS_Pacheco\Hazus\NV\HPLF.mdb\hzHazmat,Comment,-1,-1,I:\MB7\Projects\SpIT\STICS_Pacheco\Hazus\NY\HPLF.mdb\hzHazmat,Comment,-1,-1,I:\MB7\Projects\SpIT\STICS_Pacheco\Hazus\OH\HPLF.mdb\hzHazmat,Comment,-1,-1,I:\MB7\Projects\SpIT\STICS_Pacheco\Hazus\OK\HPLF.mdb\hzHazmat,Comment,-1,-1,I:\MB7\Projects\SpIT\STICS_Pacheco\Hazus\OR\HPLF.mdb\hzHazmat,Comment,-1,-1,I:\MB7\Projects\SpIT\STICS_Pacheco\Hazus\PA\HPLF.mdb\hzHazmat,Comment,-1,-1,I:\MB7\Projects\SpIT\STICS_Pacheco\Hazus\PR\HPLF.mdb\hzHazmat,Comment,-1,-1,I:\MB7\Projects\SpIT\STICS_Pacheco\Hazus\RI\HPLF.mdb\hzHazmat,Comment,-1,-1,I:\MB7\Projects\SpIT\STICS_Pacheco\Hazus\SC\HPLF.mdb\hzHazmat,Comment,-1,-1,I:\MB7\Projects\SpIT\STICS_Pacheco\Hazus\SD\HPLF.mdb\hzHazmat,Comment,-1,-1,I:\MB7\Projects\SpIT\STICS_Pacheco\Hazus\TN\HPLF.mdb\hzHazmat,Comment,-1,-1,I:\MB7\Projects\SpIT\STICS_Pacheco\Hazus\TX\HPLF.mdb\hzHazmat,Comment,-1,-1,I:\MB7\Projects\SpIT\STICS_Pacheco\Hazus\UT\HPLF.mdb\hzHazmat,Comment,-1,-1,I:\MB7\Projects\SpIT\STICS_Pacheco\Hazus\VA\HPLF.mdb\hzHazmat,Comment,-1,-1,I:\MB7\Projects\SpIT\STICS_Pacheco\Hazus\VT\HPLF.mdb\hzHazmat,Comment,-1,-1,I:\MB7\Projects\SpIT\STICS_Pacheco\Hazus\WA\HPLF.mdb\hzHazmat,Comment,-1,-1,I:\MB7\Projects\SpIT\STICS_Pacheco\Hazus\WI\HPLF.mdb\hzHazmat,Comment,-1,-1,I:\MB7\Projects\SpIT\STICS_Pacheco\Hazus\WV\HPLF.mdb\hzHazmat,Comment,-1,-1,I:\MB7\Projects\SpIT\STICS_Pacheco\Hazus\WY\HPLF.mdb\hzHazmat,Comment,-1,-1"</Process><Process Name="Identity (10)" ToolSource="C:\Program Files\ArcGIS\Desktop10.0\ArcToolbox\Toolboxes\Analysis Tools.tbx\Identity" Date="20111212" Time="131436">Identity I:\MB7\Projects\SpIT\STICS_Pacheco\Hazus\CriticalFacilities\hzHazmat.shp "I:\MB7\Projects\SpIT\STICS_Pacheco\GIS Download\50mi_buffer_aea.shp" I:\MB7\Projects\SpIT\STICS_Pacheco\Hazus\CriticalFacilities\50miHazmat.shp ALL # NO_RELATIONSHIPS</Process><Process ToolSource="c:\program files\arcgis\desktop10.0\ArcToolbox\Toolboxes\Analysis Tools.tbx\Select" Date="20120227" Time="111132">Select I:\MB7\Projects\SpIT\STICS_Pacheco\Hazus\CriticalFacilities\50miHazmat.shp "I:\MB7\Projects\SpIT\STICS_Pacheco\GIS Download\hazus_50miHazmat.shp" ""STATE" &lt;&gt; ''"</Process></lineage></DataProperties><SyncDate>20120227</SyncDate><SyncTime>11103700</SyncTime><ModDate>20120227</ModDate><ModTime>11103700</ModTime></Esri><dataIdInfo><envirDesc Sync="TRUE">Microsoft Windows XP Version 5.1 (Build 2600) Service Pack 3; ESRI ArcGIS 10.0.3.3600</envirDesc><dataLang><languageCode value="en" Sync="TRUE"></languageCode><countryCode value="US" Sync="TRUE"></countryCode></dataLang><idCitation><resTitle Sync="TRUE">hazus_50miHazmat</resTitle><presForm><PresFormCd value="005" Sync="TRUE"></PresFormCd></presForm></idCitation><spatRpType><SpatRepTypCd value="001" Sync="TRUE"></SpatRepTypCd></spatRpType></dataIdInfo><mdLang><languageCode value="en" Sync="TRUE"></languageCode><countryCode value="US" Sync="TRUE"></countryCode></mdLang><mdChar><CharSetCd value="004" Sync="TRUE"></CharSetCd></mdChar><distInfo><distFormat><formatName Sync="TRUE">Shapefile</formatName></distFormat><distTranOps><transSize Sync="TRUE">0.000</transSize></distTranOps></distInfo><mdHrLv><ScopeCd value="005" Sync="TRUE"></ScopeCd></mdHrLv><mdHrLvName Sync="TRUE">dataset</mdHrLvName><refSysInfo><RefSystem><refSysID><identCode code="4269" Sync="TRUE" value="4269"></identCode><idCodeSpace Sync="TRUE">EPSG</idCodeSpace><idVersion Sync="TRUE">7.4.1</idVersion></refSysID></RefSystem></refSysInfo><spatRepInfo><VectSpatRep><geometObjs Name="hazus_50miHazmat"><geoObjTyp><GeoObjTypCd value="004" Sync="TRUE"></GeoObjTypCd></geoObjTyp><geoObjCnt Sync="TRUE">0</geoObjCnt></geometObjs><topLvl><TopoLevCd value="001" Sync="TRUE"></TopoLevCd></topLvl></VectSpatRep></spatRepInfo><spdoinfo><ptvctinf><esriterm><efeatyp Sync="TRUE">Simple</efeatyp><efeageom code="1" Sync="TRUE"></efeageom><esritopo Sync="TRUE">FALSE</esritopo><efeacnt Sync="TRUE">0</efeacnt><spindex Sync="TRUE">FALSE</spindex><linrefer Sync="TRUE">FALSE</linrefer></esriterm></ptvctinf></spdoinfo><eainfo><detailed Name="hazus_50miHazmat"><enttyp><enttypl Sync="TRUE">hazus_50miHazmat</enttypl><enttypt Sync="TRUE">Feature Class</enttypt><enttypc Sync="TRUE">0</enttypc></enttyp><attr><attrlabl Sync="TRUE">FID</attrlabl><attalias Sync="TRUE">FID</attalias><attrtype Sync="TRUE">OID</attrtype><attwidth Sync="TRUE">4</attwidth><atprecis Sync="TRUE">0</atprecis><attscale Sync="TRUE">0</attscale><attrdef Sync="TRUE">Internal feature number.</attrdef><attrdefs Sync="TRUE">ESRI</attrdefs><attrdomv><udom Sync="TRUE">Sequential unique whole numbers that are automatically generated.</udom></attrdomv></attr><attr><attrlabl Sync="TRUE">Shape</attrlabl><attalias Sync="TRUE">Shape</attalias><attrtype Sync="TRUE">Geometry</attrtype><attwidth Sync="TRUE">0</attwidth><atprecis Sync="TRUE">0</atprecis><attscale Sync="TRUE">0</attscale><attrdef Sync="TRUE">Feature geometry.</attrdef><attrdefs Sync="TRUE">ESRI</attrdefs><attrdomv><udom Sync="TRUE">Coordinates defining the features.</udom></attrdomv></attr><attr><attrlabl Sync="TRUE">FID_hzHazm</attrlabl><attalias Sync="TRUE">FID_hzHazm</attalias><attrtype Sync="TRUE">Integer</attrtype><attwidth Sync="TRUE">9</attwidth><atprecis Sync="TRUE">9</atprecis><attscale Sync="TRUE">0</attscale></attr><attr><attrlabl Sync="TRUE">HazmatID</attrlabl><attalias Sync="TRUE">HazmatID</attalias><attrtype Sync="TRUE">String</attrtype><attwidth Sync="TRUE">8</attwidth><atprecis Sync="TRUE">0</atprecis><attscale Sync="TRUE">0</attscale></attr><attr><attrlabl Sync="TRUE">HplfClass</attrlabl><attalias Sync="TRUE">HplfClass</attalias><attrtype Sync="TRUE">String</attrtype><attwidth Sync="TRUE">5</attwidth><atprecis Sync="TRUE">0</atprecis><attscale Sync="TRUE">0</attscale></attr><attr><attrlabl Sync="TRUE">Tract</attrlabl><attalias Sync="TRUE">Tract</attalias><attrtype Sync="TRUE">String</attrtype><attwidth Sync="TRUE">11</attwidth><atprecis Sync="TRUE">0</atprecis><attscale Sync="TRUE">0</attscale></attr><attr><attrlabl Sync="TRUE">Name</attrlabl><attalias Sync="TRUE">Name</attalias><attrtype Sync="TRUE">String</attrtype><attwidth Sync="TRUE">40</attwidth><atprecis Sync="TRUE">0</atprecis><attscale Sync="TRUE">0</attscale></attr><attr><attrlabl Sync="TRUE">Address</attrlabl><attalias Sync="TRUE">Address</attalias><attrtype Sync="TRUE">String</attrtype><attwidth Sync="TRUE">40</attwidth><atprecis Sync="TRUE">0</atprecis><attscale Sync="TRUE">0</attscale></attr><attr><attrlabl Sync="TRUE">City</attrlabl><attalias Sync="TRUE">City</attalias><attrtype Sync="TRUE">String</attrtype><attwidth Sync="TRUE">40</attwidth><atprecis Sync="TRUE">0</atprecis><attscale Sync="TRUE">0</attscale></attr><attr><attrlabl Sync="TRUE">Statea</attrlabl><attalias Sync="TRUE">Statea</attalias><attrtype Sync="TRUE">String</attrtype><attwidth Sync="TRUE">2</attwidth><atprecis Sync="TRUE">0</atprecis><attscale Sync="TRUE">0</attscale></attr><attr><attrlabl Sync="TRUE">Zipcode</attrlabl><attalias Sync="TRUE">Zipcode</attalias><attrtype Sync="TRUE">String</attrtype><attwidth Sync="TRUE">10</attwidth><atprecis Sync="TRUE">0</atprecis><attscale Sync="TRUE">0</attscale></attr><attr><attrlabl Sync="TRUE">Contact</attrlabl><attalias Sync="TRUE">Contact</attalias><attrtype Sync="TRUE">String</attrtype><attwidth Sync="TRUE">40</attwidth><atprecis Sync="TRUE">0</atprecis><attscale Sync="TRUE">0</attscale></attr><attr><attrlabl Sync="TRUE">PhoneNumbe</attrlabl><attalias Sync="TRUE">PhoneNumbe</attalias><attrtype Sync="TRUE">String</attrtype><attwidth Sync="TRUE">14</attwidth><atprecis Sync="TRUE">0</atprecis><attscale Sync="TRUE">0</attscale></attr><attr><attrlabl Sync="TRUE">Owner</attrlabl><attalias Sync="TRUE">Owner</attalias><attrtype Sync="TRUE">String</attrtype><attwidth Sync="TRUE">25</attwidth><atprecis Sync="TRUE">0</atprecis><attscale Sync="TRUE">0</attscale></attr><attr><attrlabl Sync="TRUE">Cas</attrlabl><attalias Sync="TRUE">Cas</attalias><attrtype Sync="TRUE">String</attrtype><attwidth Sync="TRUE">10</attwidth><atprecis Sync="TRUE">0</atprecis><attscale Sync="TRUE">0</attscale></attr><attr><attrlabl Sync="TRUE">ChemicalNa</attrlabl><attalias Sync="TRUE">ChemicalNa</attalias><attrtype Sync="TRUE">String</attrtype><attwidth Sync="TRUE">20</attwidth><atprecis Sync="TRUE">0</atprecis><attscale Sync="TRUE">0</attscale></attr><attr><attrlabl Sync="TRUE">ChemicalQu</attrlabl><attalias Sync="TRUE">ChemicalQu</attalias><attrtype Sync="TRUE">Integer</attrtype><attwidth Sync="TRUE">9</attwidth><atprecis Sync="TRUE">9</atprecis><attscale Sync="TRUE">0</attscale></attr><attr><attrlabl Sync="TRUE">SIC</attrlabl><attalias Sync="TRUE">SIC</attalias><attrtype Sync="TRUE">String</attrtype><attwidth Sync="TRUE">10</attwidth><atprecis Sync="TRUE">0</atprecis><attscale Sync="TRUE">0</attscale></attr><attr><attrlabl Sync="TRUE">YearBuilt</attrlabl><attalias Sync="TRUE">YearBuilt</attalias><attrtype Sync="TRUE">SmallInteger</attrtype><attwidth Sync="TRUE">4</attwidth><atprecis Sync="TRUE">4</atprecis><attscale Sync="TRUE">0</attscale></attr><attr><attrlabl Sync="TRUE">EPAID</attrlabl><attalias Sync="TRUE">EPAID</attalias><attrtype Sync="TRUE">String</attrtype><attwidth Sync="TRUE">20</attwidth><atprecis Sync="TRUE">0</atprecis><attscale Sync="TRUE">0</attscale></attr><attr><attrlabl Sync="TRUE">PerAmount</attrlabl><attalias Sync="TRUE">PerAmount</attalias><attrtype Sync="TRUE">Single</attrtype><attwidth Sync="TRUE">13</attwidth><atprecis Sync="TRUE">0</atprecis><attscale Sync="TRUE">0</attscale></attr><attr><attrlabl Sync="TRUE">Latitude</attrlabl><attalias Sync="TRUE">Latitude</attalias><attrtype Sync="TRUE">Double</attrtype><attwidth Sync="TRUE">19</attwidth><atprecis Sync="TRUE">0</atprecis><attscale Sync="TRUE">0</attscale></attr><attr><attrlabl Sync="TRUE">Longitude</attrlabl><attalias Sync="TRUE">Longitude</attalias><attrtype Sync="TRUE">Double</attrtype><attwidth Sync="TRUE">19</attwidth><atprecis Sync="TRUE">0</atprecis><attscale Sync="TRUE">0</attscale></attr><attr><attrlabl Sync="TRUE">Comment</attrlabl><attalias Sync="TRUE">Comment</attalias><attrtype Sync="TRUE">String</attrtype><attwidth Sync="TRUE">40</attwidth><atprecis Sync="TRUE">0</atprecis><attscale Sync="TRUE">0</attscale></attr><attr><attrlabl Sync="TRUE">FID_50mi_b</attrlabl><attalias Sync="TRUE">FID_50mi_b</attalias><attrtype Sync="TRUE">Integer</attrtype><attwidth Sync="TRUE">9</attwidth><atprecis Sync="TRUE">9</atprecis><attscale Sync="TRUE">0</attscale></attr><attr><attrlabl Sync="TRUE">STATE</attrlabl><attalias Sync="TRUE">STATE</attalias><attrtype Sync="TRUE">String</attrtype><attwidth Sync="TRUE">2</attwidth><atprecis Sync="TRUE">0</atprecis><attscale Sync="TRUE">0</attscale></attr><attr><attrlabl Sync="TRUE">ST_ABBR</attrlabl><attalias Sync="TRUE">ST_ABBR</attalias><attrtype Sync="TRUE">String</attrtype><attwidth Sync="TRUE">2</attwidth><atprecis Sync="TRUE">0</atprecis><attscale Sync="TRUE">0</attscale></attr><attr><attrlabl Sync="TRUE">st_name</attrlabl><attalias Sync="TRUE">st_name</attalias><attrtype Sync="TRUE">String</attrtype><attwidth Sync="TRUE">50</attwidth><atprecis Sync="TRUE">0</atprecis><attscale Sync="TRUE">0</attscale></attr><attr><attrlabl Sync="TRUE">landsqmi</attrlabl><attalias Sync="TRUE">landsqmi</attalias><attrtype Sync="TRUE">Double</attrtype><attwidth Sync="TRUE">19</attwidth><atprecis Sync="TRUE">18</atprecis><attscale Sync="TRUE">11</attscale></attr></detailed></eainfo><mdDateSt Sync="TRUE">20120227</mdDateSt></metadata>
