<?xml version="1.0" encoding="UTF-8"?>
<metadata xml:lang="en"><Esri><CreaDate>20111207</CreaDate><CreaTime>11071800</CreaTime><ArcGISFormat>1.0</ArcGISFormat><SyncOnce>FALSE</SyncOnce><DataProperties><itemProps><itemName Sync="TRUE">hazus_50miBusFlty</itemName><imsContentType Sync="TRUE">002</imsContentType><itemSize Sync="TRUE">0.000</itemSize><itemLocation><linkage Sync="TRUE">file://\\aamb-s-clust01\shared_data\MB7\Projects\SpIT\STICS_Pacheco\GIS Download\hazus_50miBusFlty.shp</linkage><protocol Sync="TRUE">Local Area Network</protocol></itemLocation></itemProps><coordRef><type Sync="TRUE">Geographic</type><geogcsn Sync="TRUE">GCS_North_American_1983</geogcsn><csUnits Sync="TRUE">Angular Unit: Degree (0.017453)</csUnits><peXml Sync="TRUE">&lt;GeographicCoordinateSystem xsi:type='typens:GeographicCoordinateSystem' xmlns:xsi='http://www.w3.org/2001/XMLSchema-instance' xmlns:xs='http://www.w3.org/2001/XMLSchema' xmlns:typens='http://www.esri.com/schemas/ArcGIS/10.0'&gt;&lt;WKT&gt;GEOGCS[&amp;quot;GCS_North_American_1983&amp;quot;,DATUM[&amp;quot;D_North_American_1983&amp;quot;,SPHEROID[&amp;quot;GRS_1980&amp;quot;,6378137.0,298.257222101]],PRIMEM[&amp;quot;Greenwich&amp;quot;,0.0],UNIT[&amp;quot;Degree&amp;quot;,0.0174532925199433],AUTHORITY[&amp;quot;EPSG&amp;quot;,4269]]&lt;/WKT&gt;&lt;XOrigin&gt;-399.99999999999989&lt;/XOrigin&gt;&lt;YOrigin&gt;-399.99999999999989&lt;/YOrigin&gt;&lt;XYScale&gt;11258999068426.24&lt;/XYScale&gt;&lt;ZOrigin&gt;-100000&lt;/ZOrigin&gt;&lt;ZScale&gt;10000&lt;/ZScale&gt;&lt;MOrigin&gt;-100000&lt;/MOrigin&gt;&lt;MScale&gt;10000&lt;/MScale&gt;&lt;XYTolerance&gt;8.9831528411952117e-009&lt;/XYTolerance&gt;&lt;ZTolerance&gt;0.001&lt;/ZTolerance&gt;&lt;MTolerance&gt;0.001&lt;/MTolerance&gt;&lt;HighPrecision&gt;true&lt;/HighPrecision&gt;&lt;LeftLongitude&gt;-180&lt;/LeftLongitude&gt;&lt;WKID&gt;4269&lt;/WKID&gt;&lt;/GeographicCoordinateSystem&gt;</peXml></coordRef><lineage><Process ToolSource="c:\program files\arcgis\desktop10.0\ArcToolbox\Toolboxes\Data Management Tools.tbx\Merge" Date="20111207" Time="110740">Merge I:\MB7\Projects\SpIT\STICS_Pacheco\Hazus\AK\TRN.mdb\hzBusFlty;I:\MB7\Projects\SpIT\STICS_Pacheco\Hazus\AL\TRN.mdb\hzBusFlty;I:\MB7\Projects\SpIT\STICS_Pacheco\Hazus\AR\TRN.mdb\hzBusFlty;I:\MB7\Projects\SpIT\STICS_Pacheco\Hazus\AZ\TRN.mdb\hzBusFlty;I:\MB7\Projects\SpIT\STICS_Pacheco\Hazus\CA\TRN.mdb\hzBusFlty;I:\MB7\Projects\SpIT\STICS_Pacheco\Hazus\CO\TRN.mdb\hzBusFlty;I:\MB7\Projects\SpIT\STICS_Pacheco\Hazus\CT\TRN.mdb\hzBusFlty;I:\MB7\Projects\SpIT\STICS_Pacheco\Hazus\DC\TRN.mdb\hzBusFlty;I:\MB7\Projects\SpIT\STICS_Pacheco\Hazus\DE\TRN.mdb\hzBusFlty;I:\MB7\Projects\SpIT\STICS_Pacheco\Hazus\FL\TRN.mdb\hzBusFlty;I:\MB7\Projects\SpIT\STICS_Pacheco\Hazus\GA\TRN.mdb\hzBusFlty;I:\MB7\Projects\SpIT\STICS_Pacheco\Hazus\HI\TRN.mdb\hzBusFlty;I:\MB7\Projects\SpIT\STICS_Pacheco\Hazus\IA\TRN.mdb\hzBusFlty;I:\MB7\Projects\SpIT\STICS_Pacheco\Hazus\ID\TRN.mdb\hzBusFlty;I:\MB7\Projects\SpIT\STICS_Pacheco\Hazus\IL\TRN.mdb\hzBusFlty;I:\MB7\Projects\SpIT\STICS_Pacheco\Hazus\IN\TRN.mdb\hzBusFlty;I:\MB7\Projects\SpIT\STICS_Pacheco\Hazus\KS\TRN.mdb\hzBusFlty;I:\MB7\Projects\SpIT\STICS_Pacheco\Hazus\KY\TRN.mdb\hzBusFlty;I:\MB7\Projects\SpIT\STICS_Pacheco\Hazus\LA\TRN.mdb\hzBusFlty;I:\MB7\Projects\SpIT\STICS_Pacheco\Hazus\MA\TRN.mdb\hzBusFlty;I:\MB7\Projects\SpIT\STICS_Pacheco\Hazus\MD\TRN.mdb\hzBusFlty;I:\MB7\Projects\SpIT\STICS_Pacheco\Hazus\ME\TRN.mdb\hzBusFlty;I:\MB7\Projects\SpIT\STICS_Pacheco\Hazus\MI\TRN.mdb\hzBusFlty;I:\MB7\Projects\SpIT\STICS_Pacheco\Hazus\MN\TRN.mdb\hzBusFlty;I:\MB7\Projects\SpIT\STICS_Pacheco\Hazus\MO\TRN.mdb\hzBusFlty;I:\MB7\Projects\SpIT\STICS_Pacheco\Hazus\MS\TRN.mdb\hzBusFlty;I:\MB7\Projects\SpIT\STICS_Pacheco\Hazus\MT\TRN.mdb\hzBusFlty;I:\MB7\Projects\SpIT\STICS_Pacheco\Hazus\NC\TRN.mdb\hzBusFlty;I:\MB7\Projects\SpIT\STICS_Pacheco\Hazus\ND\TRN.mdb\hzBusFlty;I:\MB7\Projects\SpIT\STICS_Pacheco\Hazus\NE\TRN.mdb\hzBusFlty;I:\MB7\Projects\SpIT\STICS_Pacheco\Hazus\NH\TRN.mdb\hzBusFlty;I:\MB7\Projects\SpIT\STICS_Pacheco\Hazus\NJ\TRN.mdb\hzBusFlty;I:\MB7\Projects\SpIT\STICS_Pacheco\Hazus\NM\TRN.mdb\hzBusFlty;I:\MB7\Projects\SpIT\STICS_Pacheco\Hazus\NV\TRN.mdb\hzBusFlty;I:\MB7\Projects\SpIT\STICS_Pacheco\Hazus\NY\TRN.mdb\hzBusFlty;I:\MB7\Projects\SpIT\STICS_Pacheco\Hazus\OH\TRN.mdb\hzBusFlty;I:\MB7\Projects\SpIT\STICS_Pacheco\Hazus\OK\TRN.mdb\hzBusFlty;I:\MB7\Projects\SpIT\STICS_Pacheco\Hazus\OR\TRN.mdb\hzBusFlty;I:\MB7\Projects\SpIT\STICS_Pacheco\Hazus\PA\TRN.mdb\hzBusFlty;I:\MB7\Projects\SpIT\STICS_Pacheco\Hazus\PR\TRN.mdb\hzBusFlty;I:\MB7\Projects\SpIT\STICS_Pacheco\Hazus\RI\TRN.mdb\hzBusFlty;I:\MB7\Projects\SpIT\STICS_Pacheco\Hazus\SC\TRN.mdb\hzBusFlty;I:\MB7\Projects\SpIT\STICS_Pacheco\Hazus\SD\TRN.mdb\hzBusFlty;I:\MB7\Projects\SpIT\STICS_Pacheco\Hazus\TN\TRN.mdb\hzBusFlty;I:\MB7\Projects\SpIT\STICS_Pacheco\Hazus\TX\TRN.mdb\hzBusFlty;I:\MB7\Projects\SpIT\STICS_Pacheco\Hazus\UT\TRN.mdb\hzBusFlty;I:\MB7\Projects\SpIT\STICS_Pacheco\Hazus\VA\TRN.mdb\hzBusFlty;I:\MB7\Projects\SpIT\STICS_Pacheco\Hazus\VT\TRN.mdb\hzBusFlty;I:\MB7\Projects\SpIT\STICS_Pacheco\Hazus\WA\TRN.mdb\hzBusFlty;I:\MB7\Projects\SpIT\STICS_Pacheco\Hazus\WI\TRN.mdb\hzBusFlty;I:\MB7\Projects\SpIT\STICS_Pacheco\Hazus\WV\TRN.mdb\hzBusFlty;I:\MB7\Projects\SpIT\STICS_Pacheco\Hazus\WY\TRN.mdb\hzBusFlty I:\MB7\Projects\SpIT\STICS_Pacheco\Hazus\CriticalFacilities\hzBusFlty.shp "BusFltyId "BusFltyId" true false false 8 Text 0 0 ,First,#,I:\MB7\Projects\SpIT\STICS_Pacheco\Hazus\AK\TRN.mdb\hzBusFlty,BusFltyId,-1,-1,I:\MB7\Projects\SpIT\STICS_Pacheco\Hazus\AL\TRN.mdb\hzBusFlty,BusFltyId,-1,-1,I:\MB7\Projects\SpIT\STICS_Pacheco\Hazus\AR\TRN.mdb\hzBusFlty,BusFltyId,-1,-1,I:\MB7\Projects\SpIT\STICS_Pacheco\Hazus\AZ\TRN.mdb\hzBusFlty,BusFltyId,-1,-1,I:\MB7\Projects\SpIT\STICS_Pacheco\Hazus\CA\TRN.mdb\hzBusFlty,BusFltyId,-1,-1,I:\MB7\Projects\SpIT\STICS_Pacheco\Hazus\CO\TRN.mdb\hzBusFlty,BusFltyId,-1,-1,I:\MB7\Projects\SpIT\STICS_Pacheco\Hazus\CT\TRN.mdb\hzBusFlty,BusFltyId,-1,-1,I:\MB7\Projects\SpIT\STICS_Pacheco\Hazus\DC\TRN.mdb\hzBusFlty,BusFltyId,-1,-1,I:\MB7\Projects\SpIT\STICS_Pacheco\Hazus\DE\TRN.mdb\hzBusFlty,BusFltyId,-1,-1,I:\MB7\Projects\SpIT\STICS_Pacheco\Hazus\FL\TRN.mdb\hzBusFlty,BusFltyId,-1,-1,I:\MB7\Projects\SpIT\STICS_Pacheco\Hazus\GA\TRN.mdb\hzBusFlty,BusFltyId,-1,-1,I:\MB7\Projects\SpIT\STICS_Pacheco\Hazus\HI\TRN.mdb\hzBusFlty,BusFltyId,-1,-1,I:\MB7\Projects\SpIT\STICS_Pacheco\Hazus\IA\TRN.mdb\hzBusFlty,BusFltyId,-1,-1,I:\MB7\Projects\SpIT\STICS_Pacheco\Hazus\ID\TRN.mdb\hzBusFlty,BusFltyId,-1,-1,I:\MB7\Projects\SpIT\STICS_Pacheco\Hazus\IL\TRN.mdb\hzBusFlty,BusFltyId,-1,-1,I:\MB7\Projects\SpIT\STICS_Pacheco\Hazus\IN\TRN.mdb\hzBusFlty,BusFltyId,-1,-1,I:\MB7\Projects\SpIT\STICS_Pacheco\Hazus\KS\TRN.mdb\hzBusFlty,BusFltyId,-1,-1,I:\MB7\Projects\SpIT\STICS_Pacheco\Hazus\KY\TRN.mdb\hzBusFlty,BusFltyId,-1,-1,I:\MB7\Projects\SpIT\STICS_Pacheco\Hazus\LA\TRN.mdb\hzBusFlty,BusFltyId,-1,-1,I:\MB7\Projects\SpIT\STICS_Pacheco\Hazus\MA\TRN.mdb\hzBusFlty,BusFltyId,-1,-1,I:\MB7\Projects\SpIT\STICS_Pacheco\Hazus\MD\TRN.mdb\hzBusFlty,BusFltyId,-1,-1,I:\MB7\Projects\SpIT\STICS_Pacheco\Hazus\ME\TRN.mdb\hzBusFlty,BusFltyId,-1,-1,I:\MB7\Projects\SpIT\STICS_Pacheco\Hazus\MI\TRN.mdb\hzBusFlty,BusFltyId,-1,-1,I:\MB7\Projects\SpIT\STICS_Pacheco\Hazus\MN\TRN.mdb\hzBusFlty,BusFltyId,-1,-1,I:\MB7\Projects\SpIT\STICS_Pacheco\Hazus\MO\TRN.mdb\hzBusFlty,BusFltyId,-1,-1,I:\MB7\Projects\SpIT\STICS_Pacheco\Hazus\MS\TRN.mdb\hzBusFlty,BusFltyId,-1,-1,I:\MB7\Projects\SpIT\STICS_Pacheco\Hazus\MT\TRN.mdb\hzBusFlty,BusFltyId,-1,-1,I:\MB7\Projects\SpIT\STICS_Pacheco\Hazus\NC\TRN.mdb\hzBusFlty,BusFltyId,-1,-1,I:\MB7\Projects\SpIT\STICS_Pacheco\Hazus\ND\TRN.mdb\hzBusFlty,BusFltyId,-1,-1,I:\MB7\Projects\SpIT\STICS_Pacheco\Hazus\NE\TRN.mdb\hzBusFlty,BusFltyId,-1,-1,I:\MB7\Projects\SpIT\STICS_Pacheco\Hazus\NH\TRN.mdb\hzBusFlty,BusFltyId,-1,-1,I:\MB7\Projects\SpIT\STICS_Pacheco\Hazus\NJ\TRN.mdb\hzBusFlty,BusFltyId,-1,-1,I:\MB7\Projects\SpIT\STICS_Pacheco\Hazus\NM\TRN.mdb\hzBusFlty,BusFltyId,-1,-1,I:\MB7\Projects\SpIT\STICS_Pacheco\Hazus\NV\TRN.mdb\hzBusFlty,BusFltyId,-1,-1,I:\MB7\Projects\SpIT\STICS_Pacheco\Hazus\NY\TRN.mdb\hzBusFlty,BusFltyId,-1,-1,I:\MB7\Projects\SpIT\STICS_Pacheco\Hazus\OH\TRN.mdb\hzBusFlty,BusFltyId,-1,-1,I:\MB7\Projects\SpIT\STICS_Pacheco\Hazus\OK\TRN.mdb\hzBusFlty,BusFltyId,-1,-1,I:\MB7\Projects\SpIT\STICS_Pacheco\Hazus\OR\TRN.mdb\hzBusFlty,BusFltyId,-1,-1,I:\MB7\Projects\SpIT\STICS_Pacheco\Hazus\PA\TRN.mdb\hzBusFlty,BusFltyId,-1,-1,I:\MB7\Projects\SpIT\STICS_Pacheco\Hazus\PR\TRN.mdb\hzBusFlty,BusFltyId,-1,-1,I:\MB7\Projects\SpIT\STICS_Pacheco\Hazus\RI\TRN.mdb\hzBusFlty,BusFltyId,-1,-1,I:\MB7\Projects\SpIT\STICS_Pacheco\Hazus\SC\TRN.mdb\hzBusFlty,BusFltyId,-1,-1,I:\MB7\Projects\SpIT\STICS_Pacheco\Hazus\SD\TRN.mdb\hzBusFlty,BusFltyId,-1,-1,I:\MB7\Projects\SpIT\STICS_Pacheco\Hazus\TN\TRN.mdb\hzBusFlty,BusFltyId,-1,-1,I:\MB7\Projects\SpIT\STICS_Pacheco\Hazus\TX\TRN.mdb\hzBusFlty,BusFltyId,-1,-1,I:\MB7\Projects\SpIT\STICS_Pacheco\Hazus\UT\TRN.mdb\hzBusFlty,BusFltyId,-1,-1,I:\MB7\Projects\SpIT\STICS_Pacheco\Hazus\VA\TRN.mdb\hzBusFlty,BusFltyId,-1,-1,I:\MB7\Projects\SpIT\STICS_Pacheco\Hazus\VT\TRN.mdb\hzBusFlty,BusFltyId,-1,-1,I:\MB7\Projects\SpIT\STICS_Pacheco\Hazus\WA\TRN.mdb\hzBusFlty,BusFltyId,-1,-1,I:\MB7\Projects\SpIT\STICS_Pacheco\Hazus\WI\TRN.mdb\hzBusFlty,BusFltyId,-1,-1,I:\MB7\Projects\SpIT\STICS_Pacheco\Hazus\WV\TRN.mdb\hzBusFlty,BusFltyId,-1,-1,I:\MB7\Projects\SpIT\STICS_Pacheco\Hazus\WY\TRN.mdb\hzBusFlty,BusFltyId,-1,-1;TranspFclt "TranspFcltyClass" true false false 5 Text 0 0 ,First,#,I:\MB7\Projects\SpIT\STICS_Pacheco\Hazus\AK\TRN.mdb\hzBusFlty,TranspFcltyClass,-1,-1,I:\MB7\Projects\SpIT\STICS_Pacheco\Hazus\AL\TRN.mdb\hzBusFlty,TranspFcltyClass,-1,-1,I:\MB7\Projects\SpIT\STICS_Pacheco\Hazus\AR\TRN.mdb\hzBusFlty,TranspFcltyClass,-1,-1,I:\MB7\Projects\SpIT\STICS_Pacheco\Hazus\AZ\TRN.mdb\hzBusFlty,TranspFcltyClass,-1,-1,I:\MB7\Projects\SpIT\STICS_Pacheco\Hazus\CA\TRN.mdb\hzBusFlty,TranspFcltyClass,-1,-1,I:\MB7\Projects\SpIT\STICS_Pacheco\Hazus\CO\TRN.mdb\hzBusFlty,TranspFcltyClass,-1,-1,I:\MB7\Projects\SpIT\STICS_Pacheco\Hazus\CT\TRN.mdb\hzBusFlty,TranspFcltyClass,-1,-1,I:\MB7\Projects\SpIT\STICS_Pacheco\Hazus\DC\TRN.mdb\hzBusFlty,TranspFcltyClass,-1,-1,I:\MB7\Projects\SpIT\STICS_Pacheco\Hazus\DE\TRN.mdb\hzBusFlty,TranspFcltyClass,-1,-1,I:\MB7\Projects\SpIT\STICS_Pacheco\Hazus\FL\TRN.mdb\hzBusFlty,TranspFcltyClass,-1,-1,I:\MB7\Projects\SpIT\STICS_Pacheco\Hazus\GA\TRN.mdb\hzBusFlty,TranspFcltyClass,-1,-1,I:\MB7\Projects\SpIT\STICS_Pacheco\Hazus\HI\TRN.mdb\hzBusFlty,TranspFcltyClass,-1,-1,I:\MB7\Projects\SpIT\STICS_Pacheco\Hazus\IA\TRN.mdb\hzBusFlty,TranspFcltyClass,-1,-1,I:\MB7\Projects\SpIT\STICS_Pacheco\Hazus\ID\TRN.mdb\hzBusFlty,TranspFcltyClass,-1,-1,I:\MB7\Projects\SpIT\STICS_Pacheco\Hazus\IL\TRN.mdb\hzBusFlty,TranspFcltyClass,-1,-1,I:\MB7\Projects\SpIT\STICS_Pacheco\Hazus\IN\TRN.mdb\hzBusFlty,TranspFcltyClass,-1,-1,I:\MB7\Projects\SpIT\STICS_Pacheco\Hazus\KS\TRN.mdb\hzBusFlty,TranspFcltyClass,-1,-1,I:\MB7\Projects\SpIT\STICS_Pacheco\Hazus\KY\TRN.mdb\hzBusFlty,TranspFcltyClass,-1,-1,I:\MB7\Projects\SpIT\STICS_Pacheco\Hazus\LA\TRN.mdb\hzBusFlty,TranspFcltyClass,-1,-1,I:\MB7\Projects\SpIT\STICS_Pacheco\Hazus\MA\TRN.mdb\hzBusFlty,TranspFcltyClass,-1,-1,I:\MB7\Projects\SpIT\STICS_Pacheco\Hazus\MD\TRN.mdb\hzBusFlty,TranspFcltyClass,-1,-1,I:\MB7\Projects\SpIT\STICS_Pacheco\Hazus\ME\TRN.mdb\hzBusFlty,TranspFcltyClass,-1,-1,I:\MB7\Projects\SpIT\STICS_Pacheco\Hazus\MI\TRN.mdb\hzBusFlty,TranspFcltyClass,-1,-1,I:\MB7\Projects\SpIT\STICS_Pacheco\Hazus\MN\TRN.mdb\hzBusFlty,TranspFcltyClass,-1,-1,I:\MB7\Projects\SpIT\STICS_Pacheco\Hazus\MO\TRN.mdb\hzBusFlty,TranspFcltyClass,-1,-1,I:\MB7\Projects\SpIT\STICS_Pacheco\Hazus\MS\TRN.mdb\hzBusFlty,TranspFcltyClass,-1,-1,I:\MB7\Projects\SpIT\STICS_Pacheco\Hazus\MT\TRN.mdb\hzBusFlty,TranspFcltyClass,-1,-1,I:\MB7\Projects\SpIT\STICS_Pacheco\Hazus\NC\TRN.mdb\hzBusFlty,TranspFcltyClass,-1,-1,I:\MB7\Projects\SpIT\STICS_Pacheco\Hazus\ND\TRN.mdb\hzBusFlty,TranspFcltyClass,-1,-1,I:\MB7\Projects\SpIT\STICS_Pacheco\Hazus\NE\TRN.mdb\hzBusFlty,TranspFcltyClass,-1,-1,I:\MB7\Projects\SpIT\STICS_Pacheco\Hazus\NH\TRN.mdb\hzBusFlty,TranspFcltyClass,-1,-1,I:\MB7\Projects\SpIT\STICS_Pacheco\Hazus\NJ\TRN.mdb\hzBusFlty,TranspFcltyClass,-1,-1,I:\MB7\Projects\SpIT\STICS_Pacheco\Hazus\NM\TRN.mdb\hzBusFlty,TranspFcltyClass,-1,-1,I:\MB7\Projects\SpIT\STICS_Pacheco\Hazus\NV\TRN.mdb\hzBusFlty,TranspFcltyClass,-1,-1,I:\MB7\Projects\SpIT\STICS_Pacheco\Hazus\NY\TRN.mdb\hzBusFlty,TranspFcltyClass,-1,-1,I:\MB7\Projects\SpIT\STICS_Pacheco\Hazus\OH\TRN.mdb\hzBusFlty,TranspFcltyClass,-1,-1,I:\MB7\Projects\SpIT\STICS_Pacheco\Hazus\OK\TRN.mdb\hzBusFlty,TranspFcltyClass,-1,-1,I:\MB7\Projects\SpIT\STICS_Pacheco\Hazus\OR\TRN.mdb\hzBusFlty,TranspFcltyClass,-1,-1,I:\MB7\Projects\SpIT\STICS_Pacheco\Hazus\PA\TRN.mdb\hzBusFlty,TranspFcltyClass,-1,-1,I:\MB7\Projects\SpIT\STICS_Pacheco\Hazus\PR\TRN.mdb\hzBusFlty,TranspFcltyClass,-1,-1,I:\MB7\Projects\SpIT\STICS_Pacheco\Hazus\RI\TRN.mdb\hzBusFlty,TranspFcltyClass,-1,-1,I:\MB7\Projects\SpIT\STICS_Pacheco\Hazus\SC\TRN.mdb\hzBusFlty,TranspFcltyClass,-1,-1,I:\MB7\Projects\SpIT\STICS_Pacheco\Hazus\SD\TRN.mdb\hzBusFlty,TranspFcltyClass,-1,-1,I:\MB7\Projects\SpIT\STICS_Pacheco\Hazus\TN\TRN.mdb\hzBusFlty,TranspFcltyClass,-1,-1,I:\MB7\Projects\SpIT\STICS_Pacheco\Hazus\TX\TRN.mdb\hzBusFlty,TranspFcltyClass,-1,-1,I:\MB7\Projects\SpIT\STICS_Pacheco\Hazus\UT\TRN.mdb\hzBusFlty,TranspFcltyClass,-1,-1,I:\MB7\Projects\SpIT\STICS_Pacheco\Hazus\VA\TRN.mdb\hzBusFlty,TranspFcltyClass,-1,-1,I:\MB7\Projects\SpIT\STICS_Pacheco\Hazus\VT\TRN.mdb\hzBusFlty,TranspFcltyClass,-1,-1,I:\MB7\Projects\SpIT\STICS_Pacheco\Hazus\WA\TRN.mdb\hzBusFlty,TranspFcltyClass,-1,-1,I:\MB7\Projects\SpIT\STICS_Pacheco\Hazus\WI\TRN.mdb\hzBusFlty,TranspFcltyClass,-1,-1,I:\MB7\Projects\SpIT\STICS_Pacheco\Hazus\WV\TRN.mdb\hzBusFlty,TranspFcltyClass,-1,-1,I:\MB7\Projects\SpIT\STICS_Pacheco\Hazus\WY\TRN.mdb\hzBusFlty,TranspFcltyClass,-1,-1;Tract "Tract" true false false 11 Text 0 0 ,First,#,I:\MB7\Projects\SpIT\STICS_Pacheco\Hazus\AK\TRN.mdb\hzBusFlty,Tract,-1,-1,I:\MB7\Projects\SpIT\STICS_Pacheco\Hazus\AL\TRN.mdb\hzBusFlty,Tract,-1,-1,I:\MB7\Projects\SpIT\STICS_Pacheco\Hazus\AR\TRN.mdb\hzBusFlty,Tract,-1,-1,I:\MB7\Projects\SpIT\STICS_Pacheco\Hazus\AZ\TRN.mdb\hzBusFlty,Tract,-1,-1,I:\MB7\Projects\SpIT\STICS_Pacheco\Hazus\CA\TRN.mdb\hzBusFlty,Tract,-1,-1,I:\MB7\Projects\SpIT\STICS_Pacheco\Hazus\CO\TRN.mdb\hzBusFlty,Tract,-1,-1,I:\MB7\Projects\SpIT\STICS_Pacheco\Hazus\CT\TRN.mdb\hzBusFlty,Tract,-1,-1,I:\MB7\Projects\SpIT\STICS_Pacheco\Hazus\DC\TRN.mdb\hzBusFlty,Tract,-1,-1,I:\MB7\Projects\SpIT\STICS_Pacheco\Hazus\DE\TRN.mdb\hzBusFlty,Tract,-1,-1,I:\MB7\Projects\SpIT\STICS_Pacheco\Hazus\FL\TRN.mdb\hzBusFlty,Tract,-1,-1,I:\MB7\Projects\SpIT\STICS_Pacheco\Hazus\GA\TRN.mdb\hzBusFlty,Tract,-1,-1,I:\MB7\Projects\SpIT\STICS_Pacheco\Hazus\HI\TRN.mdb\hzBusFlty,Tract,-1,-1,I:\MB7\Projects\SpIT\STICS_Pacheco\Hazus\IA\TRN.mdb\hzBusFlty,Tract,-1,-1,I:\MB7\Projects\SpIT\STICS_Pacheco\Hazus\ID\TRN.mdb\hzBusFlty,Tract,-1,-1,I:\MB7\Projects\SpIT\STICS_Pacheco\Hazus\IL\TRN.mdb\hzBusFlty,Tract,-1,-1,I:\MB7\Projects\SpIT\STICS_Pacheco\Hazus\IN\TRN.mdb\hzBusFlty,Tract,-1,-1,I:\MB7\Projects\SpIT\STICS_Pacheco\Hazus\KS\TRN.mdb\hzBusFlty,Tract,-1,-1,I:\MB7\Projects\SpIT\STICS_Pacheco\Hazus\KY\TRN.mdb\hzBusFlty,Tract,-1,-1,I:\MB7\Projects\SpIT\STICS_Pacheco\Hazus\LA\TRN.mdb\hzBusFlty,Tract,-1,-1,I:\MB7\Projects\SpIT\STICS_Pacheco\Hazus\MA\TRN.mdb\hzBusFlty,Tract,-1,-1,I:\MB7\Projects\SpIT\STICS_Pacheco\Hazus\MD\TRN.mdb\hzBusFlty,Tract,-1,-1,I:\MB7\Projects\SpIT\STICS_Pacheco\Hazus\ME\TRN.mdb\hzBusFlty,Tract,-1,-1,I:\MB7\Projects\SpIT\STICS_Pacheco\Hazus\MI\TRN.mdb\hzBusFlty,Tract,-1,-1,I:\MB7\Projects\SpIT\STICS_Pacheco\Hazus\MN\TRN.mdb\hzBusFlty,Tract,-1,-1,I:\MB7\Projects\SpIT\STICS_Pacheco\Hazus\MO\TRN.mdb\hzBusFlty,Tract,-1,-1,I:\MB7\Projects\SpIT\STICS_Pacheco\Hazus\MS\TRN.mdb\hzBusFlty,Tract,-1,-1,I:\MB7\Projects\SpIT\STICS_Pacheco\Hazus\MT\TRN.mdb\hzBusFlty,Tract,-1,-1,I:\MB7\Projects\SpIT\STICS_Pacheco\Hazus\NC\TRN.mdb\hzBusFlty,Tract,-1,-1,I:\MB7\Projects\SpIT\STICS_Pacheco\Hazus\ND\TRN.mdb\hzBusFlty,Tract,-1,-1,I:\MB7\Projects\SpIT\STICS_Pacheco\Hazus\NE\TRN.mdb\hzBusFlty,Tract,-1,-1,I:\MB7\Projects\SpIT\STICS_Pacheco\Hazus\NH\TRN.mdb\hzBusFlty,Tract,-1,-1,I:\MB7\Projects\SpIT\STICS_Pacheco\Hazus\NJ\TRN.mdb\hzBusFlty,Tract,-1,-1,I:\MB7\Projects\SpIT\STICS_Pacheco\Hazus\NM\TRN.mdb\hzBusFlty,Tract,-1,-1,I:\MB7\Projects\SpIT\STICS_Pacheco\Hazus\NV\TRN.mdb\hzBusFlty,Tract,-1,-1,I:\MB7\Projects\SpIT\STICS_Pacheco\Hazus\NY\TRN.mdb\hzBusFlty,Tract,-1,-1,I:\MB7\Projects\SpIT\STICS_Pacheco\Hazus\OH\TRN.mdb\hzBusFlty,Tract,-1,-1,I:\MB7\Projects\SpIT\STICS_Pacheco\Hazus\OK\TRN.mdb\hzBusFlty,Tract,-1,-1,I:\MB7\Projects\SpIT\STICS_Pacheco\Hazus\OR\TRN.mdb\hzBusFlty,Tract,-1,-1,I:\MB7\Projects\SpIT\STICS_Pacheco\Hazus\PA\TRN.mdb\hzBusFlty,Tract,-1,-1,I:\MB7\Projects\SpIT\STICS_Pacheco\Hazus\PR\TRN.mdb\hzBusFlty,Tract,-1,-1,I:\MB7\Projects\SpIT\STICS_Pacheco\Hazus\RI\TRN.mdb\hzBusFlty,Tract,-1,-1,I:\MB7\Projects\SpIT\STICS_Pacheco\Hazus\SC\TRN.mdb\hzBusFlty,Tract,-1,-1,I:\MB7\Projects\SpIT\STICS_Pacheco\Hazus\SD\TRN.mdb\hzBusFlty,Tract,-1,-1,I:\MB7\Projects\SpIT\STICS_Pacheco\Hazus\TN\TRN.mdb\hzBusFlty,Tract,-1,-1,I:\MB7\Projects\SpIT\STICS_Pacheco\Hazus\TX\TRN.mdb\hzBusFlty,Tract,-1,-1,I:\MB7\Projects\SpIT\STICS_Pacheco\Hazus\UT\TRN.mdb\hzBusFlty,Tract,-1,-1,I:\MB7\Projects\SpIT\STICS_Pacheco\Hazus\VA\TRN.mdb\hzBusFlty,Tract,-1,-1,I:\MB7\Projects\SpIT\STICS_Pacheco\Hazus\VT\TRN.mdb\hzBusFlty,Tract,-1,-1,I:\MB7\Projects\SpIT\STICS_Pacheco\Hazus\WA\TRN.mdb\hzBusFlty,Tract,-1,-1,I:\MB7\Projects\SpIT\STICS_Pacheco\Hazus\WI\TRN.mdb\hzBusFlty,Tract,-1,-1,I:\MB7\Projects\SpIT\STICS_Pacheco\Hazus\WV\TRN.mdb\hzBusFlty,Tract,-1,-1,I:\MB7\Projects\SpIT\STICS_Pacheco\Hazus\WY\TRN.mdb\hzBusFlty,Tract,-1,-1;Name "Name" true true false 40 Text 0 0 ,First,#,I:\MB7\Projects\SpIT\STICS_Pacheco\Hazus\AK\TRN.mdb\hzBusFlty,Name,-1,-1,I:\MB7\Projects\SpIT\STICS_Pacheco\Hazus\AL\TRN.mdb\hzBusFlty,Name,-1,-1,I:\MB7\Projects\SpIT\STICS_Pacheco\Hazus\AR\TRN.mdb\hzBusFlty,Name,-1,-1,I:\MB7\Projects\SpIT\STICS_Pacheco\Hazus\AZ\TRN.mdb\hzBusFlty,Name,-1,-1,I:\MB7\Projects\SpIT\STICS_Pacheco\Hazus\CA\TRN.mdb\hzBusFlty,Name,-1,-1,I:\MB7\Projects\SpIT\STICS_Pacheco\Hazus\CO\TRN.mdb\hzBusFlty,Name,-1,-1,I:\MB7\Projects\SpIT\STICS_Pacheco\Hazus\CT\TRN.mdb\hzBusFlty,Name,-1,-1,I:\MB7\Projects\SpIT\STICS_Pacheco\Hazus\DC\TRN.mdb\hzBusFlty,Name,-1,-1,I:\MB7\Projects\SpIT\STICS_Pacheco\Hazus\DE\TRN.mdb\hzBusFlty,Name,-1,-1,I:\MB7\Projects\SpIT\STICS_Pacheco\Hazus\FL\TRN.mdb\hzBusFlty,Name,-1,-1,I:\MB7\Projects\SpIT\STICS_Pacheco\Hazus\GA\TRN.mdb\hzBusFlty,Name,-1,-1,I:\MB7\Projects\SpIT\STICS_Pacheco\Hazus\HI\TRN.mdb\hzBusFlty,Name,-1,-1,I:\MB7\Projects\SpIT\STICS_Pacheco\Hazus\IA\TRN.mdb\hzBusFlty,Name,-1,-1,I:\MB7\Projects\SpIT\STICS_Pacheco\Hazus\ID\TRN.mdb\hzBusFlty,Name,-1,-1,I:\MB7\Projects\SpIT\STICS_Pacheco\Hazus\IL\TRN.mdb\hzBusFlty,Name,-1,-1,I:\MB7\Projects\SpIT\STICS_Pacheco\Hazus\IN\TRN.mdb\hzBusFlty,Name,-1,-1,I:\MB7\Projects\SpIT\STICS_Pacheco\Hazus\KS\TRN.mdb\hzBusFlty,Name,-1,-1,I:\MB7\Projects\SpIT\STICS_Pacheco\Hazus\KY\TRN.mdb\hzBusFlty,Name,-1,-1,I:\MB7\Projects\SpIT\STICS_Pacheco\Hazus\LA\TRN.mdb\hzBusFlty,Name,-1,-1,I:\MB7\Projects\SpIT\STICS_Pacheco\Hazus\MA\TRN.mdb\hzBusFlty,Name,-1,-1,I:\MB7\Projects\SpIT\STICS_Pacheco\Hazus\MD\TRN.mdb\hzBusFlty,Name,-1,-1,I:\MB7\Projects\SpIT\STICS_Pacheco\Hazus\ME\TRN.mdb\hzBusFlty,Name,-1,-1,I:\MB7\Projects\SpIT\STICS_Pacheco\Hazus\MI\TRN.mdb\hzBusFlty,Name,-1,-1,I:\MB7\Projects\SpIT\STICS_Pacheco\Hazus\MN\TRN.mdb\hzBusFlty,Name,-1,-1,I:\MB7\Projects\SpIT\STICS_Pacheco\Hazus\MO\TRN.mdb\hzBusFlty,Name,-1,-1,I:\MB7\Projects\SpIT\STICS_Pacheco\Hazus\MS\TRN.mdb\hzBusFlty,Name,-1,-1,I:\MB7\Projects\SpIT\STICS_Pacheco\Hazus\MT\TRN.mdb\hzBusFlty,Name,-1,-1,I:\MB7\Projects\SpIT\STICS_Pacheco\Hazus\NC\TRN.mdb\hzBusFlty,Name,-1,-1,I:\MB7\Projects\SpIT\STICS_Pacheco\Hazus\ND\TRN.mdb\hzBusFlty,Name,-1,-1,I:\MB7\Projects\SpIT\STICS_Pacheco\Hazus\NE\TRN.mdb\hzBusFlty,Name,-1,-1,I:\MB7\Projects\SpIT\STICS_Pacheco\Hazus\NH\TRN.mdb\hzBusFlty,Name,-1,-1,I:\MB7\Projects\SpIT\STICS_Pacheco\Hazus\NJ\TRN.mdb\hzBusFlty,Name,-1,-1,I:\MB7\Projects\SpIT\STICS_Pacheco\Hazus\NM\TRN.mdb\hzBusFlty,Name,-1,-1,I:\MB7\Projects\SpIT\STICS_Pacheco\Hazus\NV\TRN.mdb\hzBusFlty,Name,-1,-1,I:\MB7\Projects\SpIT\STICS_Pacheco\Hazus\NY\TRN.mdb\hzBusFlty,Name,-1,-1,I:\MB7\Projects\SpIT\STICS_Pacheco\Hazus\OH\TRN.mdb\hzBusFlty,Name,-1,-1,I:\MB7\Projects\SpIT\STICS_Pacheco\Hazus\OK\TRN.mdb\hzBusFlty,Name,-1,-1,I:\MB7\Projects\SpIT\STICS_Pacheco\Hazus\OR\TRN.mdb\hzBusFlty,Name,-1,-1,I:\MB7\Projects\SpIT\STICS_Pacheco\Hazus\PA\TRN.mdb\hzBusFlty,Name,-1,-1,I:\MB7\Projects\SpIT\STICS_Pacheco\Hazus\PR\TRN.mdb\hzBusFlty,Name,-1,-1,I:\MB7\Projects\SpIT\STICS_Pacheco\Hazus\RI\TRN.mdb\hzBusFlty,Name,-1,-1,I:\MB7\Projects\SpIT\STICS_Pacheco\Hazus\SC\TRN.mdb\hzBusFlty,Name,-1,-1,I:\MB7\Projects\SpIT\STICS_Pacheco\Hazus\SD\TRN.mdb\hzBusFlty,Name,-1,-1,I:\MB7\Projects\SpIT\STICS_Pacheco\Hazus\TN\TRN.mdb\hzBusFlty,Name,-1,-1,I:\MB7\Projects\SpIT\STICS_Pacheco\Hazus\TX\TRN.mdb\hzBusFlty,Name,-1,-1,I:\MB7\Projects\SpIT\STICS_Pacheco\Hazus\UT\TRN.mdb\hzBusFlty,Name,-1,-1,I:\MB7\Projects\SpIT\STICS_Pacheco\Hazus\VA\TRN.mdb\hzBusFlty,Name,-1,-1,I:\MB7\Projects\SpIT\STICS_Pacheco\Hazus\VT\TRN.mdb\hzBusFlty,Name,-1,-1,I:\MB7\Projects\SpIT\STICS_Pacheco\Hazus\WA\TRN.mdb\hzBusFlty,Name,-1,-1,I:\MB7\Projects\SpIT\STICS_Pacheco\Hazus\WI\TRN.mdb\hzBusFlty,Name,-1,-1,I:\MB7\Projects\SpIT\STICS_Pacheco\Hazus\WV\TRN.mdb\hzBusFlty,Name,-1,-1,I:\MB7\Projects\SpIT\STICS_Pacheco\Hazus\WY\TRN.mdb\hzBusFlty,Name,-1,-1;Address "Address" true true false 40 Text 0 0 ,First,#,I:\MB7\Projects\SpIT\STICS_Pacheco\Hazus\AK\TRN.mdb\hzBusFlty,Address,-1,-1,I:\MB7\Projects\SpIT\STICS_Pacheco\Hazus\AL\TRN.mdb\hzBusFlty,Address,-1,-1,I:\MB7\Projects\SpIT\STICS_Pacheco\Hazus\AR\TRN.mdb\hzBusFlty,Address,-1,-1,I:\MB7\Projects\SpIT\STICS_Pacheco\Hazus\AZ\TRN.mdb\hzBusFlty,Address,-1,-1,I:\MB7\Projects\SpIT\STICS_Pacheco\Hazus\CA\TRN.mdb\hzBusFlty,Address,-1,-1,I:\MB7\Projects\SpIT\STICS_Pacheco\Hazus\CO\TRN.mdb\hzBusFlty,Address,-1,-1,I:\MB7\Projects\SpIT\STICS_Pacheco\Hazus\CT\TRN.mdb\hzBusFlty,Address,-1,-1,I:\MB7\Projects\SpIT\STICS_Pacheco\Hazus\DC\TRN.mdb\hzBusFlty,Address,-1,-1,I:\MB7\Projects\SpIT\STICS_Pacheco\Hazus\DE\TRN.mdb\hzBusFlty,Address,-1,-1,I:\MB7\Projects\SpIT\STICS_Pacheco\Hazus\FL\TRN.mdb\hzBusFlty,Address,-1,-1,I:\MB7\Projects\SpIT\STICS_Pacheco\Hazus\GA\TRN.mdb\hzBusFlty,Address,-1,-1,I:\MB7\Projects\SpIT\STICS_Pacheco\Hazus\HI\TRN.mdb\hzBusFlty,Address,-1,-1,I:\MB7\Projects\SpIT\STICS_Pacheco\Hazus\IA\TRN.mdb\hzBusFlty,Address,-1,-1,I:\MB7\Projects\SpIT\STICS_Pacheco\Hazus\ID\TRN.mdb\hzBusFlty,Address,-1,-1,I:\MB7\Projects\SpIT\STICS_Pacheco\Hazus\IL\TRN.mdb\hzBusFlty,Address,-1,-1,I:\MB7\Projects\SpIT\STICS_Pacheco\Hazus\IN\TRN.mdb\hzBusFlty,Address,-1,-1,I:\MB7\Projects\SpIT\STICS_Pacheco\Hazus\KS\TRN.mdb\hzBusFlty,Address,-1,-1,I:\MB7\Projects\SpIT\STICS_Pacheco\Hazus\KY\TRN.mdb\hzBusFlty,Address,-1,-1,I:\MB7\Projects\SpIT\STICS_Pacheco\Hazus\LA\TRN.mdb\hzBusFlty,Address,-1,-1,I:\MB7\Projects\SpIT\STICS_Pacheco\Hazus\MA\TRN.mdb\hzBusFlty,Address,-1,-1,I:\MB7\Projects\SpIT\STICS_Pacheco\Hazus\MD\TRN.mdb\hzBusFlty,Address,-1,-1,I:\MB7\Projects\SpIT\STICS_Pacheco\Hazus\ME\TRN.mdb\hzBusFlty,Address,-1,-1,I:\MB7\Projects\SpIT\STICS_Pacheco\Hazus\MI\TRN.mdb\hzBusFlty,Address,-1,-1,I:\MB7\Projects\SpIT\STICS_Pacheco\Hazus\MN\TRN.mdb\hzBusFlty,Address,-1,-1,I:\MB7\Projects\SpIT\STICS_Pacheco\Hazus\MO\TRN.mdb\hzBusFlty,Address,-1,-1,I:\MB7\Projects\SpIT\STICS_Pacheco\Hazus\MS\TRN.mdb\hzBusFlty,Address,-1,-1,I:\MB7\Projects\SpIT\STICS_Pacheco\Hazus\MT\TRN.mdb\hzBusFlty,Address,-1,-1,I:\MB7\Projects\SpIT\STICS_Pacheco\Hazus\NC\TRN.mdb\hzBusFlty,Address,-1,-1,I:\MB7\Projects\SpIT\STICS_Pacheco\Hazus\ND\TRN.mdb\hzBusFlty,Address,-1,-1,I:\MB7\Projects\SpIT\STICS_Pacheco\Hazus\NE\TRN.mdb\hzBusFlty,Address,-1,-1,I:\MB7\Projects\SpIT\STICS_Pacheco\Hazus\NH\TRN.mdb\hzBusFlty,Address,-1,-1,I:\MB7\Projects\SpIT\STICS_Pacheco\Hazus\NJ\TRN.mdb\hzBusFlty,Address,-1,-1,I:\MB7\Projects\SpIT\STICS_Pacheco\Hazus\NM\TRN.mdb\hzBusFlty,Address,-1,-1,I:\MB7\Projects\SpIT\STICS_Pacheco\Hazus\NV\TRN.mdb\hzBusFlty,Address,-1,-1,I:\MB7\Projects\SpIT\STICS_Pacheco\Hazus\NY\TRN.mdb\hzBusFlty,Address,-1,-1,I:\MB7\Projects\SpIT\STICS_Pacheco\Hazus\OH\TRN.mdb\hzBusFlty,Address,-1,-1,I:\MB7\Projects\SpIT\STICS_Pacheco\Hazus\OK\TRN.mdb\hzBusFlty,Address,-1,-1,I:\MB7\Projects\SpIT\STICS_Pacheco\Hazus\OR\TRN.mdb\hzBusFlty,Address,-1,-1,I:\MB7\Projects\SpIT\STICS_Pacheco\Hazus\PA\TRN.mdb\hzBusFlty,Address,-1,-1,I:\MB7\Projects\SpIT\STICS_Pacheco\Hazus\PR\TRN.mdb\hzBusFlty,Address,-1,-1,I:\MB7\Projects\SpIT\STICS_Pacheco\Hazus\RI\TRN.mdb\hzBusFlty,Address,-1,-1,I:\MB7\Projects\SpIT\STICS_Pacheco\Hazus\SC\TRN.mdb\hzBusFlty,Address,-1,-1,I:\MB7\Projects\SpIT\STICS_Pacheco\Hazus\SD\TRN.mdb\hzBusFlty,Address,-1,-1,I:\MB7\Projects\SpIT\STICS_Pacheco\Hazus\TN\TRN.mdb\hzBusFlty,Address,-1,-1,I:\MB7\Projects\SpIT\STICS_Pacheco\Hazus\TX\TRN.mdb\hzBusFlty,Address,-1,-1,I:\MB7\Projects\SpIT\STICS_Pacheco\Hazus\UT\TRN.mdb\hzBusFlty,Address,-1,-1,I:\MB7\Projects\SpIT\STICS_Pacheco\Hazus\VA\TRN.mdb\hzBusFlty,Address,-1,-1,I:\MB7\Projects\SpIT\STICS_Pacheco\Hazus\VT\TRN.mdb\hzBusFlty,Address,-1,-1,I:\MB7\Projects\SpIT\STICS_Pacheco\Hazus\WA\TRN.mdb\hzBusFlty,Address,-1,-1,I:\MB7\Projects\SpIT\STICS_Pacheco\Hazus\WI\TRN.mdb\hzBusFlty,Address,-1,-1,I:\MB7\Projects\SpIT\STICS_Pacheco\Hazus\WV\TRN.mdb\hzBusFlty,Address,-1,-1,I:\MB7\Projects\SpIT\STICS_Pacheco\Hazus\WY\TRN.mdb\hzBusFlty,Address,-1,-1;City "City" true true false 40 Text 0 0 ,First,#,I:\MB7\Projects\SpIT\STICS_Pacheco\Hazus\AK\TRN.mdb\hzBusFlty,City,-1,-1,I:\MB7\Projects\SpIT\STICS_Pacheco\Hazus\AL\TRN.mdb\hzBusFlty,City,-1,-1,I:\MB7\Projects\SpIT\STICS_Pacheco\Hazus\AR\TRN.mdb\hzBusFlty,City,-1,-1,I:\MB7\Projects\SpIT\STICS_Pacheco\Hazus\AZ\TRN.mdb\hzBusFlty,City,-1,-1,I:\MB7\Projects\SpIT\STICS_Pacheco\Hazus\CA\TRN.mdb\hzBusFlty,City,-1,-1,I:\MB7\Projects\SpIT\STICS_Pacheco\Hazus\CO\TRN.mdb\hzBusFlty,City,-1,-1,I:\MB7\Projects\SpIT\STICS_Pacheco\Hazus\CT\TRN.mdb\hzBusFlty,City,-1,-1,I:\MB7\Projects\SpIT\STICS_Pacheco\Hazus\DC\TRN.mdb\hzBusFlty,City,-1,-1,I:\MB7\Projects\SpIT\STICS_Pacheco\Hazus\DE\TRN.mdb\hzBusFlty,City,-1,-1,I:\MB7\Projects\SpIT\STICS_Pacheco\Hazus\FL\TRN.mdb\hzBusFlty,City,-1,-1,I:\MB7\Projects\SpIT\STICS_Pacheco\Hazus\GA\TRN.mdb\hzBusFlty,City,-1,-1,I:\MB7\Projects\SpIT\STICS_Pacheco\Hazus\HI\TRN.mdb\hzBusFlty,City,-1,-1,I:\MB7\Projects\SpIT\STICS_Pacheco\Hazus\IA\TRN.mdb\hzBusFlty,City,-1,-1,I:\MB7\Projects\SpIT\STICS_Pacheco\Hazus\ID\TRN.mdb\hzBusFlty,City,-1,-1,I:\MB7\Projects\SpIT\STICS_Pacheco\Hazus\IL\TRN.mdb\hzBusFlty,City,-1,-1,I:\MB7\Projects\SpIT\STICS_Pacheco\Hazus\IN\TRN.mdb\hzBusFlty,City,-1,-1,I:\MB7\Projects\SpIT\STICS_Pacheco\Hazus\KS\TRN.mdb\hzBusFlty,City,-1,-1,I:\MB7\Projects\SpIT\STICS_Pacheco\Hazus\KY\TRN.mdb\hzBusFlty,City,-1,-1,I:\MB7\Projects\SpIT\STICS_Pacheco\Hazus\LA\TRN.mdb\hzBusFlty,City,-1,-1,I:\MB7\Projects\SpIT\STICS_Pacheco\Hazus\MA\TRN.mdb\hzBusFlty,City,-1,-1,I:\MB7\Projects\SpIT\STICS_Pacheco\Hazus\MD\TRN.mdb\hzBusFlty,City,-1,-1,I:\MB7\Projects\SpIT\STICS_Pacheco\Hazus\ME\TRN.mdb\hzBusFlty,City,-1,-1,I:\MB7\Projects\SpIT\STICS_Pacheco\Hazus\MI\TRN.mdb\hzBusFlty,City,-1,-1,I:\MB7\Projects\SpIT\STICS_Pacheco\Hazus\MN\TRN.mdb\hzBusFlty,City,-1,-1,I:\MB7\Projects\SpIT\STICS_Pacheco\Hazus\MO\TRN.mdb\hzBusFlty,City,-1,-1,I:\MB7\Projects\SpIT\STICS_Pacheco\Hazus\MS\TRN.mdb\hzBusFlty,City,-1,-1,I:\MB7\Projects\SpIT\STICS_Pacheco\Hazus\MT\TRN.mdb\hzBusFlty,City,-1,-1,I:\MB7\Projects\SpIT\STICS_Pacheco\Hazus\NC\TRN.mdb\hzBusFlty,City,-1,-1,I:\MB7\Projects\SpIT\STICS_Pacheco\Hazus\ND\TRN.mdb\hzBusFlty,City,-1,-1,I:\MB7\Projects\SpIT\STICS_Pacheco\Hazus\NE\TRN.mdb\hzBusFlty,City,-1,-1,I:\MB7\Projects\SpIT\STICS_Pacheco\Hazus\NH\TRN.mdb\hzBusFlty,City,-1,-1,I:\MB7\Projects\SpIT\STICS_Pacheco\Hazus\NJ\TRN.mdb\hzBusFlty,City,-1,-1,I:\MB7\Projects\SpIT\STICS_Pacheco\Hazus\NM\TRN.mdb\hzBusFlty,City,-1,-1,I:\MB7\Projects\SpIT\STICS_Pacheco\Hazus\NV\TRN.mdb\hzBusFlty,City,-1,-1,I:\MB7\Projects\SpIT\STICS_Pacheco\Hazus\NY\TRN.mdb\hzBusFlty,City,-1,-1,I:\MB7\Projects\SpIT\STICS_Pacheco\Hazus\OH\TRN.mdb\hzBusFlty,City,-1,-1,I:\MB7\Projects\SpIT\STICS_Pacheco\Hazus\OK\TRN.mdb\hzBusFlty,City,-1,-1,I:\MB7\Projects\SpIT\STICS_Pacheco\Hazus\OR\TRN.mdb\hzBusFlty,City,-1,-1,I:\MB7\Projects\SpIT\STICS_Pacheco\Hazus\PA\TRN.mdb\hzBusFlty,City,-1,-1,I:\MB7\Projects\SpIT\STICS_Pacheco\Hazus\PR\TRN.mdb\hzBusFlty,City,-1,-1,I:\MB7\Projects\SpIT\STICS_Pacheco\Hazus\RI\TRN.mdb\hzBusFlty,City,-1,-1,I:\MB7\Projects\SpIT\STICS_Pacheco\Hazus\SC\TRN.mdb\hzBusFlty,City,-1,-1,I:\MB7\Projects\SpIT\STICS_Pacheco\Hazus\SD\TRN.mdb\hzBusFlty,City,-1,-1,I:\MB7\Projects\SpIT\STICS_Pacheco\Hazus\TN\TRN.mdb\hzBusFlty,City,-1,-1,I:\MB7\Projects\SpIT\STICS_Pacheco\Hazus\TX\TRN.mdb\hzBusFlty,City,-1,-1,I:\MB7\Projects\SpIT\STICS_Pacheco\Hazus\UT\TRN.mdb\hzBusFlty,City,-1,-1,I:\MB7\Projects\SpIT\STICS_Pacheco\Hazus\VA\TRN.mdb\hzBusFlty,City,-1,-1,I:\MB7\Projects\SpIT\STICS_Pacheco\Hazus\VT\TRN.mdb\hzBusFlty,City,-1,-1,I:\MB7\Projects\SpIT\STICS_Pacheco\Hazus\WA\TRN.mdb\hzBusFlty,City,-1,-1,I:\MB7\Projects\SpIT\STICS_Pacheco\Hazus\WI\TRN.mdb\hzBusFlty,City,-1,-1,I:\MB7\Projects\SpIT\STICS_Pacheco\Hazus\WV\TRN.mdb\hzBusFlty,City,-1,-1,I:\MB7\Projects\SpIT\STICS_Pacheco\Hazus\WY\TRN.mdb\hzBusFlty,City,-1,-1;Statea "Statea" true true false 2 Text 0 0 ,First,#,I:\MB7\Projects\SpIT\STICS_Pacheco\Hazus\AK\TRN.mdb\hzBusFlty,Statea,-1,-1,I:\MB7\Projects\SpIT\STICS_Pacheco\Hazus\AL\TRN.mdb\hzBusFlty,Statea,-1,-1,I:\MB7\Projects\SpIT\STICS_Pacheco\Hazus\AR\TRN.mdb\hzBusFlty,Statea,-1,-1,I:\MB7\Projects\SpIT\STICS_Pacheco\Hazus\AZ\TRN.mdb\hzBusFlty,Statea,-1,-1,I:\MB7\Projects\SpIT\STICS_Pacheco\Hazus\CA\TRN.mdb\hzBusFlty,Statea,-1,-1,I:\MB7\Projects\SpIT\STICS_Pacheco\Hazus\CO\TRN.mdb\hzBusFlty,Statea,-1,-1,I:\MB7\Projects\SpIT\STICS_Pacheco\Hazus\CT\TRN.mdb\hzBusFlty,Statea,-1,-1,I:\MB7\Projects\SpIT\STICS_Pacheco\Hazus\DC\TRN.mdb\hzBusFlty,Statea,-1,-1,I:\MB7\Projects\SpIT\STICS_Pacheco\Hazus\DE\TRN.mdb\hzBusFlty,Statea,-1,-1,I:\MB7\Projects\SpIT\STICS_Pacheco\Hazus\FL\TRN.mdb\hzBusFlty,Statea,-1,-1,I:\MB7\Projects\SpIT\STICS_Pacheco\Hazus\GA\TRN.mdb\hzBusFlty,Statea,-1,-1,I:\MB7\Projects\SpIT\STICS_Pacheco\Hazus\HI\TRN.mdb\hzBusFlty,Statea,-1,-1,I:\MB7\Projects\SpIT\STICS_Pacheco\Hazus\IA\TRN.mdb\hzBusFlty,Statea,-1,-1,I:\MB7\Projects\SpIT\STICS_Pacheco\Hazus\ID\TRN.mdb\hzBusFlty,Statea,-1,-1,I:\MB7\Projects\SpIT\STICS_Pacheco\Hazus\IL\TRN.mdb\hzBusFlty,Statea,-1,-1,I:\MB7\Projects\SpIT\STICS_Pacheco\Hazus\IN\TRN.mdb\hzBusFlty,Statea,-1,-1,I:\MB7\Projects\SpIT\STICS_Pacheco\Hazus\KS\TRN.mdb\hzBusFlty,Statea,-1,-1,I:\MB7\Projects\SpIT\STICS_Pacheco\Hazus\KY\TRN.mdb\hzBusFlty,Statea,-1,-1,I:\MB7\Projects\SpIT\STICS_Pacheco\Hazus\LA\TRN.mdb\hzBusFlty,Statea,-1,-1,I:\MB7\Projects\SpIT\STICS_Pacheco\Hazus\MA\TRN.mdb\hzBusFlty,Statea,-1,-1,I:\MB7\Projects\SpIT\STICS_Pacheco\Hazus\MD\TRN.mdb\hzBusFlty,Statea,-1,-1,I:\MB7\Projects\SpIT\STICS_Pacheco\Hazus\ME\TRN.mdb\hzBusFlty,Statea,-1,-1,I:\MB7\Projects\SpIT\STICS_Pacheco\Hazus\MI\TRN.mdb\hzBusFlty,Statea,-1,-1,I:\MB7\Projects\SpIT\STICS_Pacheco\Hazus\MN\TRN.mdb\hzBusFlty,Statea,-1,-1,I:\MB7\Projects\SpIT\STICS_Pacheco\Hazus\MO\TRN.mdb\hzBusFlty,Statea,-1,-1,I:\MB7\Projects\SpIT\STICS_Pacheco\Hazus\MS\TRN.mdb\hzBusFlty,Statea,-1,-1,I:\MB7\Projects\SpIT\STICS_Pacheco\Hazus\MT\TRN.mdb\hzBusFlty,Statea,-1,-1,I:\MB7\Projects\SpIT\STICS_Pacheco\Hazus\NC\TRN.mdb\hzBusFlty,Statea,-1,-1,I:\MB7\Projects\SpIT\STICS_Pacheco\Hazus\ND\TRN.mdb\hzBusFlty,Statea,-1,-1,I:\MB7\Projects\SpIT\STICS_Pacheco\Hazus\NE\TRN.mdb\hzBusFlty,Statea,-1,-1,I:\MB7\Projects\SpIT\STICS_Pacheco\Hazus\NH\TRN.mdb\hzBusFlty,Statea,-1,-1,I:\MB7\Projects\SpIT\STICS_Pacheco\Hazus\NJ\TRN.mdb\hzBusFlty,Statea,-1,-1,I:\MB7\Projects\SpIT\STICS_Pacheco\Hazus\NM\TRN.mdb\hzBusFlty,Statea,-1,-1,I:\MB7\Projects\SpIT\STICS_Pacheco\Hazus\NV\TRN.mdb\hzBusFlty,Statea,-1,-1,I:\MB7\Projects\SpIT\STICS_Pacheco\Hazus\NY\TRN.mdb\hzBusFlty,Statea,-1,-1,I:\MB7\Projects\SpIT\STICS_Pacheco\Hazus\OH\TRN.mdb\hzBusFlty,Statea,-1,-1,I:\MB7\Projects\SpIT\STICS_Pacheco\Hazus\OK\TRN.mdb\hzBusFlty,Statea,-1,-1,I:\MB7\Projects\SpIT\STICS_Pacheco\Hazus\OR\TRN.mdb\hzBusFlty,Statea,-1,-1,I:\MB7\Projects\SpIT\STICS_Pacheco\Hazus\PA\TRN.mdb\hzBusFlty,Statea,-1,-1,I:\MB7\Projects\SpIT\STICS_Pacheco\Hazus\PR\TRN.mdb\hzBusFlty,Statea,-1,-1,I:\MB7\Projects\SpIT\STICS_Pacheco\Hazus\RI\TRN.mdb\hzBusFlty,Statea,-1,-1,I:\MB7\Projects\SpIT\STICS_Pacheco\Hazus\SC\TRN.mdb\hzBusFlty,Statea,-1,-1,I:\MB7\Projects\SpIT\STICS_Pacheco\Hazus\SD\TRN.mdb\hzBusFlty,Statea,-1,-1,I:\MB7\Projects\SpIT\STICS_Pacheco\Hazus\TN\TRN.mdb\hzBusFlty,Statea,-1,-1,I:\MB7\Projects\SpIT\STICS_Pacheco\Hazus\TX\TRN.mdb\hzBusFlty,Statea,-1,-1,I:\MB7\Projects\SpIT\STICS_Pacheco\Hazus\UT\TRN.mdb\hzBusFlty,Statea,-1,-1,I:\MB7\Projects\SpIT\STICS_Pacheco\Hazus\VA\TRN.mdb\hzBusFlty,Statea,-1,-1,I:\MB7\Projects\SpIT\STICS_Pacheco\Hazus\VT\TRN.mdb\hzBusFlty,Statea,-1,-1,I:\MB7\Projects\SpIT\STICS_Pacheco\Hazus\WA\TRN.mdb\hzBusFlty,Statea,-1,-1,I:\MB7\Projects\SpIT\STICS_Pacheco\Hazus\WI\TRN.mdb\hzBusFlty,Statea,-1,-1,I:\MB7\Projects\SpIT\STICS_Pacheco\Hazus\WV\TRN.mdb\hzBusFlty,Statea,-1,-1,I:\MB7\Projects\SpIT\STICS_Pacheco\Hazus\WY\TRN.mdb\hzBusFlty,Statea,-1,-1;Zipcode "Zipcode" true true false 10 Text 0 0 ,First,#,I:\MB7\Projects\SpIT\STICS_Pacheco\Hazus\AK\TRN.mdb\hzBusFlty,Zipcode,-1,-1,I:\MB7\Projects\SpIT\STICS_Pacheco\Hazus\AL\TRN.mdb\hzBusFlty,Zipcode,-1,-1,I:\MB7\Projects\SpIT\STICS_Pacheco\Hazus\AR\TRN.mdb\hzBusFlty,Zipcode,-1,-1,I:\MB7\Projects\SpIT\STICS_Pacheco\Hazus\AZ\TRN.mdb\hzBusFlty,Zipcode,-1,-1,I:\MB7\Projects\SpIT\STICS_Pacheco\Hazus\CA\TRN.mdb\hzBusFlty,Zipcode,-1,-1,I:\MB7\Projects\SpIT\STICS_Pacheco\Hazus\CO\TRN.mdb\hzBusFlty,Zipcode,-1,-1,I:\MB7\Projects\SpIT\STICS_Pacheco\Hazus\CT\TRN.mdb\hzBusFlty,Zipcode,-1,-1,I:\MB7\Projects\SpIT\STICS_Pacheco\Hazus\DC\TRN.mdb\hzBusFlty,Zipcode,-1,-1,I:\MB7\Projects\SpIT\STICS_Pacheco\Hazus\DE\TRN.mdb\hzBusFlty,Zipcode,-1,-1,I:\MB7\Projects\SpIT\STICS_Pacheco\Hazus\FL\TRN.mdb\hzBusFlty,Zipcode,-1,-1,I:\MB7\Projects\SpIT\STICS_Pacheco\Hazus\GA\TRN.mdb\hzBusFlty,Zipcode,-1,-1,I:\MB7\Projects\SpIT\STICS_Pacheco\Hazus\HI\TRN.mdb\hzBusFlty,Zipcode,-1,-1,I:\MB7\Projects\SpIT\STICS_Pacheco\Hazus\IA\TRN.mdb\hzBusFlty,Zipcode,-1,-1,I:\MB7\Projects\SpIT\STICS_Pacheco\Hazus\ID\TRN.mdb\hzBusFlty,Zipcode,-1,-1,I:\MB7\Projects\SpIT\STICS_Pacheco\Hazus\IL\TRN.mdb\hzBusFlty,Zipcode,-1,-1,I:\MB7\Projects\SpIT\STICS_Pacheco\Hazus\IN\TRN.mdb\hzBusFlty,Zipcode,-1,-1,I:\MB7\Projects\SpIT\STICS_Pacheco\Hazus\KS\TRN.mdb\hzBusFlty,Zipcode,-1,-1,I:\MB7\Projects\SpIT\STICS_Pacheco\Hazus\KY\TRN.mdb\hzBusFlty,Zipcode,-1,-1,I:\MB7\Projects\SpIT\STICS_Pacheco\Hazus\LA\TRN.mdb\hzBusFlty,Zipcode,-1,-1,I:\MB7\Projects\SpIT\STICS_Pacheco\Hazus\MA\TRN.mdb\hzBusFlty,Zipcode,-1,-1,I:\MB7\Projects\SpIT\STICS_Pacheco\Hazus\MD\TRN.mdb\hzBusFlty,Zipcode,-1,-1,I:\MB7\Projects\SpIT\STICS_Pacheco\Hazus\ME\TRN.mdb\hzBusFlty,Zipcode,-1,-1,I:\MB7\Projects\SpIT\STICS_Pacheco\Hazus\MI\TRN.mdb\hzBusFlty,Zipcode,-1,-1,I:\MB7\Projects\SpIT\STICS_Pacheco\Hazus\MN\TRN.mdb\hzBusFlty,Zipcode,-1,-1,I:\MB7\Projects\SpIT\STICS_Pacheco\Hazus\MO\TRN.mdb\hzBusFlty,Zipcode,-1,-1,I:\MB7\Projects\SpIT\STICS_Pacheco\Hazus\MS\TRN.mdb\hzBusFlty,Zipcode,-1,-1,I:\MB7\Projects\SpIT\STICS_Pacheco\Hazus\MT\TRN.mdb\hzBusFlty,Zipcode,-1,-1,I:\MB7\Projects\SpIT\STICS_Pacheco\Hazus\NC\TRN.mdb\hzBusFlty,Zipcode,-1,-1,I:\MB7\Projects\SpIT\STICS_Pacheco\Hazus\ND\TRN.mdb\hzBusFlty,Zipcode,-1,-1,I:\MB7\Projects\SpIT\STICS_Pacheco\Hazus\NE\TRN.mdb\hzBusFlty,Zipcode,-1,-1,I:\MB7\Projects\SpIT\STICS_Pacheco\Hazus\NH\TRN.mdb\hzBusFlty,Zipcode,-1,-1,I:\MB7\Projects\SpIT\STICS_Pacheco\Hazus\NJ\TRN.mdb\hzBusFlty,Zipcode,-1,-1,I:\MB7\Projects\SpIT\STICS_Pacheco\Hazus\NM\TRN.mdb\hzBusFlty,Zipcode,-1,-1,I:\MB7\Projects\SpIT\STICS_Pacheco\Hazus\NV\TRN.mdb\hzBusFlty,Zipcode,-1,-1,I:\MB7\Projects\SpIT\STICS_Pacheco\Hazus\NY\TRN.mdb\hzBusFlty,Zipcode,-1,-1,I:\MB7\Projects\SpIT\STICS_Pacheco\Hazus\OH\TRN.mdb\hzBusFlty,Zipcode,-1,-1,I:\MB7\Projects\SpIT\STICS_Pacheco\Hazus\OK\TRN.mdb\hzBusFlty,Zipcode,-1,-1,I:\MB7\Projects\SpIT\STICS_Pacheco\Hazus\OR\TRN.mdb\hzBusFlty,Zipcode,-1,-1,I:\MB7\Projects\SpIT\STICS_Pacheco\Hazus\PA\TRN.mdb\hzBusFlty,Zipcode,-1,-1,I:\MB7\Projects\SpIT\STICS_Pacheco\Hazus\PR\TRN.mdb\hzBusFlty,Zipcode,-1,-1,I:\MB7\Projects\SpIT\STICS_Pacheco\Hazus\RI\TRN.mdb\hzBusFlty,Zipcode,-1,-1,I:\MB7\Projects\SpIT\STICS_Pacheco\Hazus\SC\TRN.mdb\hzBusFlty,Zipcode,-1,-1,I:\MB7\Projects\SpIT\STICS_Pacheco\Hazus\SD\TRN.mdb\hzBusFlty,Zipcode,-1,-1,I:\MB7\Projects\SpIT\STICS_Pacheco\Hazus\TN\TRN.mdb\hzBusFlty,Zipcode,-1,-1,I:\MB7\Projects\SpIT\STICS_Pacheco\Hazus\TX\TRN.mdb\hzBusFlty,Zipcode,-1,-1,I:\MB7\Projects\SpIT\STICS_Pacheco\Hazus\UT\TRN.mdb\hzBusFlty,Zipcode,-1,-1,I:\MB7\Projects\SpIT\STICS_Pacheco\Hazus\VA\TRN.mdb\hzBusFlty,Zipcode,-1,-1,I:\MB7\Projects\SpIT\STICS_Pacheco\Hazus\VT\TRN.mdb\hzBusFlty,Zipcode,-1,-1,I:\MB7\Projects\SpIT\STICS_Pacheco\Hazus\WA\TRN.mdb\hzBusFlty,Zipcode,-1,-1,I:\MB7\Projects\SpIT\STICS_Pacheco\Hazus\WI\TRN.mdb\hzBusFlty,Zipcode,-1,-1,I:\MB7\Projects\SpIT\STICS_Pacheco\Hazus\WV\TRN.mdb\hzBusFlty,Zipcode,-1,-1,I:\MB7\Projects\SpIT\STICS_Pacheco\Hazus\WY\TRN.mdb\hzBusFlty,Zipcode,-1,-1;Owner "Owner" true true false 25 Text 0 0 ,First,#,I:\MB7\Projects\SpIT\STICS_Pacheco\Hazus\AK\TRN.mdb\hzBusFlty,Owner,-1,-1,I:\MB7\Projects\SpIT\STICS_Pacheco\Hazus\AL\TRN.mdb\hzBusFlty,Owner,-1,-1,I:\MB7\Projects\SpIT\STICS_Pacheco\Hazus\AR\TRN.mdb\hzBusFlty,Owner,-1,-1,I:\MB7\Projects\SpIT\STICS_Pacheco\Hazus\AZ\TRN.mdb\hzBusFlty,Owner,-1,-1,I:\MB7\Projects\SpIT\STICS_Pacheco\Hazus\CA\TRN.mdb\hzBusFlty,Owner,-1,-1,I:\MB7\Projects\SpIT\STICS_Pacheco\Hazus\CO\TRN.mdb\hzBusFlty,Owner,-1,-1,I:\MB7\Projects\SpIT\STICS_Pacheco\Hazus\CT\TRN.mdb\hzBusFlty,Owner,-1,-1,I:\MB7\Projects\SpIT\STICS_Pacheco\Hazus\DC\TRN.mdb\hzBusFlty,Owner,-1,-1,I:\MB7\Projects\SpIT\STICS_Pacheco\Hazus\DE\TRN.mdb\hzBusFlty,Owner,-1,-1,I:\MB7\Projects\SpIT\STICS_Pacheco\Hazus\FL\TRN.mdb\hzBusFlty,Owner,-1,-1,I:\MB7\Projects\SpIT\STICS_Pacheco\Hazus\GA\TRN.mdb\hzBusFlty,Owner,-1,-1,I:\MB7\Projects\SpIT\STICS_Pacheco\Hazus\HI\TRN.mdb\hzBusFlty,Owner,-1,-1,I:\MB7\Projects\SpIT\STICS_Pacheco\Hazus\IA\TRN.mdb\hzBusFlty,Owner,-1,-1,I:\MB7\Projects\SpIT\STICS_Pacheco\Hazus\ID\TRN.mdb\hzBusFlty,Owner,-1,-1,I:\MB7\Projects\SpIT\STICS_Pacheco\Hazus\IL\TRN.mdb\hzBusFlty,Owner,-1,-1,I:\MB7\Projects\SpIT\STICS_Pacheco\Hazus\IN\TRN.mdb\hzBusFlty,Owner,-1,-1,I:\MB7\Projects\SpIT\STICS_Pacheco\Hazus\KS\TRN.mdb\hzBusFlty,Owner,-1,-1,I:\MB7\Projects\SpIT\STICS_Pacheco\Hazus\KY\TRN.mdb\hzBusFlty,Owner,-1,-1,I:\MB7\Projects\SpIT\STICS_Pacheco\Hazus\LA\TRN.mdb\hzBusFlty,Owner,-1,-1,I:\MB7\Projects\SpIT\STICS_Pacheco\Hazus\MA\TRN.mdb\hzBusFlty,Owner,-1,-1,I:\MB7\Projects\SpIT\STICS_Pacheco\Hazus\MD\TRN.mdb\hzBusFlty,Owner,-1,-1,I:\MB7\Projects\SpIT\STICS_Pacheco\Hazus\ME\TRN.mdb\hzBusFlty,Owner,-1,-1,I:\MB7\Projects\SpIT\STICS_Pacheco\Hazus\MI\TRN.mdb\hzBusFlty,Owner,-1,-1,I:\MB7\Projects\SpIT\STICS_Pacheco\Hazus\MN\TRN.mdb\hzBusFlty,Owner,-1,-1,I:\MB7\Projects\SpIT\STICS_Pacheco\Hazus\MO\TRN.mdb\hzBusFlty,Owner,-1,-1,I:\MB7\Projects\SpIT\STICS_Pacheco\Hazus\MS\TRN.mdb\hzBusFlty,Owner,-1,-1,I:\MB7\Projects\SpIT\STICS_Pacheco\Hazus\MT\TRN.mdb\hzBusFlty,Owner,-1,-1,I:\MB7\Projects\SpIT\STICS_Pacheco\Hazus\NC\TRN.mdb\hzBusFlty,Owner,-1,-1,I:\MB7\Projects\SpIT\STICS_Pacheco\Hazus\ND\TRN.mdb\hzBusFlty,Owner,-1,-1,I:\MB7\Projects\SpIT\STICS_Pacheco\Hazus\NE\TRN.mdb\hzBusFlty,Owner,-1,-1,I:\MB7\Projects\SpIT\STICS_Pacheco\Hazus\NH\TRN.mdb\hzBusFlty,Owner,-1,-1,I:\MB7\Projects\SpIT\STICS_Pacheco\Hazus\NJ\TRN.mdb\hzBusFlty,Owner,-1,-1,I:\MB7\Projects\SpIT\STICS_Pacheco\Hazus\NM\TRN.mdb\hzBusFlty,Owner,-1,-1,I:\MB7\Projects\SpIT\STICS_Pacheco\Hazus\NV\TRN.mdb\hzBusFlty,Owner,-1,-1,I:\MB7\Projects\SpIT\STICS_Pacheco\Hazus\NY\TRN.mdb\hzBusFlty,Owner,-1,-1,I:\MB7\Projects\SpIT\STICS_Pacheco\Hazus\OH\TRN.mdb\hzBusFlty,Owner,-1,-1,I:\MB7\Projects\SpIT\STICS_Pacheco\Hazus\OK\TRN.mdb\hzBusFlty,Owner,-1,-1,I:\MB7\Projects\SpIT\STICS_Pacheco\Hazus\OR\TRN.mdb\hzBusFlty,Owner,-1,-1,I:\MB7\Projects\SpIT\STICS_Pacheco\Hazus\PA\TRN.mdb\hzBusFlty,Owner,-1,-1,I:\MB7\Projects\SpIT\STICS_Pacheco\Hazus\PR\TRN.mdb\hzBusFlty,Owner,-1,-1,I:\MB7\Projects\SpIT\STICS_Pacheco\Hazus\RI\TRN.mdb\hzBusFlty,Owner,-1,-1,I:\MB7\Projects\SpIT\STICS_Pacheco\Hazus\SC\TRN.mdb\hzBusFlty,Owner,-1,-1,I:\MB7\Projects\SpIT\STICS_Pacheco\Hazus\SD\TRN.mdb\hzBusFlty,Owner,-1,-1,I:\MB7\Projects\SpIT\STICS_Pacheco\Hazus\TN\TRN.mdb\hzBusFlty,Owner,-1,-1,I:\MB7\Projects\SpIT\STICS_Pacheco\Hazus\TX\TRN.mdb\hzBusFlty,Owner,-1,-1,I:\MB7\Projects\SpIT\STICS_Pacheco\Hazus\UT\TRN.mdb\hzBusFlty,Owner,-1,-1,I:\MB7\Projects\SpIT\STICS_Pacheco\Hazus\VA\TRN.mdb\hzBusFlty,Owner,-1,-1,I:\MB7\Projects\SpIT\STICS_Pacheco\Hazus\VT\TRN.mdb\hzBusFlty,Owner,-1,-1,I:\MB7\Projects\SpIT\STICS_Pacheco\Hazus\WA\TRN.mdb\hzBusFlty,Owner,-1,-1,I:\MB7\Projects\SpIT\STICS_Pacheco\Hazus\WI\TRN.mdb\hzBusFlty,Owner,-1,-1,I:\MB7\Projects\SpIT\STICS_Pacheco\Hazus\WV\TRN.mdb\hzBusFlty,Owner,-1,-1,I:\MB7\Projects\SpIT\STICS_Pacheco\Hazus\WY\TRN.mdb\hzBusFlty,Owner,-1,-1;Contact "Contact" true true false 40 Text 0 0 ,First,#,I:\MB7\Projects\SpIT\STICS_Pacheco\Hazus\AK\TRN.mdb\hzBusFlty,Contact,-1,-1,I:\MB7\Projects\SpIT\STICS_Pacheco\Hazus\AL\TRN.mdb\hzBusFlty,Contact,-1,-1,I:\MB7\Projects\SpIT\STICS_Pacheco\Hazus\AR\TRN.mdb\hzBusFlty,Contact,-1,-1,I:\MB7\Projects\SpIT\STICS_Pacheco\Hazus\AZ\TRN.mdb\hzBusFlty,Contact,-1,-1,I:\MB7\Projects\SpIT\STICS_Pacheco\Hazus\CA\TRN.mdb\hzBusFlty,Contact,-1,-1,I:\MB7\Projects\SpIT\STICS_Pacheco\Hazus\CO\TRN.mdb\hzBusFlty,Contact,-1,-1,I:\MB7\Projects\SpIT\STICS_Pacheco\Hazus\CT\TRN.mdb\hzBusFlty,Contact,-1,-1,I:\MB7\Projects\SpIT\STICS_Pacheco\Hazus\DC\TRN.mdb\hzBusFlty,Contact,-1,-1,I:\MB7\Projects\SpIT\STICS_Pacheco\Hazus\DE\TRN.mdb\hzBusFlty,Contact,-1,-1,I:\MB7\Projects\SpIT\STICS_Pacheco\Hazus\FL\TRN.mdb\hzBusFlty,Contact,-1,-1,I:\MB7\Projects\SpIT\STICS_Pacheco\Hazus\GA\TRN.mdb\hzBusFlty,Contact,-1,-1,I:\MB7\Projects\SpIT\STICS_Pacheco\Hazus\HI\TRN.mdb\hzBusFlty,Contact,-1,-1,I:\MB7\Projects\SpIT\STICS_Pacheco\Hazus\IA\TRN.mdb\hzBusFlty,Contact,-1,-1,I:\MB7\Projects\SpIT\STICS_Pacheco\Hazus\ID\TRN.mdb\hzBusFlty,Contact,-1,-1,I:\MB7\Projects\SpIT\STICS_Pacheco\Hazus\IL\TRN.mdb\hzBusFlty,Contact,-1,-1,I:\MB7\Projects\SpIT\STICS_Pacheco\Hazus\IN\TRN.mdb\hzBusFlty,Contact,-1,-1,I:\MB7\Projects\SpIT\STICS_Pacheco\Hazus\KS\TRN.mdb\hzBusFlty,Contact,-1,-1,I:\MB7\Projects\SpIT\STICS_Pacheco\Hazus\KY\TRN.mdb\hzBusFlty,Contact,-1,-1,I:\MB7\Projects\SpIT\STICS_Pacheco\Hazus\LA\TRN.mdb\hzBusFlty,Contact,-1,-1,I:\MB7\Projects\SpIT\STICS_Pacheco\Hazus\MA\TRN.mdb\hzBusFlty,Contact,-1,-1,I:\MB7\Projects\SpIT\STICS_Pacheco\Hazus\MD\TRN.mdb\hzBusFlty,Contact,-1,-1,I:\MB7\Projects\SpIT\STICS_Pacheco\Hazus\ME\TRN.mdb\hzBusFlty,Contact,-1,-1,I:\MB7\Projects\SpIT\STICS_Pacheco\Hazus\MI\TRN.mdb\hzBusFlty,Contact,-1,-1,I:\MB7\Projects\SpIT\STICS_Pacheco\Hazus\MN\TRN.mdb\hzBusFlty,Contact,-1,-1,I:\MB7\Projects\SpIT\STICS_Pacheco\Hazus\MO\TRN.mdb\hzBusFlty,Contact,-1,-1,I:\MB7\Projects\SpIT\STICS_Pacheco\Hazus\MS\TRN.mdb\hzBusFlty,Contact,-1,-1,I:\MB7\Projects\SpIT\STICS_Pacheco\Hazus\MT\TRN.mdb\hzBusFlty,Contact,-1,-1,I:\MB7\Projects\SpIT\STICS_Pacheco\Hazus\NC\TRN.mdb\hzBusFlty,Contact,-1,-1,I:\MB7\Projects\SpIT\STICS_Pacheco\Hazus\ND\TRN.mdb\hzBusFlty,Contact,-1,-1,I:\MB7\Projects\SpIT\STICS_Pacheco\Hazus\NE\TRN.mdb\hzBusFlty,Contact,-1,-1,I:\MB7\Projects\SpIT\STICS_Pacheco\Hazus\NH\TRN.mdb\hzBusFlty,Contact,-1,-1,I:\MB7\Projects\SpIT\STICS_Pacheco\Hazus\NJ\TRN.mdb\hzBusFlty,Contact,-1,-1,I:\MB7\Projects\SpIT\STICS_Pacheco\Hazus\NM\TRN.mdb\hzBusFlty,Contact,-1,-1,I:\MB7\Projects\SpIT\STICS_Pacheco\Hazus\NV\TRN.mdb\hzBusFlty,Contact,-1,-1,I:\MB7\Projects\SpIT\STICS_Pacheco\Hazus\NY\TRN.mdb\hzBusFlty,Contact,-1,-1,I:\MB7\Projects\SpIT\STICS_Pacheco\Hazus\OH\TRN.mdb\hzBusFlty,Contact,-1,-1,I:\MB7\Projects\SpIT\STICS_Pacheco\Hazus\OK\TRN.mdb\hzBusFlty,Contact,-1,-1,I:\MB7\Projects\SpIT\STICS_Pacheco\Hazus\OR\TRN.mdb\hzBusFlty,Contact,-1,-1,I:\MB7\Projects\SpIT\STICS_Pacheco\Hazus\PA\TRN.mdb\hzBusFlty,Contact,-1,-1,I:\MB7\Projects\SpIT\STICS_Pacheco\Hazus\PR\TRN.mdb\hzBusFlty,Contact,-1,-1,I:\MB7\Projects\SpIT\STICS_Pacheco\Hazus\RI\TRN.mdb\hzBusFlty,Contact,-1,-1,I:\MB7\Projects\SpIT\STICS_Pacheco\Hazus\SC\TRN.mdb\hzBusFlty,Contact,-1,-1,I:\MB7\Projects\SpIT\STICS_Pacheco\Hazus\SD\TRN.mdb\hzBusFlty,Contact,-1,-1,I:\MB7\Projects\SpIT\STICS_Pacheco\Hazus\TN\TRN.mdb\hzBusFlty,Contact,-1,-1,I:\MB7\Projects\SpIT\STICS_Pacheco\Hazus\TX\TRN.mdb\hzBusFlty,Contact,-1,-1,I:\MB7\Projects\SpIT\STICS_Pacheco\Hazus\UT\TRN.mdb\hzBusFlty,Contact,-1,-1,I:\MB7\Projects\SpIT\STICS_Pacheco\Hazus\VA\TRN.mdb\hzBusFlty,Contact,-1,-1,I:\MB7\Projects\SpIT\STICS_Pacheco\Hazus\VT\TRN.mdb\hzBusFlty,Contact,-1,-1,I:\MB7\Projects\SpIT\STICS_Pacheco\Hazus\WA\TRN.mdb\hzBusFlty,Contact,-1,-1,I:\MB7\Projects\SpIT\STICS_Pacheco\Hazus\WI\TRN.mdb\hzBusFlty,Contact,-1,-1,I:\MB7\Projects\SpIT\STICS_Pacheco\Hazus\WV\TRN.mdb\hzBusFlty,Contact,-1,-1,I:\MB7\Projects\SpIT\STICS_Pacheco\Hazus\WY\TRN.mdb\hzBusFlty,Contact,-1,-1;PhoneNumbe "PhoneNumbe" true true false 14 Text 0 0 ,First,#,I:\MB7\Projects\SpIT\STICS_Pacheco\Hazus\AK\TRN.mdb\hzBusFlty,PhoneNumber,-1,-1,I:\MB7\Projects\SpIT\STICS_Pacheco\Hazus\AL\TRN.mdb\hzBusFlty,PhoneNumber,-1,-1,I:\MB7\Projects\SpIT\STICS_Pacheco\Hazus\AR\TRN.mdb\hzBusFlty,PhoneNumber,-1,-1,I:\MB7\Projects\SpIT\STICS_Pacheco\Hazus\AZ\TRN.mdb\hzBusFlty,PhoneNumber,-1,-1,I:\MB7\Projects\SpIT\STICS_Pacheco\Hazus\CA\TRN.mdb\hzBusFlty,PhoneNumber,-1,-1,I:\MB7\Projects\SpIT\STICS_Pacheco\Hazus\CO\TRN.mdb\hzBusFlty,PhoneNumber,-1,-1,I:\MB7\Projects\SpIT\STICS_Pacheco\Hazus\CT\TRN.mdb\hzBusFlty,PhoneNumber,-1,-1,I:\MB7\Projects\SpIT\STICS_Pacheco\Hazus\DC\TRN.mdb\hzBusFlty,PhoneNumber,-1,-1,I:\MB7\Projects\SpIT\STICS_Pacheco\Hazus\DE\TRN.mdb\hzBusFlty,PhoneNumber,-1,-1,I:\MB7\Projects\SpIT\STICS_Pacheco\Hazus\FL\TRN.mdb\hzBusFlty,PhoneNumber,-1,-1,I:\MB7\Projects\SpIT\STICS_Pacheco\Hazus\GA\TRN.mdb\hzBusFlty,PhoneNumber,-1,-1,I:\MB7\Projects\SpIT\STICS_Pacheco\Hazus\HI\TRN.mdb\hzBusFlty,PhoneNumber,-1,-1,I:\MB7\Projects\SpIT\STICS_Pacheco\Hazus\IA\TRN.mdb\hzBusFlty,PhoneNumber,-1,-1,I:\MB7\Projects\SpIT\STICS_Pacheco\Hazus\ID\TRN.mdb\hzBusFlty,PhoneNumber,-1,-1,I:\MB7\Projects\SpIT\STICS_Pacheco\Hazus\IL\TRN.mdb\hzBusFlty,PhoneNumber,-1,-1,I:\MB7\Projects\SpIT\STICS_Pacheco\Hazus\IN\TRN.mdb\hzBusFlty,PhoneNumber,-1,-1,I:\MB7\Projects\SpIT\STICS_Pacheco\Hazus\KS\TRN.mdb\hzBusFlty,PhoneNumber,-1,-1,I:\MB7\Projects\SpIT\STICS_Pacheco\Hazus\KY\TRN.mdb\hzBusFlty,PhoneNumber,-1,-1,I:\MB7\Projects\SpIT\STICS_Pacheco\Hazus\LA\TRN.mdb\hzBusFlty,PhoneNumber,-1,-1,I:\MB7\Projects\SpIT\STICS_Pacheco\Hazus\MA\TRN.mdb\hzBusFlty,PhoneNumber,-1,-1,I:\MB7\Projects\SpIT\STICS_Pacheco\Hazus\MD\TRN.mdb\hzBusFlty,PhoneNumber,-1,-1,I:\MB7\Projects\SpIT\STICS_Pacheco\Hazus\ME\TRN.mdb\hzBusFlty,PhoneNumber,-1,-1,I:\MB7\Projects\SpIT\STICS_Pacheco\Hazus\MI\TRN.mdb\hzBusFlty,PhoneNumber,-1,-1,I:\MB7\Projects\SpIT\STICS_Pacheco\Hazus\MN\TRN.mdb\hzBusFlty,PhoneNumber,-1,-1,I:\MB7\Projects\SpIT\STICS_Pacheco\Hazus\MO\TRN.mdb\hzBusFlty,PhoneNumber,-1,-1,I:\MB7\Projects\SpIT\STICS_Pacheco\Hazus\MS\TRN.mdb\hzBusFlty,PhoneNumber,-1,-1,I:\MB7\Projects\SpIT\STICS_Pacheco\Hazus\MT\TRN.mdb\hzBusFlty,PhoneNumber,-1,-1,I:\MB7\Projects\SpIT\STICS_Pacheco\Hazus\NC\TRN.mdb\hzBusFlty,PhoneNumber,-1,-1,I:\MB7\Projects\SpIT\STICS_Pacheco\Hazus\ND\TRN.mdb\hzBusFlty,PhoneNumber,-1,-1,I:\MB7\Projects\SpIT\STICS_Pacheco\Hazus\NE\TRN.mdb\hzBusFlty,PhoneNumber,-1,-1,I:\MB7\Projects\SpIT\STICS_Pacheco\Hazus\NH\TRN.mdb\hzBusFlty,PhoneNumber,-1,-1,I:\MB7\Projects\SpIT\STICS_Pacheco\Hazus\NJ\TRN.mdb\hzBusFlty,PhoneNumber,-1,-1,I:\MB7\Projects\SpIT\STICS_Pacheco\Hazus\NM\TRN.mdb\hzBusFlty,PhoneNumber,-1,-1,I:\MB7\Projects\SpIT\STICS_Pacheco\Hazus\NV\TRN.mdb\hzBusFlty,PhoneNumber,-1,-1,I:\MB7\Projects\SpIT\STICS_Pacheco\Hazus\NY\TRN.mdb\hzBusFlty,PhoneNumber,-1,-1,I:\MB7\Projects\SpIT\STICS_Pacheco\Hazus\OH\TRN.mdb\hzBusFlty,PhoneNumber,-1,-1,I:\MB7\Projects\SpIT\STICS_Pacheco\Hazus\OK\TRN.mdb\hzBusFlty,PhoneNumber,-1,-1,I:\MB7\Projects\SpIT\STICS_Pacheco\Hazus\OR\TRN.mdb\hzBusFlty,PhoneNumber,-1,-1,I:\MB7\Projects\SpIT\STICS_Pacheco\Hazus\PA\TRN.mdb\hzBusFlty,PhoneNumber,-1,-1,I:\MB7\Projects\SpIT\STICS_Pacheco\Hazus\PR\TRN.mdb\hzBusFlty,PhoneNumber,-1,-1,I:\MB7\Projects\SpIT\STICS_Pacheco\Hazus\RI\TRN.mdb\hzBusFlty,PhoneNumber,-1,-1,I:\MB7\Projects\SpIT\STICS_Pacheco\Hazus\SC\TRN.mdb\hzBusFlty,PhoneNumber,-1,-1,I:\MB7\Projects\SpIT\STICS_Pacheco\Hazus\SD\TRN.mdb\hzBusFlty,PhoneNumber,-1,-1,I:\MB7\Projects\SpIT\STICS_Pacheco\Hazus\TN\TRN.mdb\hzBusFlty,PhoneNumber,-1,-1,I:\MB7\Projects\SpIT\STICS_Pacheco\Hazus\TX\TRN.mdb\hzBusFlty,PhoneNumber,-1,-1,I:\MB7\Projects\SpIT\STICS_Pacheco\Hazus\UT\TRN.mdb\hzBusFlty,PhoneNumber,-1,-1,I:\MB7\Projects\SpIT\STICS_Pacheco\Hazus\VA\TRN.mdb\hzBusFlty,PhoneNumber,-1,-1,I:\MB7\Projects\SpIT\STICS_Pacheco\Hazus\VT\TRN.mdb\hzBusFlty,PhoneNumber,-1,-1,I:\MB7\Projects\SpIT\STICS_Pacheco\Hazus\WA\TRN.mdb\hzBusFlty,PhoneNumber,-1,-1,I:\MB7\Projects\SpIT\STICS_Pacheco\Hazus\WI\TRN.mdb\hzBusFlty,PhoneNumber,-1,-1,I:\MB7\Projects\SpIT\STICS_Pacheco\Hazus\WV\TRN.mdb\hzBusFlty,PhoneNumber,-1,-1,I:\MB7\Projects\SpIT\STICS_Pacheco\Hazus\WY\TRN.mdb\hzBusFlty,PhoneNumber,-1,-1;Use "Use" true true false 10 Text 0 0 ,First,#,I:\MB7\Projects\SpIT\STICS_Pacheco\Hazus\AK\TRN.mdb\hzBusFlty,Use,-1,-1,I:\MB7\Projects\SpIT\STICS_Pacheco\Hazus\AL\TRN.mdb\hzBusFlty,Use,-1,-1,I:\MB7\Projects\SpIT\STICS_Pacheco\Hazus\AR\TRN.mdb\hzBusFlty,Use,-1,-1,I:\MB7\Projects\SpIT\STICS_Pacheco\Hazus\AZ\TRN.mdb\hzBusFlty,Use,-1,-1,I:\MB7\Projects\SpIT\STICS_Pacheco\Hazus\CA\TRN.mdb\hzBusFlty,Use,-1,-1,I:\MB7\Projects\SpIT\STICS_Pacheco\Hazus\CO\TRN.mdb\hzBusFlty,Use,-1,-1,I:\MB7\Projects\SpIT\STICS_Pacheco\Hazus\CT\TRN.mdb\hzBusFlty,Use,-1,-1,I:\MB7\Projects\SpIT\STICS_Pacheco\Hazus\DC\TRN.mdb\hzBusFlty,Use,-1,-1,I:\MB7\Projects\SpIT\STICS_Pacheco\Hazus\DE\TRN.mdb\hzBusFlty,Use,-1,-1,I:\MB7\Projects\SpIT\STICS_Pacheco\Hazus\FL\TRN.mdb\hzBusFlty,Use,-1,-1,I:\MB7\Projects\SpIT\STICS_Pacheco\Hazus\GA\TRN.mdb\hzBusFlty,Use,-1,-1,I:\MB7\Projects\SpIT\STICS_Pacheco\Hazus\HI\TRN.mdb\hzBusFlty,Use,-1,-1,I:\MB7\Projects\SpIT\STICS_Pacheco\Hazus\IA\TRN.mdb\hzBusFlty,Use,-1,-1,I:\MB7\Projects\SpIT\STICS_Pacheco\Hazus\ID\TRN.mdb\hzBusFlty,Use,-1,-1,I:\MB7\Projects\SpIT\STICS_Pacheco\Hazus\IL\TRN.mdb\hzBusFlty,Use,-1,-1,I:\MB7\Projects\SpIT\STICS_Pacheco\Hazus\IN\TRN.mdb\hzBusFlty,Use,-1,-1,I:\MB7\Projects\SpIT\STICS_Pacheco\Hazus\KS\TRN.mdb\hzBusFlty,Use,-1,-1,I:\MB7\Projects\SpIT\STICS_Pacheco\Hazus\KY\TRN.mdb\hzBusFlty,Use,-1,-1,I:\MB7\Projects\SpIT\STICS_Pacheco\Hazus\LA\TRN.mdb\hzBusFlty,Use,-1,-1,I:\MB7\Projects\SpIT\STICS_Pacheco\Hazus\MA\TRN.mdb\hzBusFlty,Use,-1,-1,I:\MB7\Projects\SpIT\STICS_Pacheco\Hazus\MD\TRN.mdb\hzBusFlty,Use,-1,-1,I:\MB7\Projects\SpIT\STICS_Pacheco\Hazus\ME\TRN.mdb\hzBusFlty,Use,-1,-1,I:\MB7\Projects\SpIT\STICS_Pacheco\Hazus\MI\TRN.mdb\hzBusFlty,Use,-1,-1,I:\MB7\Projects\SpIT\STICS_Pacheco\Hazus\MN\TRN.mdb\hzBusFlty,Use,-1,-1,I:\MB7\Projects\SpIT\STICS_Pacheco\Hazus\MO\TRN.mdb\hzBusFlty,Use,-1,-1,I:\MB7\Projects\SpIT\STICS_Pacheco\Hazus\MS\TRN.mdb\hzBusFlty,Use,-1,-1,I:\MB7\Projects\SpIT\STICS_Pacheco\Hazus\MT\TRN.mdb\hzBusFlty,Use,-1,-1,I:\MB7\Projects\SpIT\STICS_Pacheco\Hazus\NC\TRN.mdb\hzBusFlty,Use,-1,-1,I:\MB7\Projects\SpIT\STICS_Pacheco\Hazus\ND\TRN.mdb\hzBusFlty,Use,-1,-1,I:\MB7\Projects\SpIT\STICS_Pacheco\Hazus\NE\TRN.mdb\hzBusFlty,Use,-1,-1,I:\MB7\Projects\SpIT\STICS_Pacheco\Hazus\NH\TRN.mdb\hzBusFlty,Use,-1,-1,I:\MB7\Projects\SpIT\STICS_Pacheco\Hazus\NJ\TRN.mdb\hzBusFlty,Use,-1,-1,I:\MB7\Projects\SpIT\STICS_Pacheco\Hazus\NM\TRN.mdb\hzBusFlty,Use,-1,-1,I:\MB7\Projects\SpIT\STICS_Pacheco\Hazus\NV\TRN.mdb\hzBusFlty,Use,-1,-1,I:\MB7\Projects\SpIT\STICS_Pacheco\Hazus\NY\TRN.mdb\hzBusFlty,Use,-1,-1,I:\MB7\Projects\SpIT\STICS_Pacheco\Hazus\OH\TRN.mdb\hzBusFlty,Use,-1,-1,I:\MB7\Projects\SpIT\STICS_Pacheco\Hazus\OK\TRN.mdb\hzBusFlty,Use,-1,-1,I:\MB7\Projects\SpIT\STICS_Pacheco\Hazus\OR\TRN.mdb\hzBusFlty,Use,-1,-1,I:\MB7\Projects\SpIT\STICS_Pacheco\Hazus\PA\TRN.mdb\hzBusFlty,Use,-1,-1,I:\MB7\Projects\SpIT\STICS_Pacheco\Hazus\PR\TRN.mdb\hzBusFlty,Use,-1,-1,I:\MB7\Projects\SpIT\STICS_Pacheco\Hazus\RI\TRN.mdb\hzBusFlty,Use,-1,-1,I:\MB7\Projects\SpIT\STICS_Pacheco\Hazus\SC\TRN.mdb\hzBusFlty,Use,-1,-1,I:\MB7\Projects\SpIT\STICS_Pacheco\Hazus\SD\TRN.mdb\hzBusFlty,Use,-1,-1,I:\MB7\Projects\SpIT\STICS_Pacheco\Hazus\TN\TRN.mdb\hzBusFlty,Use,-1,-1,I:\MB7\Projects\SpIT\STICS_Pacheco\Hazus\TX\TRN.mdb\hzBusFlty,Use,-1,-1,I:\MB7\Projects\SpIT\STICS_Pacheco\Hazus\UT\TRN.mdb\hzBusFlty,Use,-1,-1,I:\MB7\Projects\SpIT\STICS_Pacheco\Hazus\VA\TRN.mdb\hzBusFlty,Use,-1,-1,I:\MB7\Projects\SpIT\STICS_Pacheco\Hazus\VT\TRN.mdb\hzBusFlty,Use,-1,-1,I:\MB7\Projects\SpIT\STICS_Pacheco\Hazus\WA\TRN.mdb\hzBusFlty,Use,-1,-1,I:\MB7\Projects\SpIT\STICS_Pacheco\Hazus\WI\TRN.mdb\hzBusFlty,Use,-1,-1,I:\MB7\Projects\SpIT\STICS_Pacheco\Hazus\WV\TRN.mdb\hzBusFlty,Use,-1,-1,I:\MB7\Projects\SpIT\STICS_Pacheco\Hazus\WY\TRN.mdb\hzBusFlty,Use,-1,-1;YearBuilt "YearBuilt" true true false 2 Short 0 0 ,First,#,I:\MB7\Projects\SpIT\STICS_Pacheco\Hazus\AK\TRN.mdb\hzBusFlty,YearBuilt,-1,-1,I:\MB7\Projects\SpIT\STICS_Pacheco\Hazus\AL\TRN.mdb\hzBusFlty,YearBuilt,-1,-1,I:\MB7\Projects\SpIT\STICS_Pacheco\Hazus\AR\TRN.mdb\hzBusFlty,YearBuilt,-1,-1,I:\MB7\Projects\SpIT\STICS_Pacheco\Hazus\AZ\TRN.mdb\hzBusFlty,YearBuilt,-1,-1,I:\MB7\Projects\SpIT\STICS_Pacheco\Hazus\CA\TRN.mdb\hzBusFlty,YearBuilt,-1,-1,I:\MB7\Projects\SpIT\STICS_Pacheco\Hazus\CO\TRN.mdb\hzBusFlty,YearBuilt,-1,-1,I:\MB7\Projects\SpIT\STICS_Pacheco\Hazus\CT\TRN.mdb\hzBusFlty,YearBuilt,-1,-1,I:\MB7\Projects\SpIT\STICS_Pacheco\Hazus\DC\TRN.mdb\hzBusFlty,YearBuilt,-1,-1,I:\MB7\Projects\SpIT\STICS_Pacheco\Hazus\DE\TRN.mdb\hzBusFlty,YearBuilt,-1,-1,I:\MB7\Projects\SpIT\STICS_Pacheco\Hazus\FL\TRN.mdb\hzBusFlty,YearBuilt,-1,-1,I:\MB7\Projects\SpIT\STICS_Pacheco\Hazus\GA\TRN.mdb\hzBusFlty,YearBuilt,-1,-1,I:\MB7\Projects\SpIT\STICS_Pacheco\Hazus\HI\TRN.mdb\hzBusFlty,YearBuilt,-1,-1,I:\MB7\Projects\SpIT\STICS_Pacheco\Hazus\IA\TRN.mdb\hzBusFlty,YearBuilt,-1,-1,I:\MB7\Projects\SpIT\STICS_Pacheco\Hazus\ID\TRN.mdb\hzBusFlty,YearBuilt,-1,-1,I:\MB7\Projects\SpIT\STICS_Pacheco\Hazus\IL\TRN.mdb\hzBusFlty,YearBuilt,-1,-1,I:\MB7\Projects\SpIT\STICS_Pacheco\Hazus\IN\TRN.mdb\hzBusFlty,YearBuilt,-1,-1,I:\MB7\Projects\SpIT\STICS_Pacheco\Hazus\KS\TRN.mdb\hzBusFlty,YearBuilt,-1,-1,I:\MB7\Projects\SpIT\STICS_Pacheco\Hazus\KY\TRN.mdb\hzBusFlty,YearBuilt,-1,-1,I:\MB7\Projects\SpIT\STICS_Pacheco\Hazus\LA\TRN.mdb\hzBusFlty,YearBuilt,-1,-1,I:\MB7\Projects\SpIT\STICS_Pacheco\Hazus\MA\TRN.mdb\hzBusFlty,YearBuilt,-1,-1,I:\MB7\Projects\SpIT\STICS_Pacheco\Hazus\MD\TRN.mdb\hzBusFlty,YearBuilt,-1,-1,I:\MB7\Projects\SpIT\STICS_Pacheco\Hazus\ME\TRN.mdb\hzBusFlty,YearBuilt,-1,-1,I:\MB7\Projects\SpIT\STICS_Pacheco\Hazus\MI\TRN.mdb\hzBusFlty,YearBuilt,-1,-1,I:\MB7\Projects\SpIT\STICS_Pacheco\Hazus\MN\TRN.mdb\hzBusFlty,YearBuilt,-1,-1,I:\MB7\Projects\SpIT\STICS_Pacheco\Hazus\MO\TRN.mdb\hzBusFlty,YearBuilt,-1,-1,I:\MB7\Projects\SpIT\STICS_Pacheco\Hazus\MS\TRN.mdb\hzBusFlty,YearBuilt,-1,-1,I:\MB7\Projects\SpIT\STICS_Pacheco\Hazus\MT\TRN.mdb\hzBusFlty,YearBuilt,-1,-1,I:\MB7\Projects\SpIT\STICS_Pacheco\Hazus\NC\TRN.mdb\hzBusFlty,YearBuilt,-1,-1,I:\MB7\Projects\SpIT\STICS_Pacheco\Hazus\ND\TRN.mdb\hzBusFlty,YearBuilt,-1,-1,I:\MB7\Projects\SpIT\STICS_Pacheco\Hazus\NE\TRN.mdb\hzBusFlty,YearBuilt,-1,-1,I:\MB7\Projects\SpIT\STICS_Pacheco\Hazus\NH\TRN.mdb\hzBusFlty,YearBuilt,-1,-1,I:\MB7\Projects\SpIT\STICS_Pacheco\Hazus\NJ\TRN.mdb\hzBusFlty,YearBuilt,-1,-1,I:\MB7\Projects\SpIT\STICS_Pacheco\Hazus\NM\TRN.mdb\hzBusFlty,YearBuilt,-1,-1,I:\MB7\Projects\SpIT\STICS_Pacheco\Hazus\NV\TRN.mdb\hzBusFlty,YearBuilt,-1,-1,I:\MB7\Projects\SpIT\STICS_Pacheco\Hazus\NY\TRN.mdb\hzBusFlty,YearBuilt,-1,-1,I:\MB7\Projects\SpIT\STICS_Pacheco\Hazus\OH\TRN.mdb\hzBusFlty,YearBuilt,-1,-1,I:\MB7\Projects\SpIT\STICS_Pacheco\Hazus\OK\TRN.mdb\hzBusFlty,YearBuilt,-1,-1,I:\MB7\Projects\SpIT\STICS_Pacheco\Hazus\OR\TRN.mdb\hzBusFlty,YearBuilt,-1,-1,I:\MB7\Projects\SpIT\STICS_Pacheco\Hazus\PA\TRN.mdb\hzBusFlty,YearBuilt,-1,-1,I:\MB7\Projects\SpIT\STICS_Pacheco\Hazus\PR\TRN.mdb\hzBusFlty,YearBuilt,-1,-1,I:\MB7\Projects\SpIT\STICS_Pacheco\Hazus\RI\TRN.mdb\hzBusFlty,YearBuilt,-1,-1,I:\MB7\Projects\SpIT\STICS_Pacheco\Hazus\SC\TRN.mdb\hzBusFlty,YearBuilt,-1,-1,I:\MB7\Projects\SpIT\STICS_Pacheco\Hazus\SD\TRN.mdb\hzBusFlty,YearBuilt,-1,-1,I:\MB7\Projects\SpIT\STICS_Pacheco\Hazus\TN\TRN.mdb\hzBusFlty,YearBuilt,-1,-1,I:\MB7\Projects\SpIT\STICS_Pacheco\Hazus\TX\TRN.mdb\hzBusFlty,YearBuilt,-1,-1,I:\MB7\Projects\SpIT\STICS_Pacheco\Hazus\UT\TRN.mdb\hzBusFlty,YearBuilt,-1,-1,I:\MB7\Projects\SpIT\STICS_Pacheco\Hazus\VA\TRN.mdb\hzBusFlty,YearBuilt,-1,-1,I:\MB7\Projects\SpIT\STICS_Pacheco\Hazus\VT\TRN.mdb\hzBusFlty,YearBuilt,-1,-1,I:\MB7\Projects\SpIT\STICS_Pacheco\Hazus\WA\TRN.mdb\hzBusFlty,YearBuilt,-1,-1,I:\MB7\Projects\SpIT\STICS_Pacheco\Hazus\WI\TRN.mdb\hzBusFlty,YearBuilt,-1,-1,I:\MB7\Projects\SpIT\STICS_Pacheco\Hazus\WV\TRN.mdb\hzBusFlty,YearBuilt,-1,-1,I:\MB7\Projects\SpIT\STICS_Pacheco\Hazus\WY\TRN.mdb\hzBusFlty,YearBuilt,-1,-1;Cost "Cost" true true false 8 Double 0 0 ,First,#,I:\MB7\Projects\SpIT\STICS_Pacheco\Hazus\AK\TRN.mdb\hzBusFlty,Cost,-1,-1,I:\MB7\Projects\SpIT\STICS_Pacheco\Hazus\AL\TRN.mdb\hzBusFlty,Cost,-1,-1,I:\MB7\Projects\SpIT\STICS_Pacheco\Hazus\AR\TRN.mdb\hzBusFlty,Cost,-1,-1,I:\MB7\Projects\SpIT\STICS_Pacheco\Hazus\AZ\TRN.mdb\hzBusFlty,Cost,-1,-1,I:\MB7\Projects\SpIT\STICS_Pacheco\Hazus\CA\TRN.mdb\hzBusFlty,Cost,-1,-1,I:\MB7\Projects\SpIT\STICS_Pacheco\Hazus\CO\TRN.mdb\hzBusFlty,Cost,-1,-1,I:\MB7\Projects\SpIT\STICS_Pacheco\Hazus\CT\TRN.mdb\hzBusFlty,Cost,-1,-1,I:\MB7\Projects\SpIT\STICS_Pacheco\Hazus\DC\TRN.mdb\hzBusFlty,Cost,-1,-1,I:\MB7\Projects\SpIT\STICS_Pacheco\Hazus\DE\TRN.mdb\hzBusFlty,Cost,-1,-1,I:\MB7\Projects\SpIT\STICS_Pacheco\Hazus\FL\TRN.mdb\hzBusFlty,Cost,-1,-1,I:\MB7\Projects\SpIT\STICS_Pacheco\Hazus\GA\TRN.mdb\hzBusFlty,Cost,-1,-1,I:\MB7\Projects\SpIT\STICS_Pacheco\Hazus\HI\TRN.mdb\hzBusFlty,Cost,-1,-1,I:\MB7\Projects\SpIT\STICS_Pacheco\Hazus\IA\TRN.mdb\hzBusFlty,Cost,-1,-1,I:\MB7\Projects\SpIT\STICS_Pacheco\Hazus\ID\TRN.mdb\hzBusFlty,Cost,-1,-1,I:\MB7\Projects\SpIT\STICS_Pacheco\Hazus\IL\TRN.mdb\hzBusFlty,Cost,-1,-1,I:\MB7\Projects\SpIT\STICS_Pacheco\Hazus\IN\TRN.mdb\hzBusFlty,Cost,-1,-1,I:\MB7\Projects\SpIT\STICS_Pacheco\Hazus\KS\TRN.mdb\hzBusFlty,Cost,-1,-1,I:\MB7\Projects\SpIT\STICS_Pacheco\Hazus\KY\TRN.mdb\hzBusFlty,Cost,-1,-1,I:\MB7\Projects\SpIT\STICS_Pacheco\Hazus\LA\TRN.mdb\hzBusFlty,Cost,-1,-1,I:\MB7\Projects\SpIT\STICS_Pacheco\Hazus\MA\TRN.mdb\hzBusFlty,Cost,-1,-1,I:\MB7\Projects\SpIT\STICS_Pacheco\Hazus\MD\TRN.mdb\hzBusFlty,Cost,-1,-1,I:\MB7\Projects\SpIT\STICS_Pacheco\Hazus\ME\TRN.mdb\hzBusFlty,Cost,-1,-1,I:\MB7\Projects\SpIT\STICS_Pacheco\Hazus\MI\TRN.mdb\hzBusFlty,Cost,-1,-1,I:\MB7\Projects\SpIT\STICS_Pacheco\Hazus\MN\TRN.mdb\hzBusFlty,Cost,-1,-1,I:\MB7\Projects\SpIT\STICS_Pacheco\Hazus\MO\TRN.mdb\hzBusFlty,Cost,-1,-1,I:\MB7\Projects\SpIT\STICS_Pacheco\Hazus\MS\TRN.mdb\hzBusFlty,Cost,-1,-1,I:\MB7\Projects\SpIT\STICS_Pacheco\Hazus\MT\TRN.mdb\hzBusFlty,Cost,-1,-1,I:\MB7\Projects\SpIT\STICS_Pacheco\Hazus\NC\TRN.mdb\hzBusFlty,Cost,-1,-1,I:\MB7\Projects\SpIT\STICS_Pacheco\Hazus\ND\TRN.mdb\hzBusFlty,Cost,-1,-1,I:\MB7\Projects\SpIT\STICS_Pacheco\Hazus\NE\TRN.mdb\hzBusFlty,Cost,-1,-1,I:\MB7\Projects\SpIT\STICS_Pacheco\Hazus\NH\TRN.mdb\hzBusFlty,Cost,-1,-1,I:\MB7\Projects\SpIT\STICS_Pacheco\Hazus\NJ\TRN.mdb\hzBusFlty,Cost,-1,-1,I:\MB7\Projects\SpIT\STICS_Pacheco\Hazus\NM\TRN.mdb\hzBusFlty,Cost,-1,-1,I:\MB7\Projects\SpIT\STICS_Pacheco\Hazus\NV\TRN.mdb\hzBusFlty,Cost,-1,-1,I:\MB7\Projects\SpIT\STICS_Pacheco\Hazus\NY\TRN.mdb\hzBusFlty,Cost,-1,-1,I:\MB7\Projects\SpIT\STICS_Pacheco\Hazus\OH\TRN.mdb\hzBusFlty,Cost,-1,-1,I:\MB7\Projects\SpIT\STICS_Pacheco\Hazus\OK\TRN.mdb\hzBusFlty,Cost,-1,-1,I:\MB7\Projects\SpIT\STICS_Pacheco\Hazus\OR\TRN.mdb\hzBusFlty,Cost,-1,-1,I:\MB7\Projects\SpIT\STICS_Pacheco\Hazus\PA\TRN.mdb\hzBusFlty,Cost,-1,-1,I:\MB7\Projects\SpIT\STICS_Pacheco\Hazus\PR\TRN.mdb\hzBusFlty,Cost,-1,-1,I:\MB7\Projects\SpIT\STICS_Pacheco\Hazus\RI\TRN.mdb\hzBusFlty,Cost,-1,-1,I:\MB7\Projects\SpIT\STICS_Pacheco\Hazus\SC\TRN.mdb\hzBusFlty,Cost,-1,-1,I:\MB7\Projects\SpIT\STICS_Pacheco\Hazus\SD\TRN.mdb\hzBusFlty,Cost,-1,-1,I:\MB7\Projects\SpIT\STICS_Pacheco\Hazus\TN\TRN.mdb\hzBusFlty,Cost,-1,-1,I:\MB7\Projects\SpIT\STICS_Pacheco\Hazus\TX\TRN.mdb\hzBusFlty,Cost,-1,-1,I:\MB7\Projects\SpIT\STICS_Pacheco\Hazus\UT\TRN.mdb\hzBusFlty,Cost,-1,-1,I:\MB7\Projects\SpIT\STICS_Pacheco\Hazus\VA\TRN.mdb\hzBusFlty,Cost,-1,-1,I:\MB7\Projects\SpIT\STICS_Pacheco\Hazus\VT\TRN.mdb\hzBusFlty,Cost,-1,-1,I:\MB7\Projects\SpIT\STICS_Pacheco\Hazus\WA\TRN.mdb\hzBusFlty,Cost,-1,-1,I:\MB7\Projects\SpIT\STICS_Pacheco\Hazus\WI\TRN.mdb\hzBusFlty,Cost,-1,-1,I:\MB7\Projects\SpIT\STICS_Pacheco\Hazus\WV\TRN.mdb\hzBusFlty,Cost,-1,-1,I:\MB7\Projects\SpIT\STICS_Pacheco\Hazus\WY\TRN.mdb\hzBusFlty,Cost,-1,-1;BackupPowe "BackupPowe" true true false 1 Short 0 0 ,First,#,I:\MB7\Projects\SpIT\STICS_Pacheco\Hazus\AK\TRN.mdb\hzBusFlty,BackupPower,-1,-1,I:\MB7\Projects\SpIT\STICS_Pacheco\Hazus\AL\TRN.mdb\hzBusFlty,BackupPower,-1,-1,I:\MB7\Projects\SpIT\STICS_Pacheco\Hazus\AR\TRN.mdb\hzBusFlty,BackupPower,-1,-1,I:\MB7\Projects\SpIT\STICS_Pacheco\Hazus\AZ\TRN.mdb\hzBusFlty,BackupPower,-1,-1,I:\MB7\Projects\SpIT\STICS_Pacheco\Hazus\CA\TRN.mdb\hzBusFlty,BackupPower,-1,-1,I:\MB7\Projects\SpIT\STICS_Pacheco\Hazus\CO\TRN.mdb\hzBusFlty,BackupPower,-1,-1,I:\MB7\Projects\SpIT\STICS_Pacheco\Hazus\CT\TRN.mdb\hzBusFlty,BackupPower,-1,-1,I:\MB7\Projects\SpIT\STICS_Pacheco\Hazus\DC\TRN.mdb\hzBusFlty,BackupPower,-1,-1,I:\MB7\Projects\SpIT\STICS_Pacheco\Hazus\DE\TRN.mdb\hzBusFlty,BackupPower,-1,-1,I:\MB7\Projects\SpIT\STICS_Pacheco\Hazus\FL\TRN.mdb\hzBusFlty,BackupPower,-1,-1,I:\MB7\Projects\SpIT\STICS_Pacheco\Hazus\GA\TRN.mdb\hzBusFlty,BackupPower,-1,-1,I:\MB7\Projects\SpIT\STICS_Pacheco\Hazus\HI\TRN.mdb\hzBusFlty,BackupPower,-1,-1,I:\MB7\Projects\SpIT\STICS_Pacheco\Hazus\IA\TRN.mdb\hzBusFlty,BackupPower,-1,-1,I:\MB7\Projects\SpIT\STICS_Pacheco\Hazus\ID\TRN.mdb\hzBusFlty,BackupPower,-1,-1,I:\MB7\Projects\SpIT\STICS_Pacheco\Hazus\IL\TRN.mdb\hzBusFlty,BackupPower,-1,-1,I:\MB7\Projects\SpIT\STICS_Pacheco\Hazus\IN\TRN.mdb\hzBusFlty,BackupPower,-1,-1,I:\MB7\Projects\SpIT\STICS_Pacheco\Hazus\KS\TRN.mdb\hzBusFlty,BackupPower,-1,-1,I:\MB7\Projects\SpIT\STICS_Pacheco\Hazus\KY\TRN.mdb\hzBusFlty,BackupPower,-1,-1,I:\MB7\Projects\SpIT\STICS_Pacheco\Hazus\LA\TRN.mdb\hzBusFlty,BackupPower,-1,-1,I:\MB7\Projects\SpIT\STICS_Pacheco\Hazus\MA\TRN.mdb\hzBusFlty,BackupPower,-1,-1,I:\MB7\Projects\SpIT\STICS_Pacheco\Hazus\MD\TRN.mdb\hzBusFlty,BackupPower,-1,-1,I:\MB7\Projects\SpIT\STICS_Pacheco\Hazus\ME\TRN.mdb\hzBusFlty,BackupPower,-1,-1,I:\MB7\Projects\SpIT\STICS_Pacheco\Hazus\MI\TRN.mdb\hzBusFlty,BackupPower,-1,-1,I:\MB7\Projects\SpIT\STICS_Pacheco\Hazus\MN\TRN.mdb\hzBusFlty,BackupPower,-1,-1,I:\MB7\Projects\SpIT\STICS_Pacheco\Hazus\MO\TRN.mdb\hzBusFlty,BackupPower,-1,-1,I:\MB7\Projects\SpIT\STICS_Pacheco\Hazus\MS\TRN.mdb\hzBusFlty,BackupPower,-1,-1,I:\MB7\Projects\SpIT\STICS_Pacheco\Hazus\MT\TRN.mdb\hzBusFlty,BackupPower,-1,-1,I:\MB7\Projects\SpIT\STICS_Pacheco\Hazus\NC\TRN.mdb\hzBusFlty,BackupPower,-1,-1,I:\MB7\Projects\SpIT\STICS_Pacheco\Hazus\ND\TRN.mdb\hzBusFlty,BackupPower,-1,-1,I:\MB7\Projects\SpIT\STICS_Pacheco\Hazus\NE\TRN.mdb\hzBusFlty,BackupPower,-1,-1,I:\MB7\Projects\SpIT\STICS_Pacheco\Hazus\NH\TRN.mdb\hzBusFlty,BackupPower,-1,-1,I:\MB7\Projects\SpIT\STICS_Pacheco\Hazus\NJ\TRN.mdb\hzBusFlty,BackupPower,-1,-1,I:\MB7\Projects\SpIT\STICS_Pacheco\Hazus\NM\TRN.mdb\hzBusFlty,BackupPower,-1,-1,I:\MB7\Projects\SpIT\STICS_Pacheco\Hazus\NV\TRN.mdb\hzBusFlty,BackupPower,-1,-1,I:\MB7\Projects\SpIT\STICS_Pacheco\Hazus\NY\TRN.mdb\hzBusFlty,BackupPower,-1,-1,I:\MB7\Projects\SpIT\STICS_Pacheco\Hazus\OH\TRN.mdb\hzBusFlty,BackupPower,-1,-1,I:\MB7\Projects\SpIT\STICS_Pacheco\Hazus\OK\TRN.mdb\hzBusFlty,BackupPower,-1,-1,I:\MB7\Projects\SpIT\STICS_Pacheco\Hazus\OR\TRN.mdb\hzBusFlty,BackupPower,-1,-1,I:\MB7\Projects\SpIT\STICS_Pacheco\Hazus\PA\TRN.mdb\hzBusFlty,BackupPower,-1,-1,I:\MB7\Projects\SpIT\STICS_Pacheco\Hazus\PR\TRN.mdb\hzBusFlty,BackupPower,-1,-1,I:\MB7\Projects\SpIT\STICS_Pacheco\Hazus\RI\TRN.mdb\hzBusFlty,BackupPower,-1,-1,I:\MB7\Projects\SpIT\STICS_Pacheco\Hazus\SC\TRN.mdb\hzBusFlty,BackupPower,-1,-1,I:\MB7\Projects\SpIT\STICS_Pacheco\Hazus\SD\TRN.mdb\hzBusFlty,BackupPower,-1,-1,I:\MB7\Projects\SpIT\STICS_Pacheco\Hazus\TN\TRN.mdb\hzBusFlty,BackupPower,-1,-1,I:\MB7\Projects\SpIT\STICS_Pacheco\Hazus\TX\TRN.mdb\hzBusFlty,BackupPower,-1,-1,I:\MB7\Projects\SpIT\STICS_Pacheco\Hazus\UT\TRN.mdb\hzBusFlty,BackupPower,-1,-1,I:\MB7\Projects\SpIT\STICS_Pacheco\Hazus\VA\TRN.mdb\hzBusFlty,BackupPower,-1,-1,I:\MB7\Projects\SpIT\STICS_Pacheco\Hazus\VT\TRN.mdb\hzBusFlty,BackupPower,-1,-1,I:\MB7\Projects\SpIT\STICS_Pacheco\Hazus\WA\TRN.mdb\hzBusFlty,BackupPower,-1,-1,I:\MB7\Projects\SpIT\STICS_Pacheco\Hazus\WI\TRN.mdb\hzBusFlty,BackupPower,-1,-1,I:\MB7\Projects\SpIT\STICS_Pacheco\Hazus\WV\TRN.mdb\hzBusFlty,BackupPower,-1,-1,I:\MB7\Projects\SpIT\STICS_Pacheco\Hazus\WY\TRN.mdb\hzBusFlty,BackupPower,-1,-1;Traffic "Traffic" true true false 4 Long 0 0 ,First,#,I:\MB7\Projects\SpIT\STICS_Pacheco\Hazus\AK\TRN.mdb\hzBusFlty,Traffic,-1,-1,I:\MB7\Projects\SpIT\STICS_Pacheco\Hazus\AL\TRN.mdb\hzBusFlty,Traffic,-1,-1,I:\MB7\Projects\SpIT\STICS_Pacheco\Hazus\AR\TRN.mdb\hzBusFlty,Traffic,-1,-1,I:\MB7\Projects\SpIT\STICS_Pacheco\Hazus\AZ\TRN.mdb\hzBusFlty,Traffic,-1,-1,I:\MB7\Projects\SpIT\STICS_Pacheco\Hazus\CA\TRN.mdb\hzBusFlty,Traffic,-1,-1,I:\MB7\Projects\SpIT\STICS_Pacheco\Hazus\CO\TRN.mdb\hzBusFlty,Traffic,-1,-1,I:\MB7\Projects\SpIT\STICS_Pacheco\Hazus\CT\TRN.mdb\hzBusFlty,Traffic,-1,-1,I:\MB7\Projects\SpIT\STICS_Pacheco\Hazus\DC\TRN.mdb\hzBusFlty,Traffic,-1,-1,I:\MB7\Projects\SpIT\STICS_Pacheco\Hazus\DE\TRN.mdb\hzBusFlty,Traffic,-1,-1,I:\MB7\Projects\SpIT\STICS_Pacheco\Hazus\FL\TRN.mdb\hzBusFlty,Traffic,-1,-1,I:\MB7\Projects\SpIT\STICS_Pacheco\Hazus\GA\TRN.mdb\hzBusFlty,Traffic,-1,-1,I:\MB7\Projects\SpIT\STICS_Pacheco\Hazus\HI\TRN.mdb\hzBusFlty,Traffic,-1,-1,I:\MB7\Projects\SpIT\STICS_Pacheco\Hazus\IA\TRN.mdb\hzBusFlty,Traffic,-1,-1,I:\MB7\Projects\SpIT\STICS_Pacheco\Hazus\ID\TRN.mdb\hzBusFlty,Traffic,-1,-1,I:\MB7\Projects\SpIT\STICS_Pacheco\Hazus\IL\TRN.mdb\hzBusFlty,Traffic,-1,-1,I:\MB7\Projects\SpIT\STICS_Pacheco\Hazus\IN\TRN.mdb\hzBusFlty,Traffic,-1,-1,I:\MB7\Projects\SpIT\STICS_Pacheco\Hazus\KS\TRN.mdb\hzBusFlty,Traffic,-1,-1,I:\MB7\Projects\SpIT\STICS_Pacheco\Hazus\KY\TRN.mdb\hzBusFlty,Traffic,-1,-1,I:\MB7\Projects\SpIT\STICS_Pacheco\Hazus\LA\TRN.mdb\hzBusFlty,Traffic,-1,-1,I:\MB7\Projects\SpIT\STICS_Pacheco\Hazus\MA\TRN.mdb\hzBusFlty,Traffic,-1,-1,I:\MB7\Projects\SpIT\STICS_Pacheco\Hazus\MD\TRN.mdb\hzBusFlty,Traffic,-1,-1,I:\MB7\Projects\SpIT\STICS_Pacheco\Hazus\ME\TRN.mdb\hzBusFlty,Traffic,-1,-1,I:\MB7\Projects\SpIT\STICS_Pacheco\Hazus\MI\TRN.mdb\hzBusFlty,Traffic,-1,-1,I:\MB7\Projects\SpIT\STICS_Pacheco\Hazus\MN\TRN.mdb\hzBusFlty,Traffic,-1,-1,I:\MB7\Projects\SpIT\STICS_Pacheco\Hazus\MO\TRN.mdb\hzBusFlty,Traffic,-1,-1,I:\MB7\Projects\SpIT\STICS_Pacheco\Hazus\MS\TRN.mdb\hzBusFlty,Traffic,-1,-1,I:\MB7\Projects\SpIT\STICS_Pacheco\Hazus\MT\TRN.mdb\hzBusFlty,Traffic,-1,-1,I:\MB7\Projects\SpIT\STICS_Pacheco\Hazus\NC\TRN.mdb\hzBusFlty,Traffic,-1,-1,I:\MB7\Projects\SpIT\STICS_Pacheco\Hazus\ND\TRN.mdb\hzBusFlty,Traffic,-1,-1,I:\MB7\Projects\SpIT\STICS_Pacheco\Hazus\NE\TRN.mdb\hzBusFlty,Traffic,-1,-1,I:\MB7\Projects\SpIT\STICS_Pacheco\Hazus\NH\TRN.mdb\hzBusFlty,Traffic,-1,-1,I:\MB7\Projects\SpIT\STICS_Pacheco\Hazus\NJ\TRN.mdb\hzBusFlty,Traffic,-1,-1,I:\MB7\Projects\SpIT\STICS_Pacheco\Hazus\NM\TRN.mdb\hzBusFlty,Traffic,-1,-1,I:\MB7\Projects\SpIT\STICS_Pacheco\Hazus\NV\TRN.mdb\hzBusFlty,Traffic,-1,-1,I:\MB7\Projects\SpIT\STICS_Pacheco\Hazus\NY\TRN.mdb\hzBusFlty,Traffic,-1,-1,I:\MB7\Projects\SpIT\STICS_Pacheco\Hazus\OH\TRN.mdb\hzBusFlty,Traffic,-1,-1,I:\MB7\Projects\SpIT\STICS_Pacheco\Hazus\OK\TRN.mdb\hzBusFlty,Traffic,-1,-1,I:\MB7\Projects\SpIT\STICS_Pacheco\Hazus\OR\TRN.mdb\hzBusFlty,Traffic,-1,-1,I:\MB7\Projects\SpIT\STICS_Pacheco\Hazus\PA\TRN.mdb\hzBusFlty,Traffic,-1,-1,I:\MB7\Projects\SpIT\STICS_Pacheco\Hazus\PR\TRN.mdb\hzBusFlty,Traffic,-1,-1,I:\MB7\Projects\SpIT\STICS_Pacheco\Hazus\RI\TRN.mdb\hzBusFlty,Traffic,-1,-1,I:\MB7\Projects\SpIT\STICS_Pacheco\Hazus\SC\TRN.mdb\hzBusFlty,Traffic,-1,-1,I:\MB7\Projects\SpIT\STICS_Pacheco\Hazus\SD\TRN.mdb\hzBusFlty,Traffic,-1,-1,I:\MB7\Projects\SpIT\STICS_Pacheco\Hazus\TN\TRN.mdb\hzBusFlty,Traffic,-1,-1,I:\MB7\Projects\SpIT\STICS_Pacheco\Hazus\TX\TRN.mdb\hzBusFlty,Traffic,-1,-1,I:\MB7\Projects\SpIT\STICS_Pacheco\Hazus\UT\TRN.mdb\hzBusFlty,Traffic,-1,-1,I:\MB7\Projects\SpIT\STICS_Pacheco\Hazus\VA\TRN.mdb\hzBusFlty,Traffic,-1,-1,I:\MB7\Projects\SpIT\STICS_Pacheco\Hazus\VT\TRN.mdb\hzBusFlty,Traffic,-1,-1,I:\MB7\Projects\SpIT\STICS_Pacheco\Hazus\WA\TRN.mdb\hzBusFlty,Traffic,-1,-1,I:\MB7\Projects\SpIT\STICS_Pacheco\Hazus\WI\TRN.mdb\hzBusFlty,Traffic,-1,-1,I:\MB7\Projects\SpIT\STICS_Pacheco\Hazus\WV\TRN.mdb\hzBusFlty,Traffic,-1,-1,I:\MB7\Projects\SpIT\STICS_Pacheco\Hazus\WY\TRN.mdb\hzBusFlty,Traffic,-1,-1;Latitude "Latitude" true true false 8 Double 0 0 ,First,#,I:\MB7\Projects\SpIT\STICS_Pacheco\Hazus\AK\TRN.mdb\hzBusFlty,Latitude,-1,-1,I:\MB7\Projects\SpIT\STICS_Pacheco\Hazus\AL\TRN.mdb\hzBusFlty,Latitude,-1,-1,I:\MB7\Projects\SpIT\STICS_Pacheco\Hazus\AR\TRN.mdb\hzBusFlty,Latitude,-1,-1,I:\MB7\Projects\SpIT\STICS_Pacheco\Hazus\AZ\TRN.mdb\hzBusFlty,Latitude,-1,-1,I:\MB7\Projects\SpIT\STICS_Pacheco\Hazus\CA\TRN.mdb\hzBusFlty,Latitude,-1,-1,I:\MB7\Projects\SpIT\STICS_Pacheco\Hazus\CO\TRN.mdb\hzBusFlty,Latitude,-1,-1,I:\MB7\Projects\SpIT\STICS_Pacheco\Hazus\CT\TRN.mdb\hzBusFlty,Latitude,-1,-1,I:\MB7\Projects\SpIT\STICS_Pacheco\Hazus\DC\TRN.mdb\hzBusFlty,Latitude,-1,-1,I:\MB7\Projects\SpIT\STICS_Pacheco\Hazus\DE\TRN.mdb\hzBusFlty,Latitude,-1,-1,I:\MB7\Projects\SpIT\STICS_Pacheco\Hazus\FL\TRN.mdb\hzBusFlty,Latitude,-1,-1,I:\MB7\Projects\SpIT\STICS_Pacheco\Hazus\GA\TRN.mdb\hzBusFlty,Latitude,-1,-1,I:\MB7\Projects\SpIT\STICS_Pacheco\Hazus\HI\TRN.mdb\hzBusFlty,Latitude,-1,-1,I:\MB7\Projects\SpIT\STICS_Pacheco\Hazus\IA\TRN.mdb\hzBusFlty,Latitude,-1,-1,I:\MB7\Projects\SpIT\STICS_Pacheco\Hazus\ID\TRN.mdb\hzBusFlty,Latitude,-1,-1,I:\MB7\Projects\SpIT\STICS_Pacheco\Hazus\IL\TRN.mdb\hzBusFlty,Latitude,-1,-1,I:\MB7\Projects\SpIT\STICS_Pacheco\Hazus\IN\TRN.mdb\hzBusFlty,Latitude,-1,-1,I:\MB7\Projects\SpIT\STICS_Pacheco\Hazus\KS\TRN.mdb\hzBusFlty,Latitude,-1,-1,I:\MB7\Projects\SpIT\STICS_Pacheco\Hazus\KY\TRN.mdb\hzBusFlty,Latitude,-1,-1,I:\MB7\Projects\SpIT\STICS_Pacheco\Hazus\LA\TRN.mdb\hzBusFlty,Latitude,-1,-1,I:\MB7\Projects\SpIT\STICS_Pacheco\Hazus\MA\TRN.mdb\hzBusFlty,Latitude,-1,-1,I:\MB7\Projects\SpIT\STICS_Pacheco\Hazus\MD\TRN.mdb\hzBusFlty,Latitude,-1,-1,I:\MB7\Projects\SpIT\STICS_Pacheco\Hazus\ME\TRN.mdb\hzBusFlty,Latitude,-1,-1,I:\MB7\Projects\SpIT\STICS_Pacheco\Hazus\MI\TRN.mdb\hzBusFlty,Latitude,-1,-1,I:\MB7\Projects\SpIT\STICS_Pacheco\Hazus\MN\TRN.mdb\hzBusFlty,Latitude,-1,-1,I:\MB7\Projects\SpIT\STICS_Pacheco\Hazus\MO\TRN.mdb\hzBusFlty,Latitude,-1,-1,I:\MB7\Projects\SpIT\STICS_Pacheco\Hazus\MS\TRN.mdb\hzBusFlty,Latitude,-1,-1,I:\MB7\Projects\SpIT\STICS_Pacheco\Hazus\MT\TRN.mdb\hzBusFlty,Latitude,-1,-1,I:\MB7\Projects\SpIT\STICS_Pacheco\Hazus\NC\TRN.mdb\hzBusFlty,Latitude,-1,-1,I:\MB7\Projects\SpIT\STICS_Pacheco\Hazus\ND\TRN.mdb\hzBusFlty,Latitude,-1,-1,I:\MB7\Projects\SpIT\STICS_Pacheco\Hazus\NE\TRN.mdb\hzBusFlty,Latitude,-1,-1,I:\MB7\Projects\SpIT\STICS_Pacheco\Hazus\NH\TRN.mdb\hzBusFlty,Latitude,-1,-1,I:\MB7\Projects\SpIT\STICS_Pacheco\Hazus\NJ\TRN.mdb\hzBusFlty,Latitude,-1,-1,I:\MB7\Projects\SpIT\STICS_Pacheco\Hazus\NM\TRN.mdb\hzBusFlty,Latitude,-1,-1,I:\MB7\Projects\SpIT\STICS_Pacheco\Hazus\NV\TRN.mdb\hzBusFlty,Latitude,-1,-1,I:\MB7\Projects\SpIT\STICS_Pacheco\Hazus\NY\TRN.mdb\hzBusFlty,Latitude,-1,-1,I:\MB7\Projects\SpIT\STICS_Pacheco\Hazus\OH\TRN.mdb\hzBusFlty,Latitude,-1,-1,I:\MB7\Projects\SpIT\STICS_Pacheco\Hazus\OK\TRN.mdb\hzBusFlty,Latitude,-1,-1,I:\MB7\Projects\SpIT\STICS_Pacheco\Hazus\OR\TRN.mdb\hzBusFlty,Latitude,-1,-1,I:\MB7\Projects\SpIT\STICS_Pacheco\Hazus\PA\TRN.mdb\hzBusFlty,Latitude,-1,-1,I:\MB7\Projects\SpIT\STICS_Pacheco\Hazus\PR\TRN.mdb\hzBusFlty,Latitude,-1,-1,I:\MB7\Projects\SpIT\STICS_Pacheco\Hazus\RI\TRN.mdb\hzBusFlty,Latitude,-1,-1,I:\MB7\Projects\SpIT\STICS_Pacheco\Hazus\SC\TRN.mdb\hzBusFlty,Latitude,-1,-1,I:\MB7\Projects\SpIT\STICS_Pacheco\Hazus\SD\TRN.mdb\hzBusFlty,Latitude,-1,-1,I:\MB7\Projects\SpIT\STICS_Pacheco\Hazus\TN\TRN.mdb\hzBusFlty,Latitude,-1,-1,I:\MB7\Projects\SpIT\STICS_Pacheco\Hazus\TX\TRN.mdb\hzBusFlty,Latitude,-1,-1,I:\MB7\Projects\SpIT\STICS_Pacheco\Hazus\UT\TRN.mdb\hzBusFlty,Latitude,-1,-1,I:\MB7\Projects\SpIT\STICS_Pacheco\Hazus\VA\TRN.mdb\hzBusFlty,Latitude,-1,-1,I:\MB7\Projects\SpIT\STICS_Pacheco\Hazus\VT\TRN.mdb\hzBusFlty,Latitude,-1,-1,I:\MB7\Projects\SpIT\STICS_Pacheco\Hazus\WA\TRN.mdb\hzBusFlty,Latitude,-1,-1,I:\MB7\Projects\SpIT\STICS_Pacheco\Hazus\WI\TRN.mdb\hzBusFlty,Latitude,-1,-1,I:\MB7\Projects\SpIT\STICS_Pacheco\Hazus\WV\TRN.mdb\hzBusFlty,Latitude,-1,-1,I:\MB7\Projects\SpIT\STICS_Pacheco\Hazus\WY\TRN.mdb\hzBusFlty,Latitude,-1,-1;Longitude "Longitude" true true false 8 Double 0 0 ,First,#,I:\MB7\Projects\SpIT\STICS_Pacheco\Hazus\AK\TRN.mdb\hzBusFlty,Longitude,-1,-1,I:\MB7\Projects\SpIT\STICS_Pacheco\Hazus\AL\TRN.mdb\hzBusFlty,Longitude,-1,-1,I:\MB7\Projects\SpIT\STICS_Pacheco\Hazus\AR\TRN.mdb\hzBusFlty,Longitude,-1,-1,I:\MB7\Projects\SpIT\STICS_Pacheco\Hazus\AZ\TRN.mdb\hzBusFlty,Longitude,-1,-1,I:\MB7\Projects\SpIT\STICS_Pacheco\Hazus\CA\TRN.mdb\hzBusFlty,Longitude,-1,-1,I:\MB7\Projects\SpIT\STICS_Pacheco\Hazus\CO\TRN.mdb\hzBusFlty,Longitude,-1,-1,I:\MB7\Projects\SpIT\STICS_Pacheco\Hazus\CT\TRN.mdb\hzBusFlty,Longitude,-1,-1,I:\MB7\Projects\SpIT\STICS_Pacheco\Hazus\DC\TRN.mdb\hzBusFlty,Longitude,-1,-1,I:\MB7\Projects\SpIT\STICS_Pacheco\Hazus\DE\TRN.mdb\hzBusFlty,Longitude,-1,-1,I:\MB7\Projects\SpIT\STICS_Pacheco\Hazus\FL\TRN.mdb\hzBusFlty,Longitude,-1,-1,I:\MB7\Projects\SpIT\STICS_Pacheco\Hazus\GA\TRN.mdb\hzBusFlty,Longitude,-1,-1,I:\MB7\Projects\SpIT\STICS_Pacheco\Hazus\HI\TRN.mdb\hzBusFlty,Longitude,-1,-1,I:\MB7\Projects\SpIT\STICS_Pacheco\Hazus\IA\TRN.mdb\hzBusFlty,Longitude,-1,-1,I:\MB7\Projects\SpIT\STICS_Pacheco\Hazus\ID\TRN.mdb\hzBusFlty,Longitude,-1,-1,I:\MB7\Projects\SpIT\STICS_Pacheco\Hazus\IL\TRN.mdb\hzBusFlty,Longitude,-1,-1,I:\MB7\Projects\SpIT\STICS_Pacheco\Hazus\IN\TRN.mdb\hzBusFlty,Longitude,-1,-1,I:\MB7\Projects\SpIT\STICS_Pacheco\Hazus\KS\TRN.mdb\hzBusFlty,Longitude,-1,-1,I:\MB7\Projects\SpIT\STICS_Pacheco\Hazus\KY\TRN.mdb\hzBusFlty,Longitude,-1,-1,I:\MB7\Projects\SpIT\STICS_Pacheco\Hazus\LA\TRN.mdb\hzBusFlty,Longitude,-1,-1,I:\MB7\Projects\SpIT\STICS_Pacheco\Hazus\MA\TRN.mdb\hzBusFlty,Longitude,-1,-1,I:\MB7\Projects\SpIT\STICS_Pacheco\Hazus\MD\TRN.mdb\hzBusFlty,Longitude,-1,-1,I:\MB7\Projects\SpIT\STICS_Pacheco\Hazus\ME\TRN.mdb\hzBusFlty,Longitude,-1,-1,I:\MB7\Projects\SpIT\STICS_Pacheco\Hazus\MI\TRN.mdb\hzBusFlty,Longitude,-1,-1,I:\MB7\Projects\SpIT\STICS_Pacheco\Hazus\MN\TRN.mdb\hzBusFlty,Longitude,-1,-1,I:\MB7\Projects\SpIT\STICS_Pacheco\Hazus\MO\TRN.mdb\hzBusFlty,Longitude,-1,-1,I:\MB7\Projects\SpIT\STICS_Pacheco\Hazus\MS\TRN.mdb\hzBusFlty,Longitude,-1,-1,I:\MB7\Projects\SpIT\STICS_Pacheco\Hazus\MT\TRN.mdb\hzBusFlty,Longitude,-1,-1,I:\MB7\Projects\SpIT\STICS_Pacheco\Hazus\NC\TRN.mdb\hzBusFlty,Longitude,-1,-1,I:\MB7\Projects\SpIT\STICS_Pacheco\Hazus\ND\TRN.mdb\hzBusFlty,Longitude,-1,-1,I:\MB7\Projects\SpIT\STICS_Pacheco\Hazus\NE\TRN.mdb\hzBusFlty,Longitude,-1,-1,I:\MB7\Projects\SpIT\STICS_Pacheco\Hazus\NH\TRN.mdb\hzBusFlty,Longitude,-1,-1,I:\MB7\Projects\SpIT\STICS_Pacheco\Hazus\NJ\TRN.mdb\hzBusFlty,Longitude,-1,-1,I:\MB7\Projects\SpIT\STICS_Pacheco\Hazus\NM\TRN.mdb\hzBusFlty,Longitude,-1,-1,I:\MB7\Projects\SpIT\STICS_Pacheco\Hazus\NV\TRN.mdb\hzBusFlty,Longitude,-1,-1,I:\MB7\Projects\SpIT\STICS_Pacheco\Hazus\NY\TRN.mdb\hzBusFlty,Longitude,-1,-1,I:\MB7\Projects\SpIT\STICS_Pacheco\Hazus\OH\TRN.mdb\hzBusFlty,Longitude,-1,-1,I:\MB7\Projects\SpIT\STICS_Pacheco\Hazus\OK\TRN.mdb\hzBusFlty,Longitude,-1,-1,I:\MB7\Projects\SpIT\STICS_Pacheco\Hazus\OR\TRN.mdb\hzBusFlty,Longitude,-1,-1,I:\MB7\Projects\SpIT\STICS_Pacheco\Hazus\PA\TRN.mdb\hzBusFlty,Longitude,-1,-1,I:\MB7\Projects\SpIT\STICS_Pacheco\Hazus\PR\TRN.mdb\hzBusFlty,Longitude,-1,-1,I:\MB7\Projects\SpIT\STICS_Pacheco\Hazus\RI\TRN.mdb\hzBusFlty,Longitude,-1,-1,I:\MB7\Projects\SpIT\STICS_Pacheco\Hazus\SC\TRN.mdb\hzBusFlty,Longitude,-1,-1,I:\MB7\Projects\SpIT\STICS_Pacheco\Hazus\SD\TRN.mdb\hzBusFlty,Longitude,-1,-1,I:\MB7\Projects\SpIT\STICS_Pacheco\Hazus\TN\TRN.mdb\hzBusFlty,Longitude,-1,-1,I:\MB7\Projects\SpIT\STICS_Pacheco\Hazus\TX\TRN.mdb\hzBusFlty,Longitude,-1,-1,I:\MB7\Projects\SpIT\STICS_Pacheco\Hazus\UT\TRN.mdb\hzBusFlty,Longitude,-1,-1,I:\MB7\Projects\SpIT\STICS_Pacheco\Hazus\VA\TRN.mdb\hzBusFlty,Longitude,-1,-1,I:\MB7\Projects\SpIT\STICS_Pacheco\Hazus\VT\TRN.mdb\hzBusFlty,Longitude,-1,-1,I:\MB7\Projects\SpIT\STICS_Pacheco\Hazus\WA\TRN.mdb\hzBusFlty,Longitude,-1,-1,I:\MB7\Projects\SpIT\STICS_Pacheco\Hazus\WI\TRN.mdb\hzBusFlty,Longitude,-1,-1,I:\MB7\Projects\SpIT\STICS_Pacheco\Hazus\WV\TRN.mdb\hzBusFlty,Longitude,-1,-1,I:\MB7\Projects\SpIT\STICS_Pacheco\Hazus\WY\TRN.mdb\hzBusFlty,Longitude,-1,-1;Comment "Comment" true true false 40 Text 0 0 ,First,#,I:\MB7\Projects\SpIT\STICS_Pacheco\Hazus\AK\TRN.mdb\hzBusFlty,Comment,-1,-1,I:\MB7\Projects\SpIT\STICS_Pacheco\Hazus\AL\TRN.mdb\hzBusFlty,Comment,-1,-1,I:\MB7\Projects\SpIT\STICS_Pacheco\Hazus\AR\TRN.mdb\hzBusFlty,Comment,-1,-1,I:\MB7\Projects\SpIT\STICS_Pacheco\Hazus\AZ\TRN.mdb\hzBusFlty,Comment,-1,-1,I:\MB7\Projects\SpIT\STICS_Pacheco\Hazus\CA\TRN.mdb\hzBusFlty,Comment,-1,-1,I:\MB7\Projects\SpIT\STICS_Pacheco\Hazus\CO\TRN.mdb\hzBusFlty,Comment,-1,-1,I:\MB7\Projects\SpIT\STICS_Pacheco\Hazus\CT\TRN.mdb\hzBusFlty,Comment,-1,-1,I:\MB7\Projects\SpIT\STICS_Pacheco\Hazus\DC\TRN.mdb\hzBusFlty,Comment,-1,-1,I:\MB7\Projects\SpIT\STICS_Pacheco\Hazus\DE\TRN.mdb\hzBusFlty,Comment,-1,-1,I:\MB7\Projects\SpIT\STICS_Pacheco\Hazus\FL\TRN.mdb\hzBusFlty,Comment,-1,-1,I:\MB7\Projects\SpIT\STICS_Pacheco\Hazus\GA\TRN.mdb\hzBusFlty,Comment,-1,-1,I:\MB7\Projects\SpIT\STICS_Pacheco\Hazus\HI\TRN.mdb\hzBusFlty,Comment,-1,-1,I:\MB7\Projects\SpIT\STICS_Pacheco\Hazus\IA\TRN.mdb\hzBusFlty,Comment,-1,-1,I:\MB7\Projects\SpIT\STICS_Pacheco\Hazus\ID\TRN.mdb\hzBusFlty,Comment,-1,-1,I:\MB7\Projects\SpIT\STICS_Pacheco\Hazus\IL\TRN.mdb\hzBusFlty,Comment,-1,-1,I:\MB7\Projects\SpIT\STICS_Pacheco\Hazus\IN\TRN.mdb\hzBusFlty,Comment,-1,-1,I:\MB7\Projects\SpIT\STICS_Pacheco\Hazus\KS\TRN.mdb\hzBusFlty,Comment,-1,-1,I:\MB7\Projects\SpIT\STICS_Pacheco\Hazus\KY\TRN.mdb\hzBusFlty,Comment,-1,-1,I:\MB7\Projects\SpIT\STICS_Pacheco\Hazus\LA\TRN.mdb\hzBusFlty,Comment,-1,-1,I:\MB7\Projects\SpIT\STICS_Pacheco\Hazus\MA\TRN.mdb\hzBusFlty,Comment,-1,-1,I:\MB7\Projects\SpIT\STICS_Pacheco\Hazus\MD\TRN.mdb\hzBusFlty,Comment,-1,-1,I:\MB7\Projects\SpIT\STICS_Pacheco\Hazus\ME\TRN.mdb\hzBusFlty,Comment,-1,-1,I:\MB7\Projects\SpIT\STICS_Pacheco\Hazus\MI\TRN.mdb\hzBusFlty,Comment,-1,-1,I:\MB7\Projects\SpIT\STICS_Pacheco\Hazus\MN\TRN.mdb\hzBusFlty,Comment,-1,-1,I:\MB7\Projects\SpIT\STICS_Pacheco\Hazus\MO\TRN.mdb\hzBusFlty,Comment,-1,-1,I:\MB7\Projects\SpIT\STICS_Pacheco\Hazus\MS\TRN.mdb\hzBusFlty,Comment,-1,-1,I:\MB7\Projects\SpIT\STICS_Pacheco\Hazus\MT\TRN.mdb\hzBusFlty,Comment,-1,-1,I:\MB7\Projects\SpIT\STICS_Pacheco\Hazus\NC\TRN.mdb\hzBusFlty,Comment,-1,-1,I:\MB7\Projects\SpIT\STICS_Pacheco\Hazus\ND\TRN.mdb\hzBusFlty,Comment,-1,-1,I:\MB7\Projects\SpIT\STICS_Pacheco\Hazus\NE\TRN.mdb\hzBusFlty,Comment,-1,-1,I:\MB7\Projects\SpIT\STICS_Pacheco\Hazus\NH\TRN.mdb\hzBusFlty,Comment,-1,-1,I:\MB7\Projects\SpIT\STICS_Pacheco\Hazus\NJ\TRN.mdb\hzBusFlty,Comment,-1,-1,I:\MB7\Projects\SpIT\STICS_Pacheco\Hazus\NM\TRN.mdb\hzBusFlty,Comment,-1,-1,I:\MB7\Projects\SpIT\STICS_Pacheco\Hazus\NV\TRN.mdb\hzBusFlty,Comment,-1,-1,I:\MB7\Projects\SpIT\STICS_Pacheco\Hazus\NY\TRN.mdb\hzBusFlty,Comment,-1,-1,I:\MB7\Projects\SpIT\STICS_Pacheco\Hazus\OH\TRN.mdb\hzBusFlty,Comment,-1,-1,I:\MB7\Projects\SpIT\STICS_Pacheco\Hazus\OK\TRN.mdb\hzBusFlty,Comment,-1,-1,I:\MB7\Projects\SpIT\STICS_Pacheco\Hazus\OR\TRN.mdb\hzBusFlty,Comment,-1,-1,I:\MB7\Projects\SpIT\STICS_Pacheco\Hazus\PA\TRN.mdb\hzBusFlty,Comment,-1,-1,I:\MB7\Projects\SpIT\STICS_Pacheco\Hazus\PR\TRN.mdb\hzBusFlty,Comment,-1,-1,I:\MB7\Projects\SpIT\STICS_Pacheco\Hazus\RI\TRN.mdb\hzBusFlty,Comment,-1,-1,I:\MB7\Projects\SpIT\STICS_Pacheco\Hazus\SC\TRN.mdb\hzBusFlty,Comment,-1,-1,I:\MB7\Projects\SpIT\STICS_Pacheco\Hazus\SD\TRN.mdb\hzBusFlty,Comment,-1,-1,I:\MB7\Projects\SpIT\STICS_Pacheco\Hazus\TN\TRN.mdb\hzBusFlty,Comment,-1,-1,I:\MB7\Projects\SpIT\STICS_Pacheco\Hazus\TX\TRN.mdb\hzBusFlty,Comment,-1,-1,I:\MB7\Projects\SpIT\STICS_Pacheco\Hazus\UT\TRN.mdb\hzBusFlty,Comment,-1,-1,I:\MB7\Projects\SpIT\STICS_Pacheco\Hazus\VA\TRN.mdb\hzBusFlty,Comment,-1,-1,I:\MB7\Projects\SpIT\STICS_Pacheco\Hazus\VT\TRN.mdb\hzBusFlty,Comment,-1,-1,I:\MB7\Projects\SpIT\STICS_Pacheco\Hazus\WA\TRN.mdb\hzBusFlty,Comment,-1,-1,I:\MB7\Projects\SpIT\STICS_Pacheco\Hazus\WI\TRN.mdb\hzBusFlty,Comment,-1,-1,I:\MB7\Projects\SpIT\STICS_Pacheco\Hazus\WV\TRN.mdb\hzBusFlty,Comment,-1,-1,I:\MB7\Projects\SpIT\STICS_Pacheco\Hazus\WY\TRN.mdb\hzBusFlty,Comment,-1,-1"</Process><Process Name="Identity (2)" ToolSource="C:\Program Files\ArcGIS\Desktop10.0\ArcToolbox\Toolboxes\Analysis Tools.tbx\Identity" Date="20111212" Time="130907">Identity I:\MB7\Projects\SpIT\STICS_Pacheco\Hazus\CriticalFacilities\hzBusFlty.shp "I:\MB7\Projects\SpIT\STICS_Pacheco\GIS Download\50mi_buffer_aea.shp" I:\MB7\Projects\SpIT\STICS_Pacheco\Hazus\CriticalFacilities\50miBusFlty.shp ALL # NO_RELATIONSHIPS</Process><Process ToolSource="c:\program files\arcgis\desktop10.0\ArcToolbox\Toolboxes\Analysis Tools.tbx\Select" Date="20120227" Time="104338">Select I:\MB7\Projects\SpIT\STICS_Pacheco\Hazus\CriticalFacilities\50miBusFlty.shp "I:\MB7\Projects\SpIT\STICS_Pacheco\GIS Download\hazus_50miBusFlty.shp" ""STATE" &lt;&gt; ''"</Process></lineage></DataProperties><SyncDate>20120227</SyncDate><SyncTime>10433400</SyncTime><ModDate>20120227</ModDate><ModTime>10433400</ModTime></Esri><dataIdInfo><envirDesc Sync="TRUE">Microsoft Windows XP Version 5.1 (Build 2600) Service Pack 3; ESRI ArcGIS 10.0.3.3600</envirDesc><dataLang><languageCode value="en" Sync="TRUE"></languageCode><countryCode value="US" Sync="TRUE"></countryCode></dataLang><idCitation><resTitle Sync="TRUE">hazus_50miBusFlty</resTitle><presForm><PresFormCd value="005" Sync="TRUE"></PresFormCd></presForm></idCitation><spatRpType><SpatRepTypCd value="001" Sync="TRUE"></SpatRepTypCd></spatRpType></dataIdInfo><mdLang><languageCode value="en" Sync="TRUE"></languageCode><countryCode value="US" Sync="TRUE"></countryCode></mdLang><mdChar><CharSetCd value="004" Sync="TRUE"></CharSetCd></mdChar><distInfo><distFormat><formatName Sync="TRUE">Shapefile</formatName></distFormat><distTranOps><transSize Sync="TRUE">0.000</transSize></distTranOps></distInfo><mdHrLv><ScopeCd value="005" Sync="TRUE"></ScopeCd></mdHrLv><mdHrLvName Sync="TRUE">dataset</mdHrLvName><refSysInfo><RefSystem><refSysID><identCode code="4269" Sync="TRUE" value="4269"></identCode><idCodeSpace Sync="TRUE">EPSG</idCodeSpace><idVersion Sync="TRUE">7.4.1</idVersion></refSysID></RefSystem></refSysInfo><spatRepInfo><VectSpatRep><geometObjs Name="hazus_50miBusFlty"><geoObjTyp><GeoObjTypCd value="004" Sync="TRUE"></GeoObjTypCd></geoObjTyp><geoObjCnt Sync="TRUE">0</geoObjCnt></geometObjs><topLvl><TopoLevCd value="001" Sync="TRUE"></TopoLevCd></topLvl></VectSpatRep></spatRepInfo><spdoinfo><ptvctinf><esriterm><efeatyp Sync="TRUE">Simple</efeatyp><efeageom code="1" Sync="TRUE"></efeageom><esritopo Sync="TRUE">FALSE</esritopo><efeacnt Sync="TRUE">0</efeacnt><spindex Sync="TRUE">FALSE</spindex><linrefer Sync="TRUE">FALSE</linrefer></esriterm></ptvctinf></spdoinfo><eainfo><detailed Name="hazus_50miBusFlty"><enttyp><enttypl Sync="TRUE">hazus_50miBusFlty</enttypl><enttypt Sync="TRUE">Feature Class</enttypt><enttypc Sync="TRUE">0</enttypc></enttyp><attr><attrlabl Sync="TRUE">FID</attrlabl><attalias Sync="TRUE">FID</attalias><attrtype Sync="TRUE">OID</attrtype><attwidth Sync="TRUE">4</attwidth><atprecis Sync="TRUE">0</atprecis><attscale Sync="TRUE">0</attscale><attrdef Sync="TRUE">Internal feature number.</attrdef><attrdefs Sync="TRUE">ESRI</attrdefs><attrdomv><udom Sync="TRUE">Sequential unique whole numbers that are automatically generated.</udom></attrdomv></attr><attr><attrlabl Sync="TRUE">Shape</attrlabl><attalias Sync="TRUE">Shape</attalias><attrtype Sync="TRUE">Geometry</attrtype><attwidth Sync="TRUE">0</attwidth><atprecis Sync="TRUE">0</atprecis><attscale Sync="TRUE">0</attscale><attrdef Sync="TRUE">Feature geometry.</attrdef><attrdefs Sync="TRUE">ESRI</attrdefs><attrdomv><udom Sync="TRUE">Coordinates defining the features.</udom></attrdomv></attr><attr><attrlabl Sync="TRUE">FID_hzBusF</attrlabl><attalias Sync="TRUE">FID_hzBusF</attalias><attrtype Sync="TRUE">Integer</attrtype><attwidth Sync="TRUE">9</attwidth><atprecis Sync="TRUE">9</atprecis><attscale Sync="TRUE">0</attscale></attr><attr><attrlabl Sync="TRUE">BusFltyId</attrlabl><attalias Sync="TRUE">BusFltyId</attalias><attrtype Sync="TRUE">String</attrtype><attwidth Sync="TRUE">8</attwidth><atprecis Sync="TRUE">0</atprecis><attscale Sync="TRUE">0</attscale></attr><attr><attrlabl Sync="TRUE">TranspFclt</attrlabl><attalias Sync="TRUE">TranspFclt</attalias><attrtype Sync="TRUE">String</attrtype><attwidth Sync="TRUE">5</attwidth><atprecis Sync="TRUE">0</atprecis><attscale Sync="TRUE">0</attscale></attr><attr><attrlabl Sync="TRUE">Tract</attrlabl><attalias Sync="TRUE">Tract</attalias><attrtype Sync="TRUE">String</attrtype><attwidth Sync="TRUE">11</attwidth><atprecis Sync="TRUE">0</atprecis><attscale Sync="TRUE">0</attscale></attr><attr><attrlabl Sync="TRUE">Name</attrlabl><attalias Sync="TRUE">Name</attalias><attrtype Sync="TRUE">String</attrtype><attwidth Sync="TRUE">40</attwidth><atprecis Sync="TRUE">0</atprecis><attscale Sync="TRUE">0</attscale></attr><attr><attrlabl Sync="TRUE">Address</attrlabl><attalias Sync="TRUE">Address</attalias><attrtype Sync="TRUE">String</attrtype><attwidth Sync="TRUE">40</attwidth><atprecis Sync="TRUE">0</atprecis><attscale Sync="TRUE">0</attscale></attr><attr><attrlabl Sync="TRUE">City</attrlabl><attalias Sync="TRUE">City</attalias><attrtype Sync="TRUE">String</attrtype><attwidth Sync="TRUE">40</attwidth><atprecis Sync="TRUE">0</atprecis><attscale Sync="TRUE">0</attscale></attr><attr><attrlabl Sync="TRUE">Statea</attrlabl><attalias Sync="TRUE">Statea</attalias><attrtype Sync="TRUE">String</attrtype><attwidth Sync="TRUE">2</attwidth><atprecis Sync="TRUE">0</atprecis><attscale Sync="TRUE">0</attscale></attr><attr><attrlabl Sync="TRUE">Zipcode</attrlabl><attalias Sync="TRUE">Zipcode</attalias><attrtype Sync="TRUE">String</attrtype><attwidth Sync="TRUE">10</attwidth><atprecis Sync="TRUE">0</atprecis><attscale Sync="TRUE">0</attscale></attr><attr><attrlabl Sync="TRUE">Owner</attrlabl><attalias Sync="TRUE">Owner</attalias><attrtype Sync="TRUE">String</attrtype><attwidth Sync="TRUE">25</attwidth><atprecis Sync="TRUE">0</atprecis><attscale Sync="TRUE">0</attscale></attr><attr><attrlabl Sync="TRUE">Contact</attrlabl><attalias Sync="TRUE">Contact</attalias><attrtype Sync="TRUE">String</attrtype><attwidth Sync="TRUE">40</attwidth><atprecis Sync="TRUE">0</atprecis><attscale Sync="TRUE">0</attscale></attr><attr><attrlabl Sync="TRUE">PhoneNumbe</attrlabl><attalias Sync="TRUE">PhoneNumbe</attalias><attrtype Sync="TRUE">String</attrtype><attwidth Sync="TRUE">14</attwidth><atprecis Sync="TRUE">0</atprecis><attscale Sync="TRUE">0</attscale></attr><attr><attrlabl Sync="TRUE">Use</attrlabl><attalias Sync="TRUE">Use</attalias><attrtype Sync="TRUE">String</attrtype><attwidth Sync="TRUE">10</attwidth><atprecis Sync="TRUE">0</atprecis><attscale Sync="TRUE">0</attscale></attr><attr><attrlabl Sync="TRUE">YearBuilt</attrlabl><attalias Sync="TRUE">YearBuilt</attalias><attrtype Sync="TRUE">SmallInteger</attrtype><attwidth Sync="TRUE">4</attwidth><atprecis Sync="TRUE">4</atprecis><attscale Sync="TRUE">0</attscale></attr><attr><attrlabl Sync="TRUE">Cost</attrlabl><attalias Sync="TRUE">Cost</attalias><attrtype Sync="TRUE">Double</attrtype><attwidth Sync="TRUE">19</attwidth><atprecis Sync="TRUE">0</atprecis><attscale Sync="TRUE">0</attscale></attr><attr><attrlabl Sync="TRUE">BackupPowe</attrlabl><attalias Sync="TRUE">BackupPowe</attalias><attrtype Sync="TRUE">SmallInteger</attrtype><attwidth Sync="TRUE">4</attwidth><atprecis Sync="TRUE">4</atprecis><attscale Sync="TRUE">0</attscale></attr><attr><attrlabl Sync="TRUE">Traffic</attrlabl><attalias Sync="TRUE">Traffic</attalias><attrtype Sync="TRUE">Integer</attrtype><attwidth Sync="TRUE">9</attwidth><atprecis Sync="TRUE">9</atprecis><attscale Sync="TRUE">0</attscale></attr><attr><attrlabl Sync="TRUE">Latitude</attrlabl><attalias Sync="TRUE">Latitude</attalias><attrtype Sync="TRUE">Double</attrtype><attwidth Sync="TRUE">19</attwidth><atprecis Sync="TRUE">0</atprecis><attscale Sync="TRUE">0</attscale></attr><attr><attrlabl Sync="TRUE">Longitude</attrlabl><attalias Sync="TRUE">Longitude</attalias><attrtype Sync="TRUE">Double</attrtype><attwidth Sync="TRUE">19</attwidth><atprecis Sync="TRUE">0</atprecis><attscale Sync="TRUE">0</attscale></attr><attr><attrlabl Sync="TRUE">Comment</attrlabl><attalias Sync="TRUE">Comment</attalias><attrtype Sync="TRUE">String</attrtype><attwidth Sync="TRUE">40</attwidth><atprecis Sync="TRUE">0</atprecis><attscale Sync="TRUE">0</attscale></attr><attr><attrlabl Sync="TRUE">FID_50mi_b</attrlabl><attalias Sync="TRUE">FID_50mi_b</attalias><attrtype Sync="TRUE">Integer</attrtype><attwidth Sync="TRUE">9</attwidth><atprecis Sync="TRUE">9</atprecis><attscale Sync="TRUE">0</attscale></attr><attr><attrlabl Sync="TRUE">STATE</attrlabl><attalias Sync="TRUE">STATE</attalias><attrtype Sync="TRUE">String</attrtype><attwidth Sync="TRUE">2</attwidth><atprecis Sync="TRUE">0</atprecis><attscale Sync="TRUE">0</attscale></attr><attr><attrlabl Sync="TRUE">ST_ABBR</attrlabl><attalias Sync="TRUE">ST_ABBR</attalias><attrtype Sync="TRUE">String</attrtype><attwidth Sync="TRUE">2</attwidth><atprecis Sync="TRUE">0</atprecis><attscale Sync="TRUE">0</attscale></attr><attr><attrlabl Sync="TRUE">st_name</attrlabl><attalias Sync="TRUE">st_name</attalias><attrtype Sync="TRUE">String</attrtype><attwidth Sync="TRUE">50</attwidth><atprecis Sync="TRUE">0</atprecis><attscale Sync="TRUE">0</attscale></attr><attr><attrlabl Sync="TRUE">landsqmi</attrlabl><attalias Sync="TRUE">landsqmi</attalias><attrtype Sync="TRUE">Double</attrtype><attwidth Sync="TRUE">19</attwidth><atprecis Sync="TRUE">18</atprecis><attscale Sync="TRUE">11</attscale></attr></detailed></eainfo><mdDateSt Sync="TRUE">20120227</mdDateSt></metadata>
