<?xml version="1.0"?>
<!--<!DOCTYPE metadata SYSTEM "http://www.esri.com/metadata/esriprof80.dtd">-->
<metadata xml:lang="en"><Esri><MetaID>{654FF8FE-9F58-4C41-9704-63D195EEC86D}</MetaID><CreaDate>20070130</CreaDate><CreaTime>14580900</CreaTime><SyncOnce>FALSE</SyncOnce><SyncDate>20070130</SyncDate><SyncTime>16091300</SyncTime><ModDate>20070130</ModDate><ModTime>16091300</ModTime><DataProperties><lineage><Process ToolSource="C:\Program Files\ArcGIS\ArcToolbox\Toolboxes\Data Management Tools.tbx\CopyFeatures" Date="20070130" Time="150143">CopyFeatures "shlall83 arc" "I:\Shoreline\shlall83 arc.shp" # 0 0 0</Process><Process Name="Merge_6" ToolSource="C:\Program Files\ArcGIS\ArcToolbox\Toolboxes\Data Management Tools.tbx\Merge" Date="20070130" Time="161023">Merge 'shlall83 arc';MD_shoreline_utm I:\Shoreline\MDVA_shoreline_Merge.shp "FNODE_ FNODE_ true false false 9 Long 0 9 ,First,#,shlall83 arc,FNODE_,-1,-1,MD_shoreline_utm,FNODE_,-1,-1;TNODE_ TNODE_ true false false 9 Long 0 9 ,First,#,shlall83 arc,TNODE_,-1,-1,MD_shoreline_utm,TNODE_,-1,-1;LPOLY_ LPOLY_ true false false 9 Long 0 9 ,First,#,shlall83 arc,LPOLY_,-1,-1,MD_shoreline_utm,LPOLY_,-1,-1;RPOLY_ RPOLY_ true false false 9 Long 0 9 ,First,#,shlall83 arc,RPOLY_,-1,-1,MD_shoreline_utm,RPOLY_,-1,-1;LENGTH LENGTH true false false 13 Float 0 0 ,First,#,shlall83 arc,LENGTH,-1,-1,MD_shoreline_utm,LENGTH,-1,-1;SHLALL83_ SHLALL83_ true false false 9 Long 0 9 ,First,#,shlall83 arc,SHLALL83_,-1,-1;SHLALL83_I SHLALL83_I true false false 9 Long 0 9 ,First,#,shlall83 arc,SHLALL83_I,-1,-1;UPLAND UPLAND true false false 1 Short 0 1 ,First,#,shlall83 arc,UPLAND,-1,-1;FIPS FIPS true false false 4 Short 0 4 ,First,#,shlall83 arc,FIPS,-1,-1;SWRECSL_CT SWRECSL_CT true false false 11 Double 0 11 ,First,#,MD_shoreline_utm,SWRECSL_CT,-1,-1;SWRECSL__1 SWRECSL__1 true false false 11 Double 0 11 ,First,#,MD_shoreline_utm,SWRECSL__1,-1,-1;TNT_ID TNT_ID true false false 16 Double 0 16 ,First,#,MD_shoreline_utm,TNT_ID,-1,-1;TYPE_ TYPE_ true false false 80 Text 0 0 ,First,#,MD_shoreline_utm,TYPE_,-1,-1;QUADRANGLE QUADRANGLE true false false 41 Text 0 0 ,First,#,MD_shoreline_utm,QUADRANGLE,-1,-1;DATE_ DATE_ true false false 11 Text 0 0 ,First,#,MD_shoreline_utm,DATE_,-1,-1;LAYER LAYER true false false 32 Text 0 0 ,First,#,MD_shoreline_utm,LAYER,-1,-1;C0_NAME C0_NAME true false false 16 Text 0 0 ,First,#,MD_shoreline_utm,C0_NAME,-1,-1;CO_NUMBER CO_NUMBER true false false 11 Double 0 11 ,First,#,MD_shoreline_utm,CO_NUMBER,-1,-1;DISTRICT DISTRICT true false false 11 Double 0 11 ,First,#,MD_shoreline_utm,DISTRICT,-1,-1"</Process></lineage></DataProperties></Esri><idinfo><native Sync="TRUE">Microsoft Windows XP Version 5.1 (Build 2600) Service Pack 2; ESRI ArcCatalog 9.2.1.1332</native><descript><langdata Sync="TRUE">en</langdata><abstract>REQUIRED: A brief narrative summary of the data set.</abstract><purpose>REQUIRED: A summary of the intentions with which the data set was developed.</purpose></descript><citation><citeinfo><origin>REQUIRED: The name of an organization or individual that developed the data set.</origin><pubdate>REQUIRED: The date when the data set is published or otherwise made available for release.</pubdate><title Sync="TRUE">MDVA_shoreline_Merge</title><ftname Sync="TRUE">MDVA_shoreline_Merge</ftname><geoform Sync="TRUE">vector digital data</geoform><onlink Sync="TRUE">\\PCLAGGETXP\I$\Shoreline\MDVA_shoreline_Merge.shp</onlink></citeinfo></citation><timeperd><current>REQUIRED: The basis on which the time period of content information is determined.</current><timeinfo><sngdate><caldate>REQUIRED: The year (and optionally month, or month and day) for which the data set corresponds to the ground.</caldate></sngdate></timeinfo></timeperd><status><progress>REQUIRED: The state of the data set.</progress><update>REQUIRED: The frequency with which changes and additions are made to the data set after the initial data set is completed.</update></status><spdom><bounding><westbc Sync="TRUE">-78.432217</westbc><eastbc Sync="TRUE">-74.999603</eastbc><northbc Sync="TRUE">39.026898</northbc><southbc Sync="TRUE">36.456366</southbc></bounding><lboundng><leftbc Sync="TRUE">202662.046875</leftbc><rightbc Sync="TRUE">500034.406250</rightbc><bottombc Sync="TRUE">4039686.750000</bottombc><topbc Sync="TRUE">4319761.500000</topbc></lboundng></spdom><keywords><theme><themekt>REQUIRED: Reference to a formally registered thesaurus or a similar authoritative source of theme keywords.</themekt><themekey>REQUIRED: Common-use word or phrase used to describe the subject of the data set.</themekey></theme></keywords><accconst>REQUIRED: Restrictions and legal prerequisites for accessing the data set.</accconst><useconst>REQUIRED: Restrictions and legal prerequisites for using the data set after access is granted.</useconst><natvform Sync="TRUE">Shapefile</natvform></idinfo><dataIdInfo><envirDesc Sync="TRUE">Microsoft Windows XP Version 5.1 (Build 2600) Service Pack 2; ESRI ArcCatalog 9.2.1.1332</envirDesc><dataLang><languageCode Sync="TRUE" value="en"></languageCode></dataLang><idCitation><resTitle Sync="TRUE">MDVA_shoreline_Merge</resTitle><presForm><PresFormCd Sync="TRUE" value="005"></PresFormCd></presForm></idCitation><spatRpType><SpatRepTypCd Sync="TRUE" value="001"></SpatRepTypCd></spatRpType><dataExt><geoEle><GeoBndBox esriExtentType="native"><westBL Sync="TRUE">202662.046875</westBL><eastBL Sync="TRUE">500034.40625</eastBL><northBL Sync="TRUE">4319761.5</northBL><southBL Sync="TRUE">4039686.75</southBL><exTypeCode Sync="TRUE">1</exTypeCode></GeoBndBox></geoEle></dataExt><geoBox esriExtentType="decdegrees"><westBL Sync="TRUE">-78.432217</westBL><eastBL Sync="TRUE">-74.999603</eastBL><northBL Sync="TRUE">39.026898</northBL><southBL Sync="TRUE">36.456366</southBL><exTypeCode Sync="TRUE">1</exTypeCode></geoBox></dataIdInfo><metainfo><langmeta Sync="TRUE">en</langmeta><metstdn Sync="TRUE">FGDC Content Standards for Digital Geospatial Metadata</metstdn><metstdv Sync="TRUE">FGDC-STD-001-1998</metstdv><mettc Sync="TRUE">local time</mettc><metc><cntinfo><cntorgp><cntper>REQUIRED: The person responsible for the metadata information.</cntper><cntorg>REQUIRED: The organization responsible for the metadata information.</cntorg></cntorgp><cntaddr><addrtype>REQUIRED: The mailing and/or physical address for the organization or individual.</addrtype><city>REQUIRED: The city of the address.</city><state>REQUIRED: The state or province of the address.</state><postal>REQUIRED: The ZIP or other postal code of the address.</postal></cntaddr><cntvoice>REQUIRED: The telephone number by which individuals can speak to the organization or individual.</cntvoice></cntinfo></metc><metd Sync="TRUE">20070130</metd><metextns><onlink Sync="TRUE">http://www.esri.com/metadata/esriprof80.html</onlink><metprof Sync="TRUE">ESRI Metadata Profile</metprof></metextns></metainfo><mdLang><languageCode Sync="TRUE" value="en"></languageCode></mdLang><mdStanName Sync="TRUE">ISO 19115 Geographic Information - Metadata</mdStanName><mdStanVer Sync="TRUE">DIS_ESRI1.0</mdStanVer><mdChar><CharSetCd Sync="TRUE" value="004"></CharSetCd></mdChar><mdHrLv><ScopeCd Sync="TRUE" value="005"></ScopeCd></mdHrLv><mdHrLvName Sync="TRUE">dataset</mdHrLvName><distinfo><resdesc Sync="TRUE">Downloadable Data</resdesc><stdorder><digform><digtinfo><transize Sync="TRUE">0.000</transize><dssize Sync="TRUE">0.000</dssize></digtinfo></digform></stdorder></distinfo><distInfo><distributor><distorTran><onLineSrc><orDesc Sync="TRUE">002</orDesc><linkage Sync="TRUE">file://\\PCLAGGETXP\I$\Shoreline\MDVA_shoreline_Merge.shp</linkage><protocol Sync="TRUE">Local Area Network</protocol></onLineSrc><transSize Sync="TRUE">0.000</transSize></distorTran><distorFormat><formatName Sync="TRUE">Shapefile</formatName></distorFormat></distributor></distInfo><spdoinfo><direct Sync="TRUE">Vector</direct><ptvctinf><esriterm Name="MDVA_shoreline_Merge"><efeatyp Sync="TRUE">Simple</efeatyp><efeageom Sync="TRUE">Polyline</efeageom><esritopo Sync="TRUE">FALSE</esritopo><efeacnt Sync="TRUE">0</efeacnt><spindex Sync="TRUE">FALSE</spindex><linrefer Sync="TRUE">FALSE</linrefer></esriterm><sdtsterm Name="MDVA_shoreline_Merge"><sdtstype Sync="TRUE">String</sdtstype><ptvctcnt Sync="TRUE">0</ptvctcnt></sdtsterm><esriterm Name="arc"><efeatyp Sync="TRUE">Simple</efeatyp><efeageom Sync="TRUE">Arc</efeageom><esritopo Sync="TRUE">FALSE</esritopo><efeacnt Sync="TRUE">10755</efeacnt><spindex Sync="TRUE">FALSE</spindex><linrefer Sync="TRUE">FALSE</linrefer></esriterm><sdtsterm Name="arc"><sdtstype Sync="TRUE">Complete chain</sdtstype><ptvctcnt Sync="TRUE">10755</ptvctcnt></sdtsterm><esriterm Name="tic"><efeatyp Sync="TRUE">Simple</efeatyp><efeageom Sync="TRUE">Tic</efeageom><esritopo Sync="TRUE">FALSE</esritopo><efeacnt Sync="TRUE">234</efeacnt><spindex Sync="TRUE">FALSE</spindex><linrefer Sync="TRUE">FALSE</linrefer></esriterm><sdtsterm Name="tic"><sdtstype Sync="TRUE">Point</sdtstype><ptvctcnt Sync="TRUE">234</ptvctcnt></sdtsterm></ptvctinf></spdoinfo><spref><horizsys><cordsysn><geogcsn Sync="TRUE">GCS_North_American_1983</geogcsn><projcsn Sync="TRUE">NAD_1983_UTM_Zone_18N</projcsn></cordsysn><planar><planci><plance Sync="TRUE">coordinate pair</plance><plandu Sync="TRUE">meters</plandu><coordrep><absres Sync="TRUE">0.000000</absres><ordres Sync="TRUE">0.000000</ordres></coordrep></planci><gridsys><gridsysn Sync="TRUE">Universal Transverse Mercator</gridsysn><utm><utmzone Sync="TRUE">18</utmzone><transmer><sfctrmer Sync="TRUE">0.999600</sfctrmer><longcm Sync="TRUE">-75.000000</longcm><latprjo Sync="TRUE">0.000000</latprjo><feast Sync="TRUE">500000.000000</feast><fnorth Sync="TRUE">0.000000</fnorth></transmer></utm></gridsys></planar><geodetic><horizdn Sync="TRUE">North American Datum of 1983</horizdn><ellips Sync="TRUE">Geodetic Reference System 80</ellips><semiaxis Sync="TRUE">6378137.000000</semiaxis><denflat Sync="TRUE">298.257222</denflat></geodetic></horizsys></spref><refSysInfo><RefSystem><refSysID><identCode Sync="TRUE">NAD_1983_UTM_Zone_18N</identCode></refSysID></RefSystem></refSysInfo><spatRepInfo><VectSpatRep><topLvl><TopoLevCd Sync="TRUE" value="001"></TopoLevCd></topLvl><geometObjs Name="MDVA_shoreline_Merge"><geoObjTyp><GeoObjTypCd Sync="TRUE" value="001"></GeoObjTypCd></geoObjTyp><geoObjCnt Sync="TRUE">0</geoObjCnt></geometObjs></VectSpatRep></spatRepInfo><eainfo><detailed Name="MDVA_shoreline_Merge"><attr><attrlabl Sync="TRUE">FID</attrlabl><attalias Sync="TRUE">FID</attalias><attrtype Sync="TRUE">OID</attrtype><attwidth Sync="TRUE">4</attwidth><atprecis Sync="TRUE">0</atprecis><attscale Sync="TRUE">0</attscale><attrdef Sync="TRUE">Internal feature number.</attrdef><attrdefs Sync="TRUE">ESRI</attrdefs><attrdomv><udom Sync="TRUE">Sequential unique whole numbers that are automatically generated.</udom></attrdomv></attr><attr><attrlabl Sync="TRUE">Shape</attrlabl><attalias Sync="TRUE">Shape</attalias><attrtype Sync="TRUE">Geometry</attrtype><attwidth Sync="TRUE">0</attwidth><atprecis Sync="TRUE">0</atprecis><attscale Sync="TRUE">0</attscale><attrdef Sync="TRUE">Feature geometry.</attrdef><attrdefs Sync="TRUE">ESRI</attrdefs><attrdomv><udom Sync="TRUE">Coordinates defining the features.</udom></attrdomv></attr><attr><attrlabl Sync="TRUE">FIPS</attrlabl><attwidth Sync="TRUE">9</attwidth><atoutwid Sync="TRUE">4</atoutwid><attrtype Sync="TRUE">Number</attrtype></attr><attr><attrlabl Sync="TRUE">FNODE_</attrlabl><attalias Sync="TRUE">FNODE_</attalias><attrtype Sync="TRUE">Number</attrtype><attwidth Sync="TRUE">9</attwidth></attr><attr><attrlabl Sync="TRUE">TNODE_</attrlabl><attalias Sync="TRUE">TNODE_</attalias><attrtype Sync="TRUE">Number</attrtype><attwidth Sync="TRUE">9</attwidth></attr><attr><attrlabl Sync="TRUE">LPOLY_</attrlabl><attalias Sync="TRUE">LPOLY_</attalias><attrtype Sync="TRUE">Number</attrtype><attwidth Sync="TRUE">9</attwidth></attr><enttyp><enttypl Sync="TRUE">MDVA_shoreline_Merge</enttypl><enttypt Sync="TRUE">Feature Class</enttypt><enttypc Sync="TRUE">0</enttypc></enttyp><attr><attrlabl Sync="TRUE">RPOLY_</attrlabl><attalias Sync="TRUE">RPOLY_</attalias><attrtype Sync="TRUE">Float</attrtype><attwidth Sync="TRUE">13</attwidth></attr><attr><attrlabl Sync="TRUE">LENGTH</attrlabl><attalias Sync="TRUE">LENGTH</attalias><attrtype Sync="TRUE">Number</attrtype><attwidth Sync="TRUE">9</attwidth></attr><attr><attrlabl Sync="TRUE">SHLALL83_</attrlabl><attalias Sync="TRUE">SHLALL83_</attalias><attrtype Sync="TRUE">Number</attrtype><attwidth Sync="TRUE">9</attwidth></attr><attr><attrlabl Sync="TRUE">SHLALL83_I</attrlabl><attalias Sync="TRUE">SHLALL83_I</attalias><attrtype Sync="TRUE">Number</attrtype><attwidth Sync="TRUE">1</attwidth></attr><attr><attrlabl Sync="TRUE">UPLAND</attrlabl><attalias Sync="TRUE">UPLAND</attalias><attrtype Sync="TRUE">Number</attrtype><attwidth Sync="TRUE">4</attwidth></attr><attr><attrlabl Sync="TRUE">SWRECSL_CT</attrlabl><attalias Sync="TRUE">SWRECSL_CT</attalias><attrtype Sync="TRUE">Number</attrtype><attwidth Sync="TRUE">11</attwidth></attr><attr><attrlabl Sync="TRUE">SWRECSL__1</attrlabl><attalias Sync="TRUE">SWRECSL__1</attalias><attrtype Sync="TRUE">Number</attrtype><attwidth Sync="TRUE">11</attwidth></attr><attr><attrlabl Sync="TRUE">TNT_ID</attrlabl><attalias Sync="TRUE">TNT_ID</attalias><attrtype Sync="TRUE">Number</attrtype><attwidth Sync="TRUE">16</attwidth></attr><attr><attrlabl Sync="TRUE">TYPE_</attrlabl><attalias Sync="TRUE">TYPE_</attalias><attrtype Sync="TRUE">String</attrtype><attwidth Sync="TRUE">80</attwidth></attr><attr><attrlabl Sync="TRUE">QUADRANGLE</attrlabl><attalias Sync="TRUE">QUADRANGLE</attalias><attrtype Sync="TRUE">String</attrtype><attwidth Sync="TRUE">41</attwidth></attr><attr><attrlabl Sync="TRUE">DATE_</attrlabl><attalias Sync="TRUE">DATE_</attalias><attrtype Sync="TRUE">String</attrtype><attwidth Sync="TRUE">11</attwidth></attr><attr><attrlabl Sync="TRUE">LAYER</attrlabl><attalias Sync="TRUE">LAYER</attalias><attrtype Sync="TRUE">String</attrtype><attwidth Sync="TRUE">32</attwidth></attr><attr><attrlabl Sync="TRUE">C0_NAME</attrlabl><attalias Sync="TRUE">C0_NAME</attalias><attrtype Sync="TRUE">String</attrtype><attwidth Sync="TRUE">16</attwidth></attr><attr><attrlabl Sync="TRUE">CO_NUMBER</attrlabl><attalias Sync="TRUE">CO_NUMBER</attalias><attrtype Sync="TRUE">Number</attrtype><attwidth Sync="TRUE">11</attwidth></attr><attr><attrlabl Sync="TRUE">DISTRICT</attrlabl><attalias Sync="TRUE">DISTRICT</attalias><attrtype Sync="TRUE">Number</attrtype><attwidth Sync="TRUE">11</attwidth></attr></detailed><detailed Name="shlall83.aat"><enttyp><enttypl Sync="TRUE">shlall83.aat</enttypl><enttypt Sync="TRUE">Feature Class</enttypt><enttypc Sync="TRUE">10755</enttypc></enttyp><attr><attrlabl Sync="TRUE">FID</attrlabl><attalias Sync="TRUE">FID</attalias><attrtype Sync="TRUE">OID</attrtype><attwidth Sync="TRUE">4</attwidth><atprecis Sync="TRUE">0</atprecis><attscale Sync="TRUE">0</attscale><attrdef Sync="TRUE">Internal feature number.</attrdef><attrdefs Sync="TRUE">ESRI</attrdefs><attrdomv><udom Sync="TRUE">Sequential unique whole numbers that are automatically generated.</udom></attrdomv></attr><attr><attrlabl Sync="TRUE">Shape</attrlabl><attalias Sync="TRUE">Shape</attalias><attrtype Sync="TRUE">Geometry</attrtype><attwidth Sync="TRUE">0</attwidth><atprecis Sync="TRUE">0</atprecis><attscale Sync="TRUE">0</attscale><attrdef Sync="TRUE">Feature geometry.</attrdef><attrdefs Sync="TRUE">ESRI</attrdefs><attrdomv><udom Sync="TRUE">Coordinates defining the features.</udom></attrdomv></attr><attr><attrlabl Sync="TRUE">FNODE#</attrlabl><attwidth Sync="TRUE">9</attwidth><atoutwid Sync="TRUE">5</atoutwid><attrtype Sync="TRUE">Number</attrtype><attrdef Sync="TRUE">Internal node number for the beginning of an arc (from-node).</attrdef><attrdefs Sync="TRUE">ESRI</attrdefs><attrdomv><udom Sync="TRUE">Whole numbers that are automatically generated.</udom></attrdomv></attr><attr><attrlabl Sync="TRUE">TNODE#</attrlabl><attwidth Sync="TRUE">9</attwidth><atoutwid Sync="TRUE">5</atoutwid><attrtype Sync="TRUE">Number</attrtype><attrdef Sync="TRUE">Internal node number for the end of an arc (to-node).</attrdef><attrdefs Sync="TRUE">ESRI</attrdefs><attrdomv><udom Sync="TRUE">Whole numbers that are automatically generated.</udom></attrdomv></attr><attr><attrlabl Sync="TRUE">LPOLY#</attrlabl><attwidth Sync="TRUE">9</attwidth><atoutwid Sync="TRUE">5</atoutwid><attrtype Sync="TRUE">Number</attrtype><attrdef Sync="TRUE">Internal node number for the left polygon.</attrdef><attrdefs Sync="TRUE">ESRI</attrdefs><attrdomv><udom Sync="TRUE">Whole numbers that are automatically generated.</udom></attrdomv></attr><attr><attrlabl Sync="TRUE">RPOLY#</attrlabl><attwidth Sync="TRUE">9</attwidth><atoutwid Sync="TRUE">5</atoutwid><attrtype Sync="TRUE">Number</attrtype><attrdef Sync="TRUE">Internal node number for the right polygon.</attrdef><attrdefs Sync="TRUE">ESRI</attrdefs><attrdomv><udom Sync="TRUE">Whole numbers that are automatically generated.</udom></attrdomv></attr><attr><attrlabl Sync="TRUE">LENGTH</attrlabl><attwidth Sync="TRUE">13</attwidth><atoutwid Sync="TRUE">12</atoutwid><attrtype Sync="TRUE">Float</attrtype><atnumdec Sync="TRUE">11</atnumdec><attrdef Sync="TRUE">Length of feature in internal units.</attrdef><attrdefs Sync="TRUE">ESRI</attrdefs><attrdomv><udom Sync="TRUE">Positive real numbers that are automatically generated.</udom></attrdomv></attr><attr><attrlabl Sync="TRUE">SHLALL83#</attrlabl><attwidth Sync="TRUE">9</attwidth><atoutwid Sync="TRUE">5</atoutwid><attrtype Sync="TRUE">Number</attrtype><attrdef Sync="TRUE">Internal feature number.</attrdef><attrdefs Sync="TRUE">ESRI</attrdefs><attrdomv><udom Sync="TRUE">Sequential unique whole numbers that are automatically generated.</udom></attrdomv></attr><attr><attrlabl Sync="TRUE">SHLALL83-ID</attrlabl><attwidth Sync="TRUE">9</attwidth><atoutwid Sync="TRUE">5</atoutwid><attrtype Sync="TRUE">Number</attrtype><attrdef Sync="TRUE">User-defined feature number.</attrdef><attrdefs Sync="TRUE">ESRI</attrdefs></attr><attr><attrlabl Sync="TRUE">UPLAND</attrlabl><attwidth Sync="TRUE">1</attwidth><atoutwid Sync="TRUE">1</atoutwid><attrtype Sync="TRUE">Number</attrtype></attr><attr><attrlabl Sync="TRUE">FIPS</attrlabl><attwidth Sync="TRUE">4</attwidth><atoutwid Sync="TRUE">4</atoutwid><attrtype Sync="TRUE">Number</attrtype></attr></detailed></eainfo><mdDateSt Sync="TRUE">20070130</mdDateSt></metadata>
