<?xml version="1.0"?>
<!--<!DOCTYPE metadata SYSTEM "http://www.esri.com/metadata/esriprof80.dtd">-->
<metadata xml:lang="en"><Esri><CreaDate>20130227</CreaDate><CreaTime>09412800</CreaTime><SyncOnce>FALSE</SyncOnce><DataProperties><lineage><Process ToolSource="C:\Program Files\ArcGIS\ArcToolbox\Toolboxes\Data Management Tools.tbx\DefineProjection" Date="20100610" Time="082250">DefineProjection ffax_lubc PROJCS['NAD_1983_UTM_Zone_18N',GEOGCS['GCS_North_American_1983',DATUM['D_North_American_1983',SPHEROID['GRS_1980',6378137.0,298.257222101]],PRIMEM['Greenwich',0.0],UNIT['Degree',0.0174532925199433]],PROJECTION['Transverse_Mercator'],PARAMETER['False_Easting',500000.0],PARAMETER['False_Northing',0.0],PARAMETER['Central_Meridian',-75.0],PARAMETER['Scale_Factor',0.9996],PARAMETER['Latitude_Of_Origin',0.0],UNIT['Meter',1.0]] ffax_lubc</Process></lineage><itemProps><itemLocation><linkage Sync="TRUE">file://\\139.70.26.251\ccrm\cci\Shoreline_Inventories\Completed_Inventories\Virginia_Shoreline_Inventories\va_counties\Fairfax_Alexandria\Alex_only\alex_ffax_lubc</linkage><protocol Sync="TRUE">Local Area Network</protocol></itemLocation></itemProps><copyHistory><copy source="N:\cci\Shoreline_Inventories\Completed_Inventories\Virginia_Shoreline_Inventories\va_counties\Fairfax_Alexandria\FairfaxVA\fairfax_alex_portfolio\alex_ffax_final_shapefiles\alex_ffax_lubc" dest="\\139.70.26.251\ccrm\cci\Shoreline_Inventories\Completed_Inventories\Virginia_Shoreline_Inventories\va_counties\Fairfax_Alexandria\Alex_only\alex_ffax_lubc" date="20130227" time="09412800"></copy></copyHistory></DataProperties><SyncDate>20130228</SyncDate><SyncTime>12204400</SyncTime><ModDate>20130228</ModDate><ModTime>12204400</ModTime><ArcGISstyle>Item Description</ArcGISstyle></Esri><idinfo><citation><citeinfo><origin>Comprehensive Coastal Inventory Program, Virginia Institute of Marine Science </origin><pubdate>2010</pubdate><title>The City of Alexandria Land Use and Bank Cover </title><ftname Sync="TRUE">alex_lubc</ftname><geoform Sync="TRUE">vector digital data</geoform><onlink>http://ccrm.vims.edu/gis_data_maps/shoreline_inventories/index.html </onlink></citeinfo></citation><native Sync="TRUE">Microsoft Windows Vista Version 6.1 (Build 7601) Service Pack 1; ESRI ArcCatalog 9.3.1.3000</native><descript><langdata Sync="TRUE">en</langdata><abstract>Shoreline Situation Reports (SSR) were first generated by VIMS in the 1970's to report the condition and status of the shore lands.  The SSR series were published in hardcopy on a county by county basis for each Tidewater Virginia localities.  The reports were intended to assist planners, managers, and regulators in decisions pertaining to management of coastal areas and natural resources therein.  This Shoreline Inventory report continues a process which updates and expands the earlier reports.  Data collected reports conditions surveyed in the immediate riparian zone, the bank, and along the shoreline.
</abstract><purpose>To inventory Virginia's tidal shoreline conditions.
</purpose><supplinf>There are three shapefiles that are part of the 2010 City of Alexandria Shoreline Inventory database: alex_lubc, alex_astru, alex_sstru. Alex_lubc (land use and bank cover for  the City of Alexandria) is a linear shapefile containing data about land use, tree fringe, canopy overhang, bank height, bank cover,  erosion, Phragmites australis,  marsh, and beach status along the shoreline. Alex__sstru (the City of Alexandria shoreline structures) is a linear shapefile delineating hard structures in place at the shoreline (bulkhead, breakwater,debris, dilapidated bulkhead,  riprap, jetty, marina, marsh toe revetment, wharf, unconventional, groinfields). Alex_astru (the City of Alexandria access structures) is a point shapefile with locations of docks, ramps, dilapidated docks, outfalls and boathouses. The attributes of these three shapefiles are explained in the Entity and Attribute Information section below.
</supplinf></descript><timeperd><current>ground condition at time of survey</current><timeinfo><sngdate><caldate>6/7/2010</caldate></sngdate></timeinfo></timeperd><status><progress>Complete</progress><update>None planned</update></status><spdom><bounding><westbc Sync="TRUE">-77.064830</westbc><eastbc Sync="TRUE">-77.036670</eastbc><northbc Sync="TRUE">38.845050</northbc><southbc Sync="TRUE">38.789666</southbc></bounding><lboundng><leftbc Sync="TRUE">320803.940711</leftbc><rightbc Sync="TRUE">323113.272892</rightbc><bottombc Sync="TRUE">4295457.756818</bottombc><topbc Sync="TRUE">4301555.713975</topbc></lboundng></spdom><keywords><theme><themekey>Shoreline conditions </themekey><themekey>Shoreline inventory </themekey><themekey>Shoreline structures </themekey><themekey>Access structures </themekey></theme><place><placekey>Potomac River </placekey><placekey>Occoquan Bay </placekey><placekey>Pohick Bay </placekey><placekey>Accotink Bay </placekey><placekey>Hunting Creek </placekey><placekey>Little Hunting Creek </placekey></place></keywords><accconst>none</accconst><useconst>These data should not be used for jurisdictional permit determinations beyond providing general shoreline condition or status information.  These data have not been surveyed to property boundaries.
</useconst><natvform Sync="TRUE">Shapefile</natvform><ptcontac><cntinfo><cntperp><cntper>Marcia Berman</cntper><cntorg>Virginia Institute of Marine Science </cntorg></cntperp><cntpos>Director of Comprehensive Coastal Inventory Program </cntpos><cntaddr><addrtype>mailing and physical address</addrtype><address>P.O.Box 1346 Greate Road</address><city>Gloucester Point</city><state>VA</state><postal>23062</postal><country>USA</country></cntaddr><cntvoice>804-684-7188</cntvoice><cntfax>804-684-7179</cntfax><cntemail>marcia@vims.edu</cntemail></cntinfo></ptcontac></idinfo><distInfo><distributor><distorTran><onLineSrc><linkage Sync="TRUE">file://\\139.70.26.251\ccrm\cci\Shoreline_Inventories\Completed_Inventories\Virginia_Shoreline_Inventories\va_counties\Fairfax_Alexandria\Alex_only\alex_lubc.shp</linkage><protocol Sync="TRUE">Local Area Network</protocol><orDesc Sync="TRUE">002</orDesc></onLineSrc><transSize Sync="TRUE">0.028</transSize></distorTran><distorFormat><formatName Sync="TRUE">Shapefile</formatName></distorFormat></distributor></distInfo><dataqual><lineage><procstep><procdesc>Data was collected by a two-person field crew (one person collecting land use and bank condition data and one boat operator also collecting shoreline features) using two hand-held Trimble GeoExplorers GPS Units, while navigating along the shoreline. A data dictionary designed for the inventory was installed on each GPS Unit. One data collector records natural features including land use, bank height, presence of marsh or beach, and shoreline stability. A second person collects data on the hardened structures: riprap, bulkheads, docks, boatramps, etc. Point features (docks, boathouses, ramps) were surveyed with a six second observation recorded at 1 reading/second. Linear features were surveyed kinematically at a rate of one observation every 3 seconds.
</procdesc></procstep><srcinfo><srccite><citeinfo><title>Virginia Base Mapping Program (VBMP) 2009 </title><origin>Virginia Base Mapping Program (VBMP) 2009 </origin><pubdate>2010</pubdate><pubinfo><pubplace>Chester,VA </pubplace><publish>Chester,VA </publish></pubinfo></citeinfo></srccite></srcinfo><procstep><procdesc>Data from the GPS units were postprocessed on a PC with Trimble Pathfinder Office software. Postprocessing includes differential correction using base station data collected at the VIMS laboratory. Corrected data is converted to shapefiles for further processing.
</procdesc></procstep><procstep><procdesc>In the ArcMap environment, boat-track arcs were manually shifted to the base shoreline (VBMP). Arcs were split and moved to locations on the shoreline perpendicular to the original locations on the boat-track. Shoreline arc segments were coded, and the shapefiles were visually checked for attribute accuracy between coded shoreline and boat-track data.
</procdesc></procstep><procstep><procdesc>In ArcMap, boat-track points were manually shifted to the base shoreline (VBMP). Points were moved to locations on the shoreline perpendicular to the original locations on the boat-track. Points were coded and the access structure (astru) was visually checked for attribute accuracy between coded shoreline and boat-track data.
</procdesc></procstep><procstep><procdesc>Land use, dock, and boathouse locations were digitally checked and repositioned if necessary with VBMP imagery displayed as a background coverage. This was done using ArcMap capabilities. Areas inaccessible by boat due to low tide were coded based on features observed on the imagery. The "remote" coded areas were given the item REMOTE = "yes" to distinquish them from GPS collected data.
</procdesc></procstep><procstep><procdesc>A portfolio was created for the City of Alexandria. Each plate shows four maps: riparian land use, bank conditions, shoreline features, and natural buffers.   VBMP (2009) Infrared WGS imagery is displayed in the background to provide users with additional information.</procdesc></procstep></lineage><logic>Chain-node topology present.  Linear coverages were built for lines and point coverages were built for points.
</logic><complete>All shoreline for the City of Alexandria that has a minimum depth of 2 feet at mean low water was surveyed.   Some shorelines are coded remotely if access was restricted due to depth at time of survey.  Upper reaches of creeks were often coded remotely.</complete><posacc><horizpa><horizpar>Shoreline structures were recorded with a GPS unit as the boat moved along the shoreline. Data was transferred from the GPS boat track to an existing digital shoreline coverage by projecting data to the shoreline at a 90 degree angle from the boat track. Rectified digital orthophoto quads were used as a background coverage to aid in data positioning. Dock and boathouse point data were aligned with docks on the images. Land use features were placed along the shore so changes in land use were coincident with changes illustrated in the imagery. Positional accuracy for data that has been corrected with imagery is  .3 meters (equivalent to image resolution). Data not visable on the imagery (bulkheads, riprap, etc.) has a positional accuracy of  11 meters. Accuracy was determined by comparing digitally processed data locations to onsite GPS ground surveys collected at random.
</horizpar></horizpa></posacc></dataqual><dataIdInfo><envirDesc Sync="TRUE">Microsoft Windows Vista Version 6.1 (Build 7601) Service Pack 1; ESRI ArcCatalog 9.3.1.3000</envirDesc><dataLang><languageCode Sync="TRUE" value="en"></languageCode></dataLang><idCitation><resTitle Sync="TRUE">alex_lubc</resTitle><presForm><PresFormCd Sync="TRUE" value="005"></PresFormCd></presForm></idCitation><spatRpType><SpatRepTypCd Sync="TRUE" value="001"></SpatRepTypCd></spatRpType><dataExt><geoEle><GeoBndBox esriExtentType="native"><westBL Sync="TRUE">320803.940711</westBL><eastBL Sync="TRUE">323113.272892</eastBL><northBL Sync="TRUE">4301555.713975</northBL><southBL Sync="TRUE">4295457.756818</southBL><exTypeCode Sync="TRUE">1</exTypeCode></GeoBndBox></geoEle></dataExt><geoBox esriExtentType="decdegrees"><westBL Sync="TRUE">-77.06483</westBL><eastBL Sync="TRUE">-77.03667</eastBL><northBL Sync="TRUE">38.84505</northBL><southBL Sync="TRUE">38.789666</southBL><exTypeCode Sync="TRUE">1</exTypeCode></geoBox></dataIdInfo><metainfo><langmeta Sync="TRUE">en</langmeta><metstdn Sync="TRUE">FGDC Content Standards for Digital Geospatial Metadata</metstdn><metstdv Sync="TRUE">FGDC-STD-001-1998</metstdv><mettc Sync="TRUE">local time</mettc><metc><cntinfo><cntaddr><addrtype>mailing and physical address</addrtype><city>Gloucester Point</city><state>VA</state><postal>23062</postal><address>P.O.Box 1346 Greate Road</address><country>USA</country></cntaddr><cntvoice>804-684-7534</cntvoice><cntperp><cntper>Sharon Killeen</cntper><cntorg>Comprehensive Coastal Inventory</cntorg></cntperp><cntpos>GIS Programmer/Analyst</cntpos><cntfax>804-684-7179</cntfax><cntemail>sharon@vims.edu</cntemail></cntinfo></metc><metd Sync="TRUE">20130228</metd><metextns><onlink Sync="TRUE">http://www.esri.com/metadata/esriprof80.html</onlink><metprof Sync="TRUE">ESRI Metadata Profile</metprof></metextns></metainfo><mdLang><languageCode Sync="TRUE" value="en"></languageCode></mdLang><mdStanName Sync="TRUE">ISO 19115 Geographic Information - Metadata</mdStanName><mdStanVer Sync="TRUE">DIS_ESRI1.0</mdStanVer><mdChar><CharSetCd Sync="TRUE" value="004"></CharSetCd></mdChar><mdHrLv><ScopeCd Sync="TRUE" value="005"></ScopeCd></mdHrLv><mdHrLvName Sync="TRUE">dataset</mdHrLvName><distinfo><resdesc Sync="TRUE">Downloadable Data</resdesc><stdorder><digform><digtinfo><transize Sync="TRUE">0.028</transize><dssize Sync="TRUE">0.028</dssize></digtinfo></digform></stdorder><distliab>
The Comprehensive Coastal Inventory Program (CCI) at VIMS performs a service by distributing data generated by either CCI or public agencies which offer data without restriction or charge. CCI assumes no responsibility for data accuracy or precision, metadata completeness or correctness for digital information. CCI assumes no liability for misuse of any data which may arise as a result of any alteration, conversion, or combination with other data sources. As well, the timeliness and scale of these products must be considered when evaluating appropriate use.
</distliab></distinfo><spdoinfo><direct Sync="TRUE">Vector</direct><ptvctinf><esriterm Name="alex_lubc"><efeatyp Sync="TRUE">Simple</efeatyp><efeageom Sync="TRUE">Polyline</efeageom><esritopo Sync="TRUE">FALSE</esritopo><efeacnt Sync="TRUE">61</efeacnt><spindex Sync="TRUE">TRUE</spindex><linrefer Sync="TRUE">FALSE</linrefer></esriterm><sdtsterm Name="alex_lubc"><sdtstype Sync="TRUE">String</sdtstype><ptvctcnt Sync="TRUE">61</ptvctcnt></sdtsterm></ptvctinf></spdoinfo><spref><horizsys><cordsysn><geogcsn Sync="TRUE">GCS_North_American_1983</geogcsn><projcsn Sync="TRUE">NAD_1983_UTM_Zone_18N</projcsn></cordsysn><planar><planci><plance Sync="TRUE">coordinate pair</plance><plandu Sync="TRUE">meters</plandu><coordrep><absres Sync="TRUE">0.000000</absres><ordres Sync="TRUE">0.000000</ordres></coordrep></planci><gridsys><gridsysn Sync="TRUE">Universal Transverse Mercator</gridsysn><utm><utmzone Sync="TRUE">18</utmzone><transmer><sfctrmer Sync="TRUE">0.999600</sfctrmer><longcm Sync="TRUE">-75.000000</longcm><latprjo Sync="TRUE">0.000000</latprjo><feast Sync="TRUE">500000.000000</feast><fnorth Sync="TRUE">0.000000</fnorth></transmer></utm></gridsys></planar><geodetic><horizdn Sync="TRUE">North American Datum of 1983</horizdn><ellips Sync="TRUE">Geodetic Reference System 80</ellips><semiaxis Sync="TRUE">6378137.000000</semiaxis><denflat Sync="TRUE">298.257222</denflat></geodetic></horizsys></spref><refSysInfo><RefSystem><refSysID><identCode Sync="TRUE">NAD_1983_UTM_Zone_18N</identCode></refSysID></RefSystem></refSysInfo><spatRepInfo><VectSpatRep><topLvl><TopoLevCd Sync="TRUE" value="001"></TopoLevCd></topLvl><geometObjs Name="alex_lubc"><geoObjTyp><GeoObjTypCd Sync="TRUE" value="001"></GeoObjTypCd></geoObjTyp><geoObjCnt Sync="TRUE">61</geoObjCnt></geometObjs></VectSpatRep></spatRepInfo><eainfo><detailed Name="alex_lubc"><enttyp><enttypl Sync="TRUE">alex_lubc</enttypl><enttypt Sync="TRUE">Feature Class</enttypt><enttypc Sync="TRUE">61</enttypc></enttyp><attr><attrlabl Sync="TRUE">FID</attrlabl><attalias Sync="TRUE">FID</attalias><attrtype Sync="TRUE">OID</attrtype><attwidth Sync="TRUE">4</attwidth><atprecis Sync="TRUE">0</atprecis><attscale Sync="TRUE">0</attscale><attrdef Sync="TRUE">Internal feature number.</attrdef><attrdefs Sync="TRUE">ESRI</attrdefs><attrdomv><udom Sync="TRUE">Sequential unique whole numbers that are automatically generated.</udom></attrdomv></attr><attr><attrlabl Sync="TRUE">Shape</attrlabl><attalias Sync="TRUE">Shape</attalias><attrtype Sync="TRUE">Geometry</attrtype><attwidth Sync="TRUE">0</attwidth><atprecis Sync="TRUE">0</atprecis><attscale Sync="TRUE">0</attscale><attrdef Sync="TRUE">Feature geometry.</attrdef><attrdefs Sync="TRUE">ESRI</attrdefs><attrdomv><udom Sync="TRUE">Coordinates defining the features.</udom></attrdomv></attr><attr><attrlabl Sync="TRUE">LENGTH</attrlabl><attalias Sync="TRUE">LENGTH</attalias><attrtype Sync="TRUE">Number</attrtype><attwidth Sync="TRUE">18</attwidth><atnumdec Sync="TRUE">5</atnumdec></attr><attr><attrlabl Sync="TRUE">tree_fring</attrlabl><attalias Sync="TRUE">tree_fring</attalias><attrtype Sync="TRUE">String</attrtype><attwidth Sync="TRUE">30</attwidth><attrdef>Along the shore is present in conjuncture with the dominant land use</attrdef></attr><attr><attrlabl Sync="TRUE">bank_cover</attrlabl><attalias Sync="TRUE">bank_cover</attalias><attrtype Sync="TRUE">String</attrtype><attwidth Sync="TRUE">10</attwidth><attrdef>vegetative coverage of the bank: total, partial or bare</attrdef></attr><attr><attrlabl Sync="TRUE">erosion</attrlabl><attalias Sync="TRUE">erosion</attalias><attrtype Sync="TRUE">String</attrtype><attwidth Sync="TRUE">30</attwidth><attrdef>condition of bank face: erosional,erosional/undercut, transistional, transitional/undercut, stable, stable/undercut</attrdef></attr><attr><attrlabl Sync="TRUE">marsh</attrlabl><attalias Sync="TRUE">marsh</attalias><attrtype Sync="TRUE">String</attrtype><attwidth Sync="TRUE">30</attwidth><attrdef>presence of marsh: embayed, fringe, extensive</attrdef></attr><attr><attrlabl Sync="TRUE">phrag</attrlabl><attalias Sync="TRUE">phrag</attalias><attrtype Sync="TRUE">String</attrtype><attwidth Sync="TRUE">5</attwidth><attrdef>presence or absence of Phragmites australis</attrdef></attr><attr><attrlabl Sync="TRUE">beach</attrlabl><attalias Sync="TRUE">beach</attalias><attrtype Sync="TRUE">String</attrtype><attwidth Sync="TRUE">5</attwidth><attrdef>presence of beach</attrdef></attr><attr><attrlabl Sync="TRUE">gps_date</attrlabl><attalias Sync="TRUE">gps_date</attalias><attrtype Sync="TRUE">Date</attrtype><attwidth Sync="TRUE">8</attwidth><attrdef>date at time of survey</attrdef></attr><attr><attrlabl Sync="TRUE">gps_time</attrlabl><attalias Sync="TRUE">gps_time</attalias><attrtype Sync="TRUE">String</attrtype><attwidth Sync="TRUE">15</attwidth><attrdef>time of survey</attrdef></attr><attr><attrlabl Sync="TRUE">feat_name</attrlabl><attalias Sync="TRUE">feat_name</attalias><attrtype Sync="TRUE">String</attrtype><attwidth Sync="TRUE">30</attwidth><attrdef>land use type: agriculture, bare, commercial, forest, grass, industrial, military, paved, residential, scrub-shrub,</attrdef></attr><attr><attrlabl Sync="TRUE">canopy_ove</attrlabl><attalias Sync="TRUE">canopy_ove</attalias><attrtype Sync="TRUE">String</attrtype><attwidth Sync="TRUE">5</attwidth><attrdef>tree canopy overhanging bank edge</attrdef></attr><attr><attrlabl Sync="TRUE">bank_hgt_</attrlabl><attalias Sync="TRUE">bank_hgt_</attalias><attrtype Sync="TRUE">String</attrtype><attwidth Sync="TRUE">10</attwidth><attrdef>bank height (in feet) from the toe to the edge of the fastland</attrdef></attr><attr><attrlabl Sync="TRUE">remote</attrlabl><attalias Sync="TRUE">remote</attalias><attrtype Sync="TRUE">String</attrtype><attwidth Sync="TRUE">5</attwidth><attrdef>coded remotely in lab</attrdef></attr><attr><attrlabl Sync="TRUE">feature</attrlabl><attalias Sync="TRUE">feature</attalias><attrtype Sync="TRUE">String</attrtype><attwidth Sync="TRUE">30</attwidth><attrdef>current land use</attrdef></attr></detailed></eainfo><mdDateSt Sync="TRUE">20130228</mdDateSt></metadata>
