<?xml version="1.0" encoding="UTF-8"?>
<metadata xml:lang="en"><Esri><CreaDate>20111025</CreaDate><CreaTime>14002200</CreaTime><ArcGISFormat>1.0</ArcGISFormat><SyncOnce>FALSE</SyncOnce><DataProperties><lineage><Process ToolSource="C:\Program Files\ArcGIS\Desktop10.0\ArcToolbox\Toolboxes\3D Analyst Tools.tbx\ContourList" Date="20110803" Time="100902">ContourList a10ftdem_hydro.img C:\Northampton\Contour_entire.shp 0</Process><Process ToolSource="C:\Program Files\ArcGIS\Desktop10.0\ArcToolbox\Toolboxes\Cartography Tools.tbx\SmoothLine" Date="20110804" Time="123209">SmoothLine contour_entire C:\Northampton\contour_entire_SmoothLine1.shp PAEK "5 Feet" FIXED_CLOSED_ENDPOINT NO_CHECK</Process><Process ToolSource="C:\Program Files\ArcGIS\Desktop10.0\ArcToolbox\Toolboxes\Data Management Tools.tbx\Project" Date="20110804" Time="123520">Project contour_entire_SmoothLine1 C:\Northampton\contour_entire_SmoothLine1_P.shp PROJCS['NAD_1983_NSRS2007_UTM_Zone_18N',GEOGCS['GCS_NAD_1983_NSRS2007',DATUM['D_NAD_1983_NSRS2007',SPHEROID['GRS_1980',6378137.0,298.257222101]],PRIMEM['Greenwich',0.0],UNIT['Degree',0.0174532925199433]],PROJECTION['Transverse_Mercator'],PARAMETER['False_Easting',500000.0],PARAMETER['False_Northing',0.0],PARAMETER['Central_Meridian',-75.0],PARAMETER['Scale_Factor',0.9996],PARAMETER['Latitude_Of_Origin',0.0],UNIT['Meter',1.0]] NAD_1983_HARN_To_NAD_1983_NSRS2007_1 PROJCS['NAD_1983_HARN_StatePlane_Virginia_South_FIPS_4502_Feet',GEOGCS['GCS_North_American_1983_HARN',DATUM['D_North_American_1983_HARN',SPHEROID['GRS_1980',6378137.0,298.257222101]],PRIMEM['Greenwich',0.0],UNIT['Degree',0.0174532925199433]],PROJECTION['Lambert_Conformal_Conic'],PARAMETER['False_Easting',11482916.66666666],PARAMETER['False_Northing',3280833.333333333],PARAMETER['Central_Meridian',-78.5],PARAMETER['Standard_Parallel_1',36.76666666666667],PARAMETER['Standard_Parallel_2',37.96666666666667],PARAMETER['Latitude_Of_Origin',36.33333333333334],UNIT['Foot_US',0.3048006096012192]]</Process><Process ToolSource="C:\Program Files\ArcGIS\ArcToolbox\Toolboxes\Data Management Tools.tbx\Append" Date="20110817" Time="150039">Append nhshl_new_Select 2011_nh_shl NO_TEST "ID 'ID' true false false 10 Double 0 10 ,First,#,N:\cci\portfolios\northampton_inv\shapefiles_mxds\nhshl_new_Select.shp,ID,-1,-1;CONTOUR 'CONTOUR' true false false 14 Double 0 14 ,First,#" # 2011_nh_shl</Process><Process ToolSource="C:\Program Files (x86)\ArcGIS\Desktop10.0\ArcToolbox\Toolboxes\Analysis Tools.tbx\Select" Date="20111007" Time="093849">Select 2011_nh_lubc N:\cci\portfolios\northampton_inv\shapefiles_mxds\2011_nh_lubc_tami.shp #</Process><Process ToolSource="C:\Program Files\ArcGIS\ArcToolbox\Toolboxes\Data Management Tools.tbx\Append" Date="20111010" Time="134244">Append nh_east_0_contour 2011_nh_lubc_Contour0_tami NO_TEST "ID 'ID' true false false 10 Double 0 10 ,First,#,N:\cci\portfolios\northampton_inv\shape files\nh_east_0_contour.shp,ID,-1,-1;CONTOUR 'CONTOUR' true false false 14 Double 0 14 ,First,#,N:\cci\portfolios\northampton_inv\shape files\nh_east_0_contour.shp,CONTOUR,-1,-1;Tree_Fring 'Tree_Fring' true false false 20 Text 0 0 ,First,#;Bank_Hgt_ 'Bank_Hgt_' true false false 20 Text 0 0 ,First,#;Bank_Cover 'Bank_Cover' true false false 20 Text 0 0 ,First,#;Erosion 'Erosion' true false false 20 Text 0 0 ,First,#;Marsh 'Marsh' true false false 20 Text 0 0 ,First,#;Phrag 'Phrag' true false false 5 Text 0 0 ,First,#;Beach 'Beach' true false false 5 Text 0 0 ,First,#;GPS_Date 'GPS_Date' true true false 8 Date 0 0 ,First,#;GPS_Time 'GPS_Time' true false false 20 Text 0 0 ,First,#;Feat_Name 'Feat_Name' true false false 25 Text 0 0 ,First,#;Canopy_ove 'Canopy_ove' true false false 20 Text 0 0 ,First,#;Remote 'Remote' true false false 10 Text 0 0 ,First,#;Feature 'Feature' true false false 25 Text 0 0 ,First,#;Cover 'Cover' true false false 10 Text 0 0 ,First,#" # 2011_nh_lubc_Contour0_tami</Process><Process ToolSource="C:\Program Files\ArcGIS\ArcToolbox\Toolboxes\Data Management Tools.tbx\Append" Date="20111010" Time="140945">Append temp_Select 2011_nh_lubc_Contour0_tami NO_TEST "ID 'ID' true false false 10 Double 0 10 ,First,#,N:\cci\portfolios\northampton_inv\shapefiles_mxds\temp_Select.shp,ID,-1,-1;CONTOUR 'CONTOUR' true false false 14 Double 0 14 ,First,#,N:\cci\portfolios\northampton_inv\shapefiles_mxds\temp_Select.shp,CONTOUR,-1,-1;Tree_Fring 'Tree_Fring' true false false 20 Text 0 0 ,First,#,N:\cci\portfolios\northampton_inv\shapefiles_mxds\temp_Select.shp,Tree_Fring,-1,-1;Bank_Hgt_ 'Bank_Hgt_' true false false 20 Text 0 0 ,First,#,N:\cci\portfolios\northampton_inv\shapefiles_mxds\temp_Select.shp,Bank_Hgt_,-1,-1;Bank_Cover 'Bank_Cover' true false false 20 Text 0 0 ,First,#,N:\cci\portfolios\northampton_inv\shapefiles_mxds\temp_Select.shp,Bank_Cover,-1,-1;Erosion 'Erosion' true false false 20 Text 0 0 ,First,#,N:\cci\portfolios\northampton_inv\shapefiles_mxds\temp_Select.shp,Erosion,-1,-1;Marsh 'Marsh' true false false 20 Text 0 0 ,First,#,N:\cci\portfolios\northampton_inv\shapefiles_mxds\temp_Select.shp,Marsh,-1,-1;Phrag 'Phrag' true false false 5 Text 0 0 ,First,#,N:\cci\portfolios\northampton_inv\shapefiles_mxds\temp_Select.shp,Phrag,-1,-1;Beach 'Beach' true false false 5 Text 0 0 ,First,#,N:\cci\portfolios\northampton_inv\shapefiles_mxds\temp_Select.shp,Beach,-1,-1;GPS_Date 'GPS_Date' true true false 8 Date 0 0 ,First,#,N:\cci\portfolios\northampton_inv\shapefiles_mxds\temp_Select.shp,GPS_Date,-1,-1;GPS_Time 'GPS_Time' true false false 20 Text 0 0 ,First,#,N:\cci\portfolios\northampton_inv\shapefiles_mxds\temp_Select.shp,GPS_Time,-1,-1;Feat_Name 'Feat_Name' true false false 25 Text 0 0 ,First,#,N:\cci\portfolios\northampton_inv\shapefiles_mxds\temp_Select.shp,Feat_Name,-1,-1;Canopy_ove 'Canopy_ove' true false false 20 Text 0 0 ,First,#,N:\cci\portfolios\northampton_inv\shapefiles_mxds\temp_Select.shp,Canopy_ove,-1,-1;Remote 'Remote' true false false 10 Text 0 0 ,First,#,N:\cci\portfolios\northampton_inv\shapefiles_mxds\temp_Select.shp,Remote,-1,-1;Feature 'Feature' true false false 25 Text 0 0 ,First,#,N:\cci\portfolios\northampton_inv\shapefiles_mxds\temp_Select.shp,Feature,-1,-1;Cover 'Cover' true false false 10 Text 0 0 ,First,#,N:\cci\portfolios\northampton_inv\shapefiles_mxds\temp_Select.shp,Cover,-1,-1;shl_type 'shl_type' true false false 50 Text 0 0 ,First,#" # 2011_nh_lubc_Contour0_tami</Process><Process ToolSource="C:\Program Files\ArcGIS\ArcToolbox\Toolboxes\Data Management Tools.tbx\Append" Date="20111011" Time="091306">Append Select6;Select5;Select4;Select3;Select2;Select1 2011_nh_lubc_Contour0_tami NO_TEST "ID 'ID' true false false 10 Double 0 10 ,First,#,N:\cci\portfolios\northampton_inv\shapefiles_mxds\Select6.shp,ID,-1,-1,N:\cci\portfolios\northampton_inv\shapefiles_mxds\Select5.shp,ID,-1,-1,N:\cci\portfolios\northampton_inv\shapefiles_mxds\Select4.shp,ID,-1,-1,N:\cci\portfolios\northampton_inv\shapefiles_mxds\Select3.shp,ID,-1,-1,N:\cci\portfolios\northampton_inv\shapefiles_mxds\Select2.shp,ID,-1,-1,N:\cci\portfolios\northampton_inv\shapefiles_mxds\Select1.shp,ID,-1,-1;CONTOUR 'CONTOUR' true false false 14 Double 0 14 ,First,#,N:\cci\portfolios\northampton_inv\shapefiles_mxds\Select6.shp,CONTOUR,-1,-1,N:\cci\portfolios\northampton_inv\shapefiles_mxds\Select5.shp,CONTOUR,-1,-1,N:\cci\portfolios\northampton_inv\shapefiles_mxds\Select4.shp,CONTOUR,-1,-1,N:\cci\portfolios\northampton_inv\shapefiles_mxds\Select3.shp,CONTOUR,-1,-1,N:\cci\portfolios\northampton_inv\shapefiles_mxds\Select2.shp,CONTOUR,-1,-1,N:\cci\portfolios\northampton_inv\shapefiles_mxds\Select1.shp,CONTOUR,-1,-1;Tree_Fring 'Tree_Fring' true false false 20 Text 0 0 ,First,#,N:\cci\portfolios\northampton_inv\shapefiles_mxds\Select6.shp,Tree_Fring,-1,-1,N:\cci\portfolios\northampton_inv\shapefiles_mxds\Select5.shp,Tree_Fring,-1,-1,N:\cci\portfolios\northampton_inv\shapefiles_mxds\Select4.shp,Tree_Fring,-1,-1,N:\cci\portfolios\northampton_inv\shapefiles_mxds\Select3.shp,Tree_Fring,-1,-1,N:\cci\portfolios\northampton_inv\shapefiles_mxds\Select2.shp,Tree_Fring,-1,-1,N:\cci\portfolios\northampton_inv\shapefiles_mxds\Select1.shp,Tree_Fring,-1,-1;Bank_Hgt_ 'Bank_Hgt_' true false false 20 Text 0 0 ,First,#,N:\cci\portfolios\northampton_inv\shapefiles_mxds\Select6.shp,Bank_Hgt_,-1,-1,N:\cci\portfolios\northampton_inv\shapefiles_mxds\Select5.shp,Bank_Hgt_,-1,-1,N:\cci\portfolios\northampton_inv\shapefiles_mxds\Select4.shp,Bank_Hgt_,-1,-1,N:\cci\portfolios\northampton_inv\shapefiles_mxds\Select3.shp,Bank_Hgt_,-1,-1,N:\cci\portfolios\northampton_inv\shapefiles_mxds\Select2.shp,Bank_Hgt_,-1,-1,N:\cci\portfolios\northampton_inv\shapefiles_mxds\Select1.shp,Bank_Hgt_,-1,-1;Bank_Cover 'Bank_Cover' true false false 20 Text 0 0 ,First,#,N:\cci\portfolios\northampton_inv\shapefiles_mxds\Select6.shp,Bank_Cover,-1,-1,N:\cci\portfolios\northampton_inv\shapefiles_mxds\Select5.shp,Bank_Cover,-1,-1,N:\cci\portfolios\northampton_inv\shapefiles_mxds\Select4.shp,Bank_Cover,-1,-1,N:\cci\portfolios\northampton_inv\shapefiles_mxds\Select3.shp,Bank_Cover,-1,-1,N:\cci\portfolios\northampton_inv\shapefiles_mxds\Select2.shp,Bank_Cover,-1,-1,N:\cci\portfolios\northampton_inv\shapefiles_mxds\Select1.shp,Bank_Cover,-1,-1;Erosion 'Erosion' true false false 20 Text 0 0 ,First,#,N:\cci\portfolios\northampton_inv\shapefiles_mxds\Select6.shp,Erosion,-1,-1,N:\cci\portfolios\northampton_inv\shapefiles_mxds\Select5.shp,Erosion,-1,-1,N:\cci\portfolios\northampton_inv\shapefiles_mxds\Select4.shp,Erosion,-1,-1,N:\cci\portfolios\northampton_inv\shapefiles_mxds\Select3.shp,Erosion,-1,-1,N:\cci\portfolios\northampton_inv\shapefiles_mxds\Select2.shp,Erosion,-1,-1,N:\cci\portfolios\northampton_inv\shapefiles_mxds\Select1.shp,Erosion,-1,-1;Marsh 'Marsh' true false false 20 Text 0 0 ,First,#,N:\cci\portfolios\northampton_inv\shapefiles_mxds\Select6.shp,Marsh,-1,-1,N:\cci\portfolios\northampton_inv\shapefiles_mxds\Select5.shp,Marsh,-1,-1,N:\cci\portfolios\northampton_inv\shapefiles_mxds\Select4.shp,Marsh,-1,-1,N:\cci\portfolios\northampton_inv\shapefiles_mxds\Select3.shp,Marsh,-1,-1,N:\cci\portfolios\northampton_inv\shapefiles_mxds\Select2.shp,Marsh,-1,-1,N:\cci\portfolios\northampton_inv\shapefiles_mxds\Select1.shp,Marsh,-1,-1;Phrag 'Phrag' true false false 5 Text 0 0 ,First,#,N:\cci\portfolios\northampton_inv\shapefiles_mxds\Select6.shp,Phrag,-1,-1,N:\cci\portfolios\northampton_inv\shapefiles_mxds\Select5.shp,Phrag,-1,-1,N:\cci\portfolios\northampton_inv\shapefiles_mxds\Select4.shp,Phrag,-1,-1,N:\cci\portfolios\northampton_inv\shapefiles_mxds\Select3.shp,Phrag,-1,-1,N:\cci\portfolios\northampton_inv\shapefiles_mxds\Select2.shp,Phrag,-1,-1,N:\cci\portfolios\northampton_inv\shapefiles_mxds\Select1.shp,Phrag,-1,-1;Beach 'Beach' true false false 5 Text 0 0 ,First,#,N:\cci\portfolios\northampton_inv\shapefiles_mxds\Select6.shp,Beach,-1,-1,N:\cci\portfolios\northampton_inv\shapefiles_mxds\Select5.shp,Beach,-1,-1,N:\cci\portfolios\northampton_inv\shapefiles_mxds\Select4.shp,Beach,-1,-1,N:\cci\portfolios\northampton_inv\shapefiles_mxds\Select3.shp,Beach,-1,-1,N:\cci\portfolios\northampton_inv\shapefiles_mxds\Select2.shp,Beach,-1,-1,N:\cci\portfolios\northampton_inv\shapefiles_mxds\Select1.shp,Beach,-1,-1;GPS_Date 'GPS_Date' true true false 8 Date 0 0 ,First,#,N:\cci\portfolios\northampton_inv\shapefiles_mxds\Select6.shp,GPS_Date,-1,-1,N:\cci\portfolios\northampton_inv\shapefiles_mxds\Select5.shp,GPS_Date,-1,-1,N:\cci\portfolios\northampton_inv\shapefiles_mxds\Select4.shp,GPS_Date,-1,-1,N:\cci\portfolios\northampton_inv\shapefiles_mxds\Select3.shp,GPS_Date,-1,-1,N:\cci\portfolios\northampton_inv\shapefiles_mxds\Select2.shp,GPS_Date,-1,-1,N:\cci\portfolios\northampton_inv\shapefiles_mxds\Select1.shp,GPS_Date,-1,-1;GPS_Time 'GPS_Time' true false false 20 Text 0 0 ,First,#,N:\cci\portfolios\northampton_inv\shapefiles_mxds\Select6.shp,GPS_Time,-1,-1,N:\cci\portfolios\northampton_inv\shapefiles_mxds\Select5.shp,GPS_Time,-1,-1,N:\cci\portfolios\northampton_inv\shapefiles_mxds\Select4.shp,GPS_Time,-1,-1,N:\cci\portfolios\northampton_inv\shapefiles_mxds\Select3.shp,GPS_Time,-1,-1,N:\cci\portfolios\northampton_inv\shapefiles_mxds\Select2.shp,GPS_Time,-1,-1,N:\cci\portfolios\northampton_inv\shapefiles_mxds\Select1.shp,GPS_Time,-1,-1;Feat_Name 'Feat_Name' true false false 25 Text 0 0 ,First,#,N:\cci\portfolios\northampton_inv\shapefiles_mxds\Select6.shp,Feat_Name,-1,-1,N:\cci\portfolios\northampton_inv\shapefiles_mxds\Select5.shp,Feat_Name,-1,-1,N:\cci\portfolios\northampton_inv\shapefiles_mxds\Select4.shp,Feat_Name,-1,-1,N:\cci\portfolios\northampton_inv\shapefiles_mxds\Select3.shp,Feat_Name,-1,-1,N:\cci\portfolios\northampton_inv\shapefiles_mxds\Select2.shp,Feat_Name,-1,-1,N:\cci\portfolios\northampton_inv\shapefiles_mxds\Select1.shp,Feat_Name,-1,-1;Canopy_ove 'Canopy_ove' true false false 20 Text 0 0 ,First,#,N:\cci\portfolios\northampton_inv\shapefiles_mxds\Select6.shp,Canopy_ove,-1,-1,N:\cci\portfolios\northampton_inv\shapefiles_mxds\Select5.shp,Canopy_ove,-1,-1,N:\cci\portfolios\northampton_inv\shapefiles_mxds\Select4.shp,Canopy_ove,-1,-1,N:\cci\portfolios\northampton_inv\shapefiles_mxds\Select3.shp,Canopy_ove,-1,-1,N:\cci\portfolios\northampton_inv\shapefiles_mxds\Select2.shp,Canopy_ove,-1,-1,N:\cci\portfolios\northampton_inv\shapefiles_mxds\Select1.shp,Canopy_ove,-1,-1;Remote 'Remote' true false false 10 Text 0 0 ,First,#,N:\cci\portfolios\northampton_inv\shapefiles_mxds\Select6.shp,Remote,-1,-1,N:\cci\portfolios\northampton_inv\shapefiles_mxds\Select5.shp,Remote,-1,-1,N:\cci\portfolios\northampton_inv\shapefiles_mxds\Select4.shp,Remote,-1,-1,N:\cci\portfolios\northampton_inv\shapefiles_mxds\Select3.shp,Remote,-1,-1,N:\cci\portfolios\northampton_inv\shapefiles_mxds\Select2.shp,Remote,-1,-1,N:\cci\portfolios\northampton_inv\shapefiles_mxds\Select1.shp,Remote,-1,-1;Feature 'Feature' true false false 25 Text 0 0 ,First,#,N:\cci\portfolios\northampton_inv\shapefiles_mxds\Select6.shp,Feature,-1,-1,N:\cci\portfolios\northampton_inv\shapefiles_mxds\Select5.shp,Feature,-1,-1,N:\cci\portfolios\northampton_inv\shapefiles_mxds\Select4.shp,Feature,-1,-1,N:\cci\portfolios\northampton_inv\shapefiles_mxds\Select3.shp,Feature,-1,-1,N:\cci\portfolios\northampton_inv\shapefiles_mxds\Select2.shp,Feature,-1,-1,N:\cci\portfolios\northampton_inv\shapefiles_mxds\Select1.shp,Feature,-1,-1;Cover 'Cover' true false false 10 Text 0 0 ,First,#,N:\cci\portfolios\northampton_inv\shapefiles_mxds\Select6.shp,Cover,-1,-1,N:\cci\portfolios\northampton_inv\shapefiles_mxds\Select5.shp,Cover,-1,-1,N:\cci\portfolios\northampton_inv\shapefiles_mxds\Select4.shp,Cover,-1,-1,N:\cci\portfolios\northampton_inv\shapefiles_mxds\Select3.shp,Cover,-1,-1,N:\cci\portfolios\northampton_inv\shapefiles_mxds\Select2.shp,Cover,-1,-1,N:\cci\portfolios\northampton_inv\shapefiles_mxds\Select1.shp,Cover,-1,-1;shl_type 'shl_type' true false false 50 Text 0 0 ,First,#" # 2011_nh_lubc_Contour0_tami</Process><Process ToolSource="C:\Program Files (x86)\ArcGIS\Desktop10.0\ArcToolbox\Toolboxes\Data Management Tools.tbx\Merge" Date="20111024" Time="140013">Merge 2011_nh_lubc_Contour0_tami;2011_nh_lubc_karinna_creek;2011_nh_lubc_karinna N:\cci\portfolios\northampton_inv\shapefiles_mxds\2011_nh_lubc_merged_FINAL.shp "ID "ID" true true false 10 Double 0 10 ,First,#,2011_nh_lubc_Contour0_tami,ID,-1,-1,2011_nh_lubc_karinna_creek,ID,-1,-1,2011_nh_lubc_karinna,ID,-1,-1;CONTOUR "CONTOUR" true true false 14 Double 0 14 ,First,#,2011_nh_lubc_Contour0_tami,CONTOUR,-1,-1,2011_nh_lubc_karinna_creek,CONTOUR,-1,-1,2011_nh_lubc_karinna,CONTOUR,-1,-1;Tree_Fring "Tree_Fring" true true false 20 Text 0 0 ,First,#,2011_nh_lubc_Contour0_tami,Tree_Fring,-1,-1,2011_nh_lubc_karinna_creek,Tree_Fring,-1,-1,2011_nh_lubc_karinna,Tree_Fring,-1,-1;Bank_Hgt_ "Bank_Hgt_" true true false 20 Text 0 0 ,First,#,2011_nh_lubc_Contour0_tami,Bank_Hgt_,-1,-1,2011_nh_lubc_karinna_creek,Bank_Hgt_,-1,-1,2011_nh_lubc_karinna,Bank_Hgt_,-1,-1;Bank_Cover "Bank_Cover" true true false 20 Text 0 0 ,First,#,2011_nh_lubc_Contour0_tami,Bank_Cover,-1,-1,2011_nh_lubc_karinna_creek,Bank_Cover,-1,-1,2011_nh_lubc_karinna,Bank_Cover,-1,-1;Erosion "Erosion" true true false 20 Text 0 0 ,First,#,2011_nh_lubc_Contour0_tami,Erosion,-1,-1,2011_nh_lubc_karinna_creek,Erosion,-1,-1,2011_nh_lubc_karinna,Erosion,-1,-1;Marsh "Marsh" true true false 20 Text 0 0 ,First,#,2011_nh_lubc_Contour0_tami,Marsh,-1,-1,2011_nh_lubc_karinna_creek,Marsh,-1,-1,2011_nh_lubc_karinna,Marsh,-1,-1;Phrag "Phrag" true true false 5 Text 0 0 ,First,#,2011_nh_lubc_Contour0_tami,Phrag,-1,-1,2011_nh_lubc_karinna_creek,Phrag,-1,-1,2011_nh_lubc_karinna,Phrag,-1,-1;Beach "Beach" true true false 5 Text 0 0 ,First,#,2011_nh_lubc_Contour0_tami,Beach,-1,-1,2011_nh_lubc_karinna_creek,Beach,-1,-1,2011_nh_lubc_karinna,Beach,-1,-1;GPS_Date "GPS_Date" true true false 8 Date 0 0 ,First,#,2011_nh_lubc_Contour0_tami,GPS_Date,-1,-1,2011_nh_lubc_karinna_creek,GPS_Date,-1,-1,2011_nh_lubc_karinna,GPS_Date,-1,-1;GPS_Time "GPS_Time" true true false 20 Text 0 0 ,First,#,2011_nh_lubc_Contour0_tami,GPS_Time,-1,-1,2011_nh_lubc_karinna_creek,GPS_Time,-1,-1,2011_nh_lubc_karinna,GPS_Time,-1,-1;Feat_Name "Feat_Name" true true false 25 Text 0 0 ,First,#,2011_nh_lubc_Contour0_tami,Feat_Name,-1,-1,2011_nh_lubc_karinna_creek,Feat_Name,-1,-1,2011_nh_lubc_karinna,Feat_Name,-1,-1;Canopy_ove "Canopy_ove" true true false 20 Text 0 0 ,First,#,2011_nh_lubc_Contour0_tami,Canopy_ove,-1,-1,2011_nh_lubc_karinna_creek,Canopy_ove,-1,-1,2011_nh_lubc_karinna,Canopy_ove,-1,-1;Remote "Remote" true true false 10 Text 0 0 ,First,#,2011_nh_lubc_Contour0_tami,Remote,-1,-1,2011_nh_lubc_karinna_creek,Remote,-1,-1,2011_nh_lubc_karinna,Remote,-1,-1;Feature "Feature" true true false 25 Text 0 0 ,First,#,2011_nh_lubc_Contour0_tami,Feature,-1,-1,2011_nh_lubc_karinna_creek,Feature,-1,-1,2011_nh_lubc_karinna,Feature,-1,-1;Cover "Cover" true true false 10 Text 0 0 ,First,#,2011_nh_lubc_Contour0_tami,Cover,-1,-1,2011_nh_lubc_karinna_creek,Cover,-1,-1,2011_nh_lubc_karinna,Cover,-1,-1;shl_type "shl_type" true true false 50 Text 0 0 ,First,#,2011_nh_lubc_Contour0_tami,shl_type,-1,-1"</Process><Process ToolSource="C:\Program Files (x86)\ArcGIS\Desktop10.0\ArcToolbox\Toolboxes\Data Management Tools.tbx\Project" Date="20111024" Time="142440">Project 2011_nh_lubc_merged_FINAL N:\cci\portfolios\northampton_inv\shapefiles_mxds\2011_nh_lubc_merged_FINAL_UTM.shp PROJCS['NAD_1983_UTM_Zone_18N',GEOGCS['GCS_North_American_1983',DATUM['D_North_American_1983',SPHEROID['GRS_1980',6378137.0,298.257222101]],PRIMEM['Greenwich',0.0],UNIT['Degree',0.0174532925199433]],PROJECTION['Transverse_Mercator'],PARAMETER['False_Easting',500000.0],PARAMETER['False_Northing',0.0],PARAMETER['Central_Meridian',-75.0],PARAMETER['Scale_Factor',0.9996],PARAMETER['Latitude_Of_Origin',0.0],UNIT['Meter',1.0]] NAD_1983_HARN_To_NAD_1983_NSRS2007_1;NAD_1983_To_HARN_Virginia PROJCS['NAD_1983_NSRS2007_UTM_Zone_18N',GEOGCS['GCS_NAD_1983_NSRS2007',DATUM['D_NAD_1983_NSRS2007',SPHEROID['GRS_1980',6378137.0,298.257222101]],PRIMEM['Greenwich',0.0],UNIT['Degree',0.0174532925199433]],PROJECTION['Transverse_Mercator'],PARAMETER['False_Easting',500000.0],PARAMETER['False_Northing',0.0],PARAMETER['Central_Meridian',-75.0],PARAMETER['Scale_Factor',0.9996],PARAMETER['Latitude_Of_Origin',0.0],UNIT['Meter',1.0]]</Process><Process ToolSource="C:\Program Files (x86)\ArcGIS\Desktop10.0\ArcToolbox\Toolboxes\Analysis Tools.tbx\Identity" Date="20111024" Time="145341">Identity 2011_nh_lubc_merged_FINAL_UTM northampton_bank_ht_buf05 N:\cci\portfolios\northampton_inv\shapefiles_mxds\2011_nh_lubc_bnkhgt_merged_FINAL_UTM.shp ALL # NO_RELATIONSHIPS</Process><Process ToolSource="C:\Program Files (x86)\ArcGIS\Desktop10.0\ArcToolbox\Toolboxes\Data Management Tools.tbx\CalculateField" Date="20111025" Time="095800">CalculateField 2011_nh_lubc_bnkhgt_merged_FINAL_UTM Feature [Feat_Name] VB #</Process><Process ToolSource="C:\Program Files (x86)\ArcGIS\Desktop10.0\ArcToolbox\Toolboxes\Data Management Tools.tbx\CalculateField" Date="20111025" Time="095842">CalculateField 2011_nh_lubc_bnkhgt_merged_FINAL_UTM Feat_Name "Agriculture" VB #</Process><Process ToolSource="C:\Program Files (x86)\ArcGIS\Desktop10.0\ArcToolbox\Toolboxes\Data Management Tools.tbx\CalculateField" Date="20111025" Time="095924">CalculateField 2011_nh_lubc_bnkhgt_merged_FINAL_UTM Feature "Agriculture" VB #</Process><Process ToolSource="C:\Program Files (x86)\ArcGIS\Desktop10.0\ArcToolbox\Toolboxes\Data Management Tools.tbx\CalculateField" Date="20111025" Time="095955">CalculateField 2011_nh_lubc_bnkhgt_merged_FINAL_UTM Feature "Commercial" VB #</Process><Process ToolSource="C:\Program Files (x86)\ArcGIS\Desktop10.0\ArcToolbox\Toolboxes\Data Management Tools.tbx\CalculateField" Date="20111025" Time="100049">CalculateField 2011_nh_lubc_bnkhgt_merged_FINAL_UTM Feature "Forest" VB #</Process><Process ToolSource="C:\Program Files (x86)\ArcGIS\Desktop10.0\ArcToolbox\Toolboxes\Data Management Tools.tbx\CalculateField" Date="20111025" Time="100122">CalculateField 2011_nh_lubc_bnkhgt_merged_FINAL_UTM Feature "Industrial" VB #</Process><Process ToolSource="C:\Program Files (x86)\ArcGIS\Desktop10.0\ArcToolbox\Toolboxes\Data Management Tools.tbx\CalculateField" Date="20111025" Time="100206">CalculateField 2011_nh_lubc_bnkhgt_merged_FINAL_UTM Feature "Residential" VB #</Process><Process ToolSource="C:\Program Files (x86)\ArcGIS\Desktop10.0\ArcToolbox\Toolboxes\Data Management Tools.tbx\CalculateField" Date="20111025" Time="100237">CalculateField 2011_nh_lubc_bnkhgt_merged_FINAL_UTM Feature "Residential" VB #</Process><Process ToolSource="C:\Program Files (x86)\ArcGIS\Desktop10.0\ArcToolbox\Toolboxes\Data Management Tools.tbx\CalculateField" Date="20111025" Time="100310">CalculateField 2011_nh_lubc_bnkhgt_merged_FINAL_UTM Feature "Residential" VB #</Process><Process ToolSource="C:\Program Files (x86)\ArcGIS\Desktop10.0\ArcToolbox\Toolboxes\Data Management Tools.tbx\CalculateField" Date="20111025" Time="100425">CalculateField 2011_nh_lubc_bnkhgt_merged_FINAL_UTM Feature "Scrub Shrub" VB #</Process><Process ToolSource="C:\Program Files (x86)\ArcGIS\Desktop10.0\ArcToolbox\Toolboxes\Data Management Tools.tbx\CalculateField" Date="20111025" Time="100624">CalculateField 2011_nh_lubc_bnkhgt_merged_FINAL_UTM Beach "No" VB #</Process><Process ToolSource="C:\Program Files (x86)\ArcGIS\Desktop10.0\ArcToolbox\Toolboxes\Data Management Tools.tbx\CalculateField" Date="20111025" Time="100706">CalculateField 2011_nh_lubc_bnkhgt_merged_FINAL_UTM Beach "Yes" VB #</Process><Process ToolSource="C:\Program Files (x86)\ArcGIS\Desktop10.0\ArcToolbox\Toolboxes\Data Management Tools.tbx\CalculateField" Date="20111025" Time="101029">CalculateField 2011_nh_lubc_bnkhgt_merged_FINAL_UTM Phrag "No" VB #</Process><Process ToolSource="C:\Program Files (x86)\ArcGIS\Desktop10.0\ArcToolbox\Toolboxes\Data Management Tools.tbx\CalculateField" Date="20111025" Time="101118">CalculateField 2011_nh_lubc_bnkhgt_merged_FINAL_UTM Erosion "Stable" VB #</Process><Process ToolSource="C:\Program Files (x86)\ArcGIS\Desktop10.0\ArcToolbox\Toolboxes\Data Management Tools.tbx\CalculateField" Date="20111025" Time="101144">CalculateField 2011_nh_lubc_bnkhgt_merged_FINAL_UTM Erosion "Stable" VB #</Process><Process ToolSource="C:\Program Files (x86)\ArcGIS\Desktop10.0\ArcToolbox\Toolboxes\Data Management Tools.tbx\CalculateField" Date="20111025" Time="101231">CalculateField 2011_nh_lubc_bnkhgt_merged_FINAL_UTM Erosion "Erosional" VB #</Process><Process ToolSource="C:\Program Files (x86)\ArcGIS\Desktop10.0\ArcToolbox\Toolboxes\Data Management Tools.tbx\CalculateField" Date="20111025" Time="101504">CalculateField 2011_nh_lubc_bnkhgt_merged_FINAL_UTM Erosion "Erosional" VB #</Process><Process ToolSource="C:\Program Files (x86)\ArcGIS\Desktop10.0\ArcToolbox\Toolboxes\Data Management Tools.tbx\CalculateField" Date="20111025" Time="104113">CalculateField 2011_nh_lubc_bnkhgt_merged_FINAL_UTM Erosion "Erosional" VB #</Process><Process ToolSource="C:\Program Files (x86)\ArcGIS\Desktop10.0\ArcToolbox\Toolboxes\Data Management Tools.tbx\CalculateField" Date="20111025" Time="104231">CalculateField 2011_nh_lubc_bnkhgt_merged_FINAL_UTM Erosion "Transitional" VB #</Process><Process ToolSource="C:\Program Files (x86)\ArcGIS\Desktop10.0\ArcToolbox\Toolboxes\Data Management Tools.tbx\CalculateField" Date="20111025" Time="104330">CalculateField 2011_nh_lubc_bnkhgt_merged_FINAL_UTM Erosion "Transition/Undercut" VB #</Process><Process ToolSource="C:\Program Files (x86)\ArcGIS\Desktop10.0\ArcToolbox\Toolboxes\Data Management Tools.tbx\CalculateField" Date="20111025" Time="104505">CalculateField 2011_nh_lubc_bnkhgt_merged_FINAL_UTM Tree_Fring "Yes" VB #</Process><Process ToolSource="C:\Program Files (x86)\ArcGIS\Desktop10.0\ArcToolbox\Toolboxes\Data Management Tools.tbx\CalculateField" Date="20111025" Time="104543">CalculateField 2011_nh_lubc_bnkhgt_merged_FINAL_UTM Tree_Fring "Yes" VB #</Process><Process ToolSource="C:\Program Files (x86)\ArcGIS\Desktop10.0\ArcToolbox\Toolboxes\Data Management Tools.tbx\CalculateField" Date="20111025" Time="104632">CalculateField 2011_nh_lubc_bnkhgt_merged_FINAL_UTM Tree_Fring "Yes" VB #</Process><Process ToolSource="C:\Program Files (x86)\ArcGIS\Desktop10.0\ArcToolbox\Toolboxes\Data Management Tools.tbx\CalculateField" Date="20111025" Time="104730">CalculateField 2011_nh_lubc_bnkhgt_merged_FINAL_UTM Tree_Fring "Yes canopy overhang" VB #</Process><Process ToolSource="C:\Program Files (x86)\ArcGIS\Desktop10.0\ArcToolbox\Toolboxes\Data Management Tools.tbx\CalculateField" Date="20111025" Time="104810">CalculateField 2011_nh_lubc_bnkhgt_merged_FINAL_UTM Tree_Fring "Yes canopy overhang" VB #</Process><Process ToolSource="C:\Program Files (x86)\ArcGIS\Desktop10.0\ArcToolbox\Toolboxes\Data Management Tools.tbx\CalculateField" Date="20111025" Time="104854">CalculateField 2011_nh_lubc_bnkhgt_merged_FINAL_UTM Tree_Fring "No" VB #</Process><Process ToolSource="C:\Program Files (x86)\ArcGIS\Desktop10.0\ArcToolbox\Toolboxes\Data Management Tools.tbx\CalculateField" Date="20111025" Time="105009">CalculateField 2011_nh_lubc_bnkhgt_merged_FINAL_UTM Canopy_ove "No" VB #</Process><Process ToolSource="C:\Program Files (x86)\ArcGIS\Desktop10.0\ArcToolbox\Toolboxes\Data Management Tools.tbx\CalculateField" Date="20111025" Time="105048">CalculateField 2011_nh_lubc_bnkhgt_merged_FINAL_UTM Canopy_ove "Yes" VB #</Process><Process ToolSource="C:\Program Files (x86)\ArcGIS\Desktop10.0\ArcToolbox\Toolboxes\Data Management Tools.tbx\CalculateField" Date="20111025" Time="105259">CalculateField 2011_nh_lubc_bnkhgt_merged_FINAL_UTM Cover [Bank_Cover] VB #</Process><Process ToolSource="C:\Program Files (x86)\ArcGIS\Desktop10.0\ArcToolbox\Toolboxes\Data Management Tools.tbx\CalculateField" Date="20111025" Time="105346">CalculateField 2011_nh_lubc_bnkhgt_merged_FINAL_UTM Cover [Bank_Cover] VB #</Process><Process ToolSource="C:\Program Files (x86)\ArcGIS\Desktop10.0\ArcToolbox\Toolboxes\Data Management Tools.tbx\CalculateField" Date="20111025" Time="105809">CalculateField 2011_nh_lubc_bnkhgt_merged_FINAL_UTM Marsh "Fringe 10-15" VB #</Process><Process ToolSource="C:\Program Files (x86)\ArcGIS\Desktop10.0\ArcToolbox\Toolboxes\Data Management Tools.tbx\CalculateField" Date="20111025" Time="110547">CalculateField 2011_nh_lubc_bnkhgt_merged_FINAL_UTM Marsh "Embayed" VB #</Process><Process ToolSource="C:\Program Files (x86)\ArcGIS\Desktop10.0\ArcToolbox\Toolboxes\Data Management Tools.tbx\CalculateField" Date="20111025" Time="110623">CalculateField 2011_nh_lubc_bnkhgt_merged_FINAL_UTM Marsh "Embayed" VB #</Process><Process ToolSource="C:\Program Files (x86)\ArcGIS\Desktop10.0\ArcToolbox\Toolboxes\Data Management Tools.tbx\CalculateField" Date="20111025" Time="110725">CalculateField 2011_nh_lubc_bnkhgt_merged_FINAL_UTM Marsh "Fringe 10-15" VB #</Process><Process ToolSource="C:\Program Files (x86)\ArcGIS\Desktop10.0\ArcToolbox\Toolboxes\Data Management Tools.tbx\CalculateField" Date="20111025" Time="110802">CalculateField 2011_nh_lubc_bnkhgt_merged_FINAL_UTM Marsh "Fringe 10-15" VB #</Process><Process ToolSource="C:\Program Files (x86)\ArcGIS\Desktop10.0\ArcToolbox\Toolboxes\Data Management Tools.tbx\CalculateField" Date="20111025" Time="110836">CalculateField 2011_nh_lubc_bnkhgt_merged_FINAL_UTM Marsh "Fringe 10-15" VB #</Process><Process ToolSource="C:\Program Files (x86)\ArcGIS\Desktop10.0\ArcToolbox\Toolboxes\Data Management Tools.tbx\CalculateField" Date="20111025" Time="110900">CalculateField 2011_nh_lubc_bnkhgt_merged_FINAL_UTM Marsh "Fringe 10-15" VB #</Process><Process ToolSource="C:\Program Files (x86)\ArcGIS\Desktop10.0\ArcToolbox\Toolboxes\Data Management Tools.tbx\CalculateField" Date="20111025" Time="111036">CalculateField 2011_nh_lubc_bnkhgt_merged_FINAL_UTM Marsh "Fringe &lt;5" VB #</Process><Process ToolSource="C:\Program Files (x86)\ArcGIS\Desktop10.0\ArcToolbox\Toolboxes\Data Management Tools.tbx\CalculateField" Date="20111025" Time="111112">CalculateField 2011_nh_lubc_bnkhgt_merged_FINAL_UTM Marsh "Fringe &lt;5" VB #</Process><Process ToolSource="C:\Program Files (x86)\ArcGIS\Desktop10.0\ArcToolbox\Toolboxes\Data Management Tools.tbx\CalculateField" Date="20111025" Time="111147">CalculateField 2011_nh_lubc_bnkhgt_merged_FINAL_UTM Marsh "Fringe &lt;5" VB #</Process><Process ToolSource="C:\Program Files (x86)\ArcGIS\Desktop10.0\ArcToolbox\Toolboxes\Data Management Tools.tbx\CalculateField" Date="20111025" Time="111220">CalculateField 2011_nh_lubc_bnkhgt_merged_FINAL_UTM Marsh "Fringe &lt;5" VB #</Process><Process ToolSource="C:\Program Files (x86)\ArcGIS\Desktop10.0\ArcToolbox\Toolboxes\Data Management Tools.tbx\CalculateField" Date="20111025" Time="111323">CalculateField 2011_nh_lubc_bnkhgt_merged_FINAL_UTM Marsh "Fringe &lt;5" VB #</Process><Process ToolSource="C:\Program Files (x86)\ArcGIS\Desktop10.0\ArcToolbox\Toolboxes\Data Management Tools.tbx\CalculateField" Date="20111025" Time="111352">CalculateField 2011_nh_lubc_bnkhgt_merged_FINAL_UTM Marsh "Fringe &lt;5" VB #</Process><Process ToolSource="C:\Program Files (x86)\ArcGIS\Desktop10.0\ArcToolbox\Toolboxes\Data Management Tools.tbx\CalculateField" Date="20111025" Time="111414">CalculateField 2011_nh_lubc_bnkhgt_merged_FINAL_UTM Marsh "Fringe &lt;5" VB #</Process><Process ToolSource="C:\Program Files (x86)\ArcGIS\Desktop10.0\ArcToolbox\Toolboxes\Data Management Tools.tbx\CalculateField" Date="20111025" Time="111715">CalculateField 2011_nh_lubc_bnkhgt_merged_FINAL_UTM Marsh "Fringe 5-10" VB #</Process><Process ToolSource="C:\Program Files (x86)\ArcGIS\Desktop10.0\ArcToolbox\Toolboxes\Data Management Tools.tbx\CalculateField" Date="20111025" Time="111736">CalculateField 2011_nh_lubc_bnkhgt_merged_FINAL_UTM Marsh "Fringe 5-10" VB #</Process><Process ToolSource="C:\Program Files (x86)\ArcGIS\Desktop10.0\ArcToolbox\Toolboxes\Data Management Tools.tbx\CalculateField" Date="20111025" Time="111807">CalculateField 2011_nh_lubc_bnkhgt_merged_FINAL_UTM Marsh "Fringe 5-10" VB #</Process><Process ToolSource="C:\Program Files (x86)\ArcGIS\Desktop10.0\ArcToolbox\Toolboxes\Data Management Tools.tbx\CalculateField" Date="20111025" Time="111838">CalculateField 2011_nh_lubc_bnkhgt_merged_FINAL_UTM Marsh "Fringe 5-10" VB #</Process><Process ToolSource="C:\Program Files (x86)\ArcGIS\Desktop10.0\ArcToolbox\Toolboxes\Data Management Tools.tbx\CalculateField" Date="20111025" Time="111901">CalculateField 2011_nh_lubc_bnkhgt_merged_FINAL_UTM Marsh "Fringe 5-10" VB #</Process><Process ToolSource="C:\Program Files (x86)\ArcGIS\Desktop10.0\ArcToolbox\Toolboxes\Data Management Tools.tbx\CalculateField" Date="20111025" Time="111943">CalculateField 2011_nh_lubc_bnkhgt_merged_FINAL_UTM Marsh "Fringe &lt;15" VB #</Process><Process ToolSource="C:\Program Files (x86)\ArcGIS\Desktop10.0\ArcToolbox\Toolboxes\Data Management Tools.tbx\CalculateField" Date="20111025" Time="112021">CalculateField 2011_nh_lubc_bnkhgt_merged_FINAL_UTM Marsh "Fringe &gt;15" VB #</Process><Process ToolSource="C:\Program Files (x86)\ArcGIS\Desktop10.0\ArcToolbox\Toolboxes\Data Management Tools.tbx\CalculateField" Date="20111025" Time="112038">CalculateField 2011_nh_lubc_bnkhgt_merged_FINAL_UTM Marsh "Fringe &gt;15" VB #</Process><Process ToolSource="C:\Program Files (x86)\ArcGIS\Desktop10.0\ArcToolbox\Toolboxes\Data Management Tools.tbx\CalculateField" Date="20111025" Time="112116">CalculateField 2011_nh_lubc_bnkhgt_merged_FINAL_UTM Marsh "Fringe &gt;15" VB #</Process><Process ToolSource="C:\Program Files (x86)\ArcGIS\Desktop10.0\ArcToolbox\Toolboxes\Data Management Tools.tbx\CalculateField" Date="20111025" Time="112134">CalculateField 2011_nh_lubc_bnkhgt_merged_FINAL_UTM Marsh "Fringe &gt;15" VB #</Process><Process ToolSource="C:\Program Files (x86)\ArcGIS\Desktop10.0\ArcToolbox\Toolboxes\Data Management Tools.tbx\CalculateField" Date="20111025" Time="112152">CalculateField 2011_nh_lubc_bnkhgt_merged_FINAL_UTM Marsh "Fringe &gt;15" VB #</Process><Process ToolSource="C:\Program Files (x86)\ArcGIS\Desktop10.0\ArcToolbox\Toolboxes\Data Management Tools.tbx\CalculateField" Date="20111025" Time="112221">CalculateField 2011_nh_lubc_bnkhgt_merged_FINAL_UTM Marsh "Fringe &gt;15" VB #</Process><Process ToolSource="C:\Program Files (x86)\ArcGIS\Desktop10.0\ArcToolbox\Toolboxes\Data Management Tools.tbx\CalculateField" Date="20111025" Time="112256">CalculateField 2011_nh_lubc_bnkhgt_merged_FINAL_UTM Marsh "Fringe &lt;5" VB #</Process><Process ToolSource="C:\Program Files (x86)\ArcGIS\Desktop10.0\ArcToolbox\Toolboxes\Data Management Tools.tbx\CalculateField" Date="20111025" Time="112319">CalculateField 2011_nh_lubc_bnkhgt_merged_FINAL_UTM Marsh "Fringe &lt;5" VB #</Process><Process ToolSource="C:\Program Files (x86)\ArcGIS\Desktop10.0\ArcToolbox\Toolboxes\Data Management Tools.tbx\CalculateField" Date="20111025" Time="112352">CalculateField 2011_nh_lubc_bnkhgt_merged_FINAL_UTM Marsh "Marsh Island" VB #</Process><Process ToolSource="C:\Program Files (x86)\ArcGIS\Desktop10.0\ArcToolbox\Toolboxes\Data Management Tools.tbx\CalculateField" Date="20111025" Time="112429">CalculateField 2011_nh_lubc_bnkhgt_merged_FINAL_UTM Marsh "Extensive" VB #</Process><Process ToolSource="C:\Program Files (x86)\ArcGIS\Desktop10.0\ArcToolbox\Toolboxes\Data Management Tools.tbx\CalculateField" Date="20111025" Time="112450">CalculateField 2011_nh_lubc_bnkhgt_merged_FINAL_UTM Marsh "No" VB #</Process><Process ToolSource="C:\Program Files (x86)\ArcGIS\Desktop10.0\ArcToolbox\Toolboxes\Data Management Tools.tbx\CalculateField" Date="20111025" Time="135255">CalculateField 2011_nh_lubc_bnkhgt_merged_FINAL_UTM Erosion "Unstable" VB #</Process><Process ToolSource="C:\Program Files (x86)\ArcGIS\Desktop10.0\ArcToolbox\Toolboxes\Data Management Tools.tbx\CalculateField" Date="20111025" Time="135354">CalculateField 2011_nh_lubc_bnkhgt_merged_FINAL_UTM Erosion "Unstable" VB #</Process><Process ToolSource="C:\Program Files (x86)\ArcGIS\Desktop10.0\ArcToolbox\Toolboxes\Data Management Tools.tbx\CalculateField" Date="20111025" Time="135436">CalculateField 2011_nh_lubc_bnkhgt_merged_FINAL_UTM Erosion "Undercut" VB #</Process><Process ToolSource="C:\Program Files (x86)\ArcGIS\Desktop10.0\ArcToolbox\Toolboxes\Data Management Tools.tbx\CalculateField" Date="20111025" Time="135527">CalculateField 2011_nh_lubc_bnkhgt_merged_FINAL_UTM Erosion "Transitional" VB #</Process><Process ToolSource="C:\Program Files (x86)\ArcGIS\Desktop10.0\ArcToolbox\Toolboxes\Data Management Tools.tbx\CalculateField" Date="20111025" Time="162208">CalculateField nh_lubc Canopy_ove "Yes" VB #</Process><Process ToolSource="C:\Program Files (x86)\ArcGIS\Desktop10.0\ArcToolbox\Toolboxes\Data Management Tools.tbx\CalculateField" Date="20111025" Time="162251">CalculateField nh_lubc Tree_Fring "" VB #</Process><Process ToolSource="C:\Program Files (x86)\ArcGIS\Desktop10.0\ArcToolbox\Toolboxes\Data Management Tools.tbx\CalculateField" Date="20111025" Time="162343">CalculateField nh_lubc Tree_Fring "No" VB #</Process><Process ToolSource="C:\Program Files (x86)\ArcGIS\Desktop10.0\ArcToolbox\Toolboxes\Data Management Tools.tbx\CalculateField" Date="20111025" Time="162422">CalculateField nh_lubc Canopy_ove "No" VB #</Process><Process ToolSource="C:\Program Files (x86)\ArcGIS\Desktop10.0\ArcToolbox\Toolboxes\Data Management Tools.tbx\CalculateField" Date="20111025" Time="162703">CalculateField nh_lubc Tree_Fring "Yes" VB #</Process><Process ToolSource="C:\Program Files (x86)\ArcGIS\Desktop10.0\ArcToolbox\Toolboxes\Data Management Tools.tbx\CalculateField" Date="20111103" Time="134230">CalculateField nh_lubc Tree_Fring "No" VB #</Process><Process ToolSource="C:\Program Files (x86)\ArcGIS\Desktop10.0\ArcToolbox\Toolboxes\Data Management Tools.tbx\CalculateField" Date="20111103" Time="134818">CalculateField nh_lubc Feature "Agriculture" VB #</Process><Process ToolSource="C:\Program Files (x86)\ArcGIS\Desktop10.0\ArcToolbox\Toolboxes\Data Management Tools.tbx\CalculateField" Date="20111103" Time="134851">CalculateField nh_lubc Feature "Forest" VB #</Process><Process ToolSource="C:\Program Files (x86)\ArcGIS\Desktop10.0\ArcToolbox\Toolboxes\Data Management Tools.tbx\CalculateField" Date="20111103" Time="135250">CalculateField nh_lubc Feature "Industral" VB #</Process><Process ToolSource="C:\Program Files (x86)\ArcGIS\Desktop10.0\ArcToolbox\Toolboxes\Data Management Tools.tbx\CalculateField" Date="20111103" Time="135352">CalculateField nh_lubc Feature "Scrub Shrub" VB #</Process><Process ToolSource="C:\Program Files (x86)\ArcGIS\Desktop10.0\ArcToolbox\Toolboxes\Data Management Tools.tbx\CalculateField" Date="20111103" Time="135703">CalculateField nh_lubc Feature "Industrial" VB #</Process><Process ToolSource="C:\Program Files (x86)\ArcGIS\Desktop10.0\ArcToolbox\Toolboxes\Data Management Tools.tbx\CalculateField" Date="20111103" Time="151611">CalculateField nh_lubc Tree_Fring "No" VB #</Process><Process ToolSource="C:\Program Files (x86)\ArcGIS\Desktop10.0\ArcToolbox\Toolboxes\Data Management Tools.tbx\CalculateField" Date="20111104" Time="100737">CalculateField nh_lubc Bank_Ht "0 to 5" VB #</Process><Process ToolSource="C:\Program Files (x86)\ArcGIS\Desktop10.0\ArcToolbox\Toolboxes\Data Management Tools.tbx\CalculateField" Date="20111104" Time="100815">CalculateField nh_lubc Bank_Ht "5 to 10" VB #</Process><Process ToolSource="C:\Program Files (x86)\ArcGIS\Desktop10.0\ArcToolbox\Toolboxes\Data Management Tools.tbx\CalculateField" Date="20111104" Time="100842">CalculateField nh_lubc Bank_Ht "10 to 30" VB #</Process><Process ToolSource="C:\Program Files (x86)\ArcGIS\Desktop10.0\ArcToolbox\Toolboxes\Data Management Tools.tbx\CalculateField" Date="20111107" Time="142221">CalculateField nh_lubc Erosion "Stable" VB #</Process><Process ToolSource="c:\program files\arcgis\desktop10.0\ArcToolbox\Toolboxes\Data Management Tools.tbx\DeleteField" Date="20111213" Time="115103">DeleteField nh_lubc FID_2011_n;ID;CONTOUR;Bank_Hgt_;Feat_Name;FID_northa;FID_0_cont;ID_1;Id_12;Length;BUFF_DIST</Process><Process ToolSource="c:\program files\arcgis\desktop10.0\ArcToolbox\Toolboxes\Data Management Tools.tbx\DeleteField" Date="20111213" Time="121846">DeleteField nh_lubc Bank_Cover;Marsh</Process></lineage><itemProps><itemName Sync="TRUE">2011_nh_lubc_bnkhgt_merged_FINAL_UTM</itemName><imsContentType Sync="TRUE">002</imsContentType><itemSize Sync="TRUE">0.000</itemSize><itemLocation><linkage Sync="TRUE">file://\\139.70.26.249\ccrm\cci\portfolios\northampton_portfolio\final_shapefiles\2011_nh_lubc_bnkhgt_merged_FINAL_UTM</linkage><protocol Sync="TRUE">Local Area Network</protocol></itemLocation></itemProps><coordRef><type Sync="TRUE">Projected</type><geogcsn Sync="TRUE">GCS_North_American_1983</geogcsn><projcsn Sync="TRUE">NAD_1983_UTM_Zone_18N</projcsn><peXml Sync="TRUE">&lt;ProjectedCoordinateSystem xsi:type='typens:ProjectedCoordinateSystem' xmlns:xsi='http://www.w3.org/2001/XMLSchema-instance' xmlns:xs='http://www.w3.org/2001/XMLSchema' xmlns:typens='http://www.esri.com/schemas/ArcGIS/10.0'&gt;&lt;WKT&gt;PROJCS[&amp;quot;NAD_1983_UTM_Zone_18N&amp;quot;,GEOGCS[&amp;quot;GCS_North_American_1983&amp;quot;,DATUM[&amp;quot;D_North_American_1983&amp;quot;,SPHEROID[&amp;quot;GRS_1980&amp;quot;,6378137.0,298.257222101]],PRIMEM[&amp;quot;Greenwich&amp;quot;,0.0],UNIT[&amp;quot;Degree&amp;quot;,0.0174532925199433]],PROJECTION[&amp;quot;Transverse_Mercator&amp;quot;],PARAMETER[&amp;quot;False_Easting&amp;quot;,500000.0],PARAMETER[&amp;quot;False_Northing&amp;quot;,0.0],PARAMETER[&amp;quot;Central_Meridian&amp;quot;,-75.0],PARAMETER[&amp;quot;Scale_Factor&amp;quot;,0.9996],PARAMETER[&amp;quot;Latitude_Of_Origin&amp;quot;,0.0],UNIT[&amp;quot;Meter&amp;quot;,1.0],AUTHORITY[&amp;quot;EPSG&amp;quot;,26918]]&lt;/WKT&gt;&lt;XOrigin&gt;-5120900&lt;/XOrigin&gt;&lt;YOrigin&gt;-9998100&lt;/YOrigin&gt;&lt;XYScale&gt;450445547.3910538&lt;/XYScale&gt;&lt;ZOrigin&gt;-100000&lt;/ZOrigin&gt;&lt;ZScale&gt;10000&lt;/ZScale&gt;&lt;MOrigin&gt;-100000&lt;/MOrigin&gt;&lt;MScale&gt;10000&lt;/MScale&gt;&lt;XYTolerance&gt;0.001&lt;/XYTolerance&gt;&lt;ZTolerance&gt;0.001&lt;/ZTolerance&gt;&lt;MTolerance&gt;0.001&lt;/MTolerance&gt;&lt;HighPrecision&gt;true&lt;/HighPrecision&gt;&lt;WKID&gt;26918&lt;/WKID&gt;&lt;/ProjectedCoordinateSystem&gt;</peXml></coordRef><copyHistory><copy source="N:\cci\portfolios\northampton_inv\shapefiles_mxds\2011_nh_lubc_bnkhgt_merged_FINAL_UTM" dest="\\139.70.26.249\ccrm\cci\portfolios\northampton_portfolio\final_shapefiles\2011_nh_lubc_bnkhgt_merged_FINAL_UTM" date="20111025" time="14002200"></copy></copyHistory></DataProperties><SyncDate>20111130</SyncDate><SyncTime>08423600</SyncTime><ModDate>20111130</ModDate><ModTime>13360600</ModTime></Esri><dataIdInfo><envirDesc Sync="TRUE">Microsoft Windows XP Version 5.1 (Build 2600) Service Pack 3; ESRI ArcCatalog 9.3.1.3000</envirDesc><dataLang><languageCode value="eng" country="USA"></languageCode></dataLang><idCitation><resTitle Sync="TRUE">nh_lubc</resTitle><presForm><PresFormCd value="005"></PresFormCd></presForm></idCitation><descKeys><thesaName uuidref="723f6998-058e-11dc-8314-0800200c9a66"></thesaName><keyword Sync="TRUE">002</keyword></descKeys><spatRpType><SpatRepTypCd value="001"></SpatRepTypCd></spatRpType><dataExt><geoEle><GeoBndBox esriExtentType="native"><westBL Sync="TRUE">409051.660805</westBL><eastBL Sync="TRUE">441756.696098</eastBL><northBL Sync="TRUE">4156815.917394</northBL><southBL Sync="TRUE">4104494.913122</southBL><exTypeCode Sync="TRUE">1</exTypeCode></GeoBndBox></geoEle></dataExt><geoBox esriExtentType="decdegrees"><westBL Sync="TRUE">-76.029669</westBL><eastBL Sync="TRUE">-75.655321</eastBL><northBL Sync="TRUE">37.556518</northBL><southBL Sync="TRUE">37.082327</southBL><exTypeCode Sync="TRUE">1</exTypeCode></geoBox></dataIdInfo><mdLang><languageCode value="eng"></languageCode></mdLang><mdChar><CharSetCd value="004"></CharSetCd></mdChar><distInfo><distFormat><formatName Sync="TRUE">Shapefile</formatName></distFormat><distTranOps><transSize Sync="TRUE">0.000</transSize></distTranOps><distributor><distorTran><onLineSrc><linkage Sync="TRUE">file://\\139.70.26.249\ccrm\cci\portfolios\northampton_portfolio\final_shapefiles\nh_lubc.shp</linkage><protocol Sync="TRUE">Local Area Network</protocol><orDesc Sync="TRUE">002</orDesc></onLineSrc><transSize Sync="TRUE">34.135</transSize></distorTran><distorFormat><formatName Sync="TRUE">Shapefile</formatName></distorFormat></distributor></distInfo><mdHrLv><ScopeCd value="005"></ScopeCd></mdHrLv><mdHrLvName Sync="TRUE">dataset</mdHrLvName><refSysInfo><RefSystem><refSysID><identCode code="26918"></identCode><idCodeSpace Sync="TRUE">EPSG</idCodeSpace><idVersion Sync="TRUE">7.4.1</idVersion></refSysID></RefSystem></refSysInfo><spdoinfo><ptvctinf><esriterm Name="nh_lubc"><efeatyp Sync="TRUE">Simple</efeatyp><efeageom Sync="TRUE">Polyline</efeageom><esritopo Sync="TRUE">FALSE</esritopo><efeacnt Sync="TRUE">12605</efeacnt><spindex Sync="TRUE">FALSE</spindex><linrefer Sync="TRUE">FALSE</linrefer></esriterm><sdtsterm Name="nh_lubc"><sdtstype Sync="TRUE">String</sdtstype><ptvctcnt Sync="TRUE">12605</ptvctcnt></sdtsterm></ptvctinf><direct Sync="TRUE">Vector</direct></spdoinfo><spatRepInfo><VectSpatRep><topLvl><TopoLevCd value="001"></TopoLevCd></topLvl><geometObjs><geoObjTyp><GeoObjTypCd value="002"></GeoObjTypCd><geoObjCnt Sync="TRUE">0</geoObjCnt></geoObjTyp></geometObjs></VectSpatRep></spatRepInfo><eainfo><detailed Name="nh_lubc"><enttyp><enttypl Sync="TRUE">nh_lubc</enttypl><enttypt Sync="TRUE">Feature Class</enttypt><enttypc Sync="TRUE">12605</enttypc></enttyp><attr><attrlabl Sync="TRUE">FID</attrlabl><attalias Sync="TRUE">FID</attalias><attrtype Sync="TRUE">OID</attrtype><attwidth Sync="TRUE">4</attwidth><atprecis Sync="TRUE">0</atprecis><attscale Sync="TRUE">0</attscale><attrdef Sync="TRUE">Internal feature number.</attrdef><attrdefs Sync="TRUE">ESRI</attrdefs><attrdomv><udom Sync="TRUE">Sequential unique whole numbers that are automatically generated.</udom></attrdomv></attr><attr><attrlabl Sync="TRUE">Shape</attrlabl><attalias Sync="TRUE">Shape</attalias><attrtype Sync="TRUE">Geometry</attrtype><attwidth Sync="TRUE">0</attwidth><atprecis Sync="TRUE">0</atprecis><attscale Sync="TRUE">0</attscale><attrdef Sync="TRUE">Feature geometry.</attrdef><attrdefs Sync="TRUE">ESRI</attrdefs><attrdomv><udom Sync="TRUE">Coordinates defining the features.</udom></attrdomv></attr><attr><attrlabl Sync="TRUE">FID_2011_n</attrlabl><attalias Sync="TRUE">FID_2011_n</attalias><attrtype Sync="TRUE">Number</attrtype><attwidth Sync="TRUE">9</attwidth></attr><attr><attrlabl Sync="TRUE">ID</attrlabl><attalias Sync="TRUE">ID</attalias><attrtype Sync="TRUE">Number</attrtype><attwidth Sync="TRUE">10</attwidth></attr><attr><attrlabl Sync="TRUE">CONTOUR</attrlabl><attalias Sync="TRUE">CONTOUR</attalias><attrtype Sync="TRUE">Number</attrtype><attwidth Sync="TRUE">14</attwidth></attr><attr><attrlabl Sync="TRUE">Tree_Fring</attrlabl><attalias Sync="TRUE">Tree_Fring</attalias><attrtype Sync="TRUE">String</attrtype><attwidth Sync="TRUE">20</attwidth><attrdef>Fringe of trees at shoreline edge</attrdef></attr><attr><attrlabl Sync="TRUE">Bank_Hgt_</attrlabl><attalias Sync="TRUE">Bank_Hgt_</attalias><attrtype Sync="TRUE">String</attrtype><attwidth Sync="TRUE">20</attwidth></attr><attr><attrlabl Sync="TRUE">Bank_Cover</attrlabl><attalias Sync="TRUE">Bank_Cover</attalias><attrtype Sync="TRUE">String</attrtype><attwidth Sync="TRUE">20</attwidth><attrdef>Bank coverage</attrdef></attr><attr><attrlabl Sync="TRUE">Erosion</attrlabl><attalias Sync="TRUE">Erosion</attalias><attrtype Sync="TRUE">String</attrtype><attwidth Sync="TRUE">20</attwidth><attrdef>Erosion at bank</attrdef></attr><attr><attrlabl Sync="TRUE">Marsh</attrlabl><attalias Sync="TRUE">Marsh</attalias><attrtype Sync="TRUE">String</attrtype><attwidth Sync="TRUE">20</attwidth></attr><attr><attrlabl Sync="TRUE">Phrag</attrlabl><attalias Sync="TRUE">Phrag</attalias><attrtype Sync="TRUE">String</attrtype><attwidth Sync="TRUE">5</attwidth><attrdef>presence or absence</attrdef></attr><attr><attrlabl Sync="TRUE">Beach</attrlabl><attalias Sync="TRUE">Beach</attalias><attrtype Sync="TRUE">String</attrtype><attwidth Sync="TRUE">5</attwidth><attrdef>presence or absence</attrdef></attr><attr><attrlabl Sync="TRUE">GPS_Date</attrlabl><attalias Sync="TRUE">GPS_Date</attalias><attrtype Sync="TRUE">Date</attrtype><attwidth Sync="TRUE">8</attwidth><attrdef>Date of survey</attrdef></attr><attr><attrlabl Sync="TRUE">GPS_Time</attrlabl><attalias Sync="TRUE">GPS_Time</attalias><attrtype Sync="TRUE">String</attrtype><attwidth Sync="TRUE">20</attwidth><attrdef>Time of survey</attrdef></attr><attr><attrlabl Sync="TRUE">Feat_Name</attrlabl><attalias Sync="TRUE">Feat_Name</attalias><attrtype Sync="TRUE">String</attrtype><attwidth Sync="TRUE">25</attwidth><attrdef>Same as feature</attrdef></attr><attr><attrlabl Sync="TRUE">Canopy_ove</attrlabl><attalias Sync="TRUE">Canopy_ove</attalias><attrtype Sync="TRUE">String</attrtype><attwidth Sync="TRUE">20</attwidth><attrdef>Tree canopy over-hanging the bank</attrdef></attr><attr><attrlabl Sync="TRUE">Remote</attrlabl><attalias Sync="TRUE">Remote</attalias><attrtype Sync="TRUE">String</attrtype><attwidth Sync="TRUE">10</attwidth><attrdef>Remotely coded in the lab</attrdef></attr><attr><attrlabl Sync="TRUE">Feature</attrlabl><attalias Sync="TRUE">Feature</attalias><attrtype Sync="TRUE">String</attrtype><attwidth Sync="TRUE">25</attwidth><attrdef>Riparian land use:  agriculture, bare, commercial, forest, grass, industrial, paved, residential, scrub-shrub</attrdef></attr><attr><attrlabl Sync="TRUE">Cover</attrlabl><attalias Sync="TRUE">Cover</attalias><attrtype Sync="TRUE">String</attrtype><attwidth Sync="TRUE">10</attwidth><attrdef>Bank cover</attrdef></attr><attr><attrlabl Sync="TRUE">shl_type</attrlabl><attalias Sync="TRUE">shl_type</attalias><attrtype Sync="TRUE">String</attrtype><attwidth Sync="TRUE">50</attwidth></attr><attr><attrlabl Sync="TRUE">FID_northa</attrlabl><attalias Sync="TRUE">FID_northa</attalias><attrtype Sync="TRUE">Number</attrtype><attwidth Sync="TRUE">9</attwidth></attr><attr><attrlabl Sync="TRUE">FID_0_cont</attrlabl><attalias Sync="TRUE">FID_0_cont</attalias><attrtype Sync="TRUE">Number</attrtype><attwidth Sync="TRUE">9</attwidth></attr><attr><attrlabl Sync="TRUE">ID_1</attrlabl><attalias Sync="TRUE">ID_1</attalias><attrtype Sync="TRUE">Number</attrtype><attwidth Sync="TRUE">10</attwidth></attr><attr><attrlabl Sync="TRUE">Id_12</attrlabl><attalias Sync="TRUE">Id_12</attalias><attrtype Sync="TRUE">Number</attrtype><attwidth Sync="TRUE">6</attwidth></attr><attr><attrlabl Sync="TRUE">Bank_Ht</attrlabl><attalias Sync="TRUE">Bank_Ht</attalias><attrtype Sync="TRUE">String</attrtype><attwidth Sync="TRUE">10</attwidth><attrdef>Height of bank</attrdef></attr><attr><attrlabl Sync="TRUE">Length</attrlabl><attalias Sync="TRUE">Length</attalias><attrtype Sync="TRUE">Float</attrtype><attwidth Sync="TRUE">13</attwidth><atnumdec Sync="TRUE">11</atnumdec></attr><attr><attrlabl Sync="TRUE">BUFF_DIST</attrlabl><attalias Sync="TRUE">BUFF_DIST</attalias><attrtype Sync="TRUE">Float</attrtype><attwidth Sync="TRUE">19</attwidth><atnumdec Sync="TRUE">11</atnumdec></attr><attr><attrlabl Sync="TRUE">Length_m</attrlabl><attalias Sync="TRUE">Length_m</attalias><attrtype Sync="TRUE">Number</attrtype><attwidth Sync="TRUE">13</attwidth><atnumdec Sync="TRUE">2</atnumdec></attr></detailed></eainfo><mdDateSt Sync="TRUE">20111130</mdDateSt><idinfo><citation><citeinfo><onlink>http//ccrm.vims.edu/gis_data_maps/shoreline_inventories/index.html</onlink><title>Northampton County Land Use and Bank Cover (nh_lubc)</title><ftname Sync="TRUE">nh_lubc</ftname><geoform Sync="TRUE">vector digital data</geoform><origin>Comprehensive Coastal Inventory Program, Virginia Institute of Marine Science </origin><pubdate>2011</pubdate></citeinfo></citation><native Sync="TRUE">Microsoft Windows XP Version 5.1 (Build 2600) Service Pack 3; ESRI ArcCatalog 9.3.1.3000</native><descript><langdata Sync="TRUE">en</langdata><abstract>
Shoreline Situation Reports (SSR) were first generated by VIMS in the 1970's to report the condition and status of the shore lands.  The SSR series were published in hardcopy on a county by county basis for each Tidewater Virginia localities.  The reports were intended to assist planners, managers, and regulators in decisions pertaining to management of coastal areas and natural resources therein.  This Shoreline Inventory report continues a process which updates and expands the earlier reports.  Data collected reports conditions surveyed in the immediate riparian zone, the bank, and along the shoreline.
</abstract><purpose>To inventory Virginia's tidal shoreline conditions.
</purpose><supplinf>There are four shapefiles that are part of the 2011 Northampton County Shoreline Inventory database: nh_lubc, nh_astru,nh_sstru and NH_marshes. Nh_lubc (land use and bank cover for the Northampton County) is a linear shapefile containing data about land use, tree fringe, canopy overhang, bank height, bank cover,  erosion, Phragmites australis,  and beach status along the shoreline. Nh_sstru (Northampton County shoreline structures) is a linear shapefile delineating hard structures in place at the shoreline (bulkhead, breakwater,debris, dilapidated bulkhead,  riprap, jetty, marina, marsh toe revetment, wharf, unconventional, groinfields). Nh_astru (Northampton County access structures) is a point shapefile with locations of docks, ramps, dilapidated docks, outfalls and boathouses.  Nh_marshes  is a polygon shapefile delineating tidal marshes in Northampton County.  The attributes of these four shapefiles are explained in the Entity and Attribute Information section below.
</supplinf></descript><natvform Sync="TRUE">Shapefile</natvform><spdom><lboundng><leftbc Sync="TRUE">409051.660805</leftbc><rightbc Sync="TRUE">441756.696098</rightbc><bottombc Sync="TRUE">4104494.913122</bottombc><topbc Sync="TRUE">4156815.917394</topbc></lboundng><bounding><westbc Sync="TRUE">-76.029669</westbc><eastbc Sync="TRUE">-75.655321</eastbc><northbc Sync="TRUE">37.556518</northbc><southbc Sync="TRUE">37.082327</southbc></bounding></spdom><ptcontac><cntinfo><cntperp><cntper>Marcia Berman</cntper><cntorg>Virginia Institute of Marine Science </cntorg></cntperp><cntpos>Director of Comprehensive Coastal Inventory Program </cntpos><cntaddr><addrtype>mailing and physical address</addrtype><address>P.O.Box 1346</address><city>Gloucester Point</city><state>VA</state><postal>23062</postal><country>USA</country></cntaddr><cntvoice>804-684-7188</cntvoice><cntfax>8-4-684-7179</cntfax><cntemail>marcia@vims.edu</cntemail></cntinfo></ptcontac><accconst>none</accconst><useconst>These data should not be used for jurisdictional permit determinations beyond providing general shoreline condition or status information.  These data have not been surveyed to property boundaries.
</useconst><timeperd><timeinfo><mdattim><sngdate><caldate>5-31-11</caldate></sngdate><sngdate><caldate>6-1-11</caldate></sngdate><sngdate><caldate>6-2-11</caldate></sngdate><sngdate><caldate>6-3-11</caldate></sngdate><sngdate><caldate>6-13-11</caldate></sngdate><sngdate><caldate>6-14-11</caldate></sngdate><sngdate><caldate>6-15-11</caldate></sngdate><sngdate><caldate>7-6-11</caldate></sngdate><sngdate><caldate>7-15-11</caldate></sngdate><sngdate><caldate>7-18-11</caldate></sngdate><sngdate><caldate>7-19-11</caldate></sngdate><sngdate><caldate>7-20-11</caldate></sngdate><sngdate><caldate>7-28-11</caldate></sngdate><sngdate><caldate>8-15-11</caldate></sngdate></mdattim></timeinfo><current>ground condition</current></timeperd><keywords><theme><themekey>Shoreline conditions</themekey><themekey>Shoreline inventory</themekey><themekey>Bank cover</themekey><themekey>Riparian land use</themekey></theme><place><placekey>Chesapeake Bay</placekey><placekey>Cherrystone Inlet</placekey><placekey>Fishermans Island</placekey><placekey>Hungars Creek</placekey><placekey>Oceanside Islands</placekey><placekey>Kings Creek</placekey><placekey>Machipongo River</placekey><placekey>Mattawoman Creek</placekey><placekey>Nassawaddox Creek</placekey><placekey>Occohannock Creek</placekey><placekey>Oceanside Mainland</placekey><placekey>Old Plantation Creek</placekey><placekey>The Gulf</placekey></place></keywords><status><progress>Complete</progress><update>None planned</update></status></idinfo><dataqual><lineage><procstep><procdesc>Shoreline structures were recorded with a GPS unit as the boat moved along the shoreline. Data was transferred from the GPS boat track to an existing digital shoreline coverage by projecting data to the shoreline at a 90 degree angle from the boat track. Rectified digital orthophoto quads were used as a background coverage to aid in data positioning. Dock and boathouse point data were aligned with docks on the images. Land use features were placed along the shore so changes in land use were coincident with changes illustrated in the imagery. Positional accuracy for data that has been corrected with imagery is  .3 meters (equivalent to image resolution). Data not visable on the imagery (bulkheads, riprap, etc.) has a positional accuracy of  11 meters. Accuracy was determined by comparing digitally processed data locations to onsite GPS ground surveys collected at random.
</procdesc><procdate Sync="TRUE">20110818</procdate><proctime Sync="TRUE">08471800</proctime></procstep><procstep><procdesc Sync="TRUE">Dataset copied.</procdesc><srcused Sync="TRUE">N:\cci\portfolios\northampton_inv\shapefiles_mxds\2011_nh_lubc_tami</srcused><procdate Sync="TRUE">20111010</procdate><proctime Sync="TRUE">13164500</proctime></procstep><srcinfo><srccite><citeinfo><origin>Virginia Base Mapping Program (VBMP) 2009 </origin><pubdate>2010</pubdate><title>Virginia Base Mapping Program (VBMP) 2009 </title><pubinfo><pubplace>Chester,VA</pubplace></pubinfo></citeinfo></srccite></srcinfo><procstep><procdesc>Data was collected by a two-person field crew (one person collecting land use and bank condition data and one boat operator also collecting shoreline features) using two hand-held Trimble GeoExplorers GPS Units, while navigating along the shoreline. A data dictionary designed for the inventory was installed on each GPS Unit. One data collector records natural features including land use, bank height, presence of marsh or beach, and shoreline stability. A second person collects data on the hardened structures: riprap, bulkheads, docks, boatramps, etc. Point features (docks, boathouses, ramps) were surveyed with a six second observation recorded at 1 reading/second. Linear features were surveyed kinematically at a rate of one observation every 3 seconds.
</procdesc></procstep><procstep><procdesc>Data from the GPS units were postprocessed on a PC with Trimble Pathfinder Office software. Postprocessing includes differential correction using base station data collected at the VIMS laboratory. Corrected data is converted to shapefiles for further processing.
</procdesc></procstep><procstep><procdesc>In the ArcMap environment, boat-track arcs were manually shifted to the base shoreline (VBMP). Arcs were split and moved to locations on the shoreline perpendicular to the original locations on the boat-track. Shoreline arc segments were coded, and the shapefiles were visually checked for attribute accuracy between coded shoreline and boat-track data.
</procdesc></procstep><procstep><procdesc>In the ArcMap environment, boat-track arcs were manually shifted to the base shoreline (VBMP). Arcs were split and moved to locations on the shoreline perpendicular to the original locations on the boat-track. Shoreline arc segments were coded, and the shapefiles were visually checked for attribute accuracy between coded shoreline and boat-track data.
</procdesc></procstep><procstep><procdesc>Land use, dock, and boathouse locations were digitally checked and repositioned if necessary with VBMP imagery displayed as a background coverage. This was done using ArcMap capabilities. Areas inaccessible by boat due to low tide were coded based on features observed on the imagery. The "remote" coded areas were given the item REMOTE = "yes" to distinquish them from GPS collected data.
</procdesc></procstep><procstep><procdesc>A portfolio containing thirty-two 1:12,000 , 1 1:15,000 , 2 1:60,000 and 1 1:70,000 scale plates were created for Northampton County. The first thirty-three plates each have four maps: riparian land use, bank conditions, shoreline features, and natural buffers.  The last three plates each have three maps: riparian land use, bank conditions and shoreline features with natural buffers.   VBMP (2009) Infrared WGS imagery is displayed in the background to provide users with additional information.
</procdesc></procstep><procstep><procdesc>Bank height was generated from the VBMP. The 0, 5, 10 and 30 foot contours were derived from the VBMP Eastern Shore hydrologically correct DEM based on the 2010 LiDar survey, using the raster surface contour tool.  It was decided that the bank would be within 10 meters of the 0 contour except on some beaches where the bank was visually further away. 10 meter buffers were created for the 5, 10 and 30 foot contours. Each of these buffers was run with the 0 contour in the intersect tool to make files showing where the contours were within 10 meters of the 0.  In no case did the 30 foot contour intersect 0. The 3 files for 0, 5, and 10 were run in the identity tool to make the final file showing bank height feature attributes of 0-5, 5-10, and 10-30.
This was merged with the land use data and became an attribute in the shapefile.</procdesc></procstep><procstep><procdesc>The shoreline used was extracted from the VGIN LiDar derived, hydro flattened DEM for the Eastern Shore using the ArcMap contour tool.</procdesc></procstep></lineage><logic>Chain-node topology present.  Linear coverages were built for lines and point coverages were built for points.
</logic><complete>All shoreline for Northampton County that has a minimum depth of 2 feet at mean low water was surveyed.   Some shorelines are coded remotely if access was restricted due to depth at time of survey.  Upper reaches of creeks were often coded remotely.
</complete><posacc><horizpa><horizpar>Shoreline structures were recorded with a GPS unit as the boat moved along the shoreline. Data was transferred from the GPS boat track to an existing digital shoreline coverage by projecting data to the shoreline at a 90 degree angle from the boat track. Rectified digital orthophoto quads were used as a background coverage to aid in data positioning. Dock and boathouse point data were aligned with docks on the images. Land use features were placed along the shore so changes in land use were coincident with changes illustrated in the imagery. Positional accuracy for data that has been corrected with imagery is  .3 meters (equivalent to image resolution). Data not visable on the imagery (bulkheads, riprap, etc.) has a positional accuracy of  11 meters. Accuracy was determined by comparing digitally processed data locations to onsite GPS ground surveys collected at random.
</horizpar></horizpa></posacc></dataqual><metainfo><langmeta Sync="TRUE">en</langmeta><metstdn Sync="TRUE">FGDC Content Standards for Digital Geospatial Metadata</metstdn><metstdv Sync="TRUE">FGDC-STD-001-1998</metstdv><mettc Sync="TRUE">local time</mettc><metd Sync="TRUE">20111130</metd><metextns><onlink Sync="TRUE">http://www.esri.com/metadata/esriprof80.html</onlink><metprof Sync="TRUE">ESRI Metadata Profile</metprof></metextns><metc><cntinfo><cntperp><cntper>Sharon Killeen</cntper><cntorg>Comprehensive Coastal Inventory </cntorg></cntperp><cntpos>GIS Programmer/Analyst </cntpos><cntaddr><addrtype>mailing and physical address</addrtype><address>P.O.Box 1346 Greate Road</address><city>Gloucester Point</city><state>VA</state><postal>23062</postal><country>USA</country></cntaddr><cntvoice>804-684-7534</cntvoice><cntfax>804-684-7179</cntfax><cntemail>sharon@vims.edu</cntemail></cntinfo></metc></metainfo><mdStanName Sync="TRUE">ISO 19115 Geographic Information - Metadata</mdStanName><mdStanVer Sync="TRUE">DIS_ESRI1.0</mdStanVer><distinfo><resdesc Sync="TRUE">Downloadable Data</resdesc><stdorder><digform><digtinfo><transize Sync="TRUE">34.135</transize><dssize Sync="TRUE">34.135</dssize></digtinfo></digform></stdorder></distinfo><spref><horizsys><cordsysn><geogcsn Sync="TRUE">GCS_North_American_1983</geogcsn><projcsn Sync="TRUE">NAD_1983_UTM_Zone_18N</projcsn></cordsysn><planar><planci><plance Sync="TRUE">coordinate pair</plance><plandu Sync="TRUE">meters</plandu><coordrep><absres Sync="TRUE">0.000000</absres><ordres Sync="TRUE">0.000000</ordres></coordrep></planci><gridsys><gridsysn Sync="TRUE">Universal Transverse Mercator</gridsysn><utm><utmzone Sync="TRUE">18</utmzone><transmer><sfctrmer Sync="TRUE">0.999600</sfctrmer><longcm Sync="TRUE">-75.000000</longcm><latprjo Sync="TRUE">0.000000</latprjo><feast Sync="TRUE">500000.000000</feast><fnorth Sync="TRUE">0.000000</fnorth></transmer></utm></gridsys></planar><geodetic><horizdn Sync="TRUE">North American Datum of 1983</horizdn><ellips Sync="TRUE">Geodetic Reference System 80</ellips><semiaxis Sync="TRUE">6378137.000000</semiaxis><denflat Sync="TRUE">298.257222</denflat></geodetic></horizsys></spref></metadata>
