<?xml version="1.0"?>
<metadata xml:lang="en">
	<dataIdInfo>
		<envirDesc>Microsoft Windows Server 2003 Version 5.2 (Build 3790) Service Pack 2; ESRI ArcGIS 10.0.0.2414</envirDesc>
		<dataLang><languageCode value="en" country="US"/></dataLang><idCitation><resTitle>benthic_8_10</resTitle><presForm><PresFormCd value="005"/></presForm></idCitation><descKeys><thesaName uuidref="723f6998-058e-11dc-8314-0800200c9a66"/><keyword>002</keyword></descKeys><spatRpType><SpatRepTypCd value="001"/></spatRpType></dataIdInfo>
	<mdLang><languageCode value="en"/></mdLang><distInfo><distFormat><formatName>Shapefile</formatName></distFormat><distTranOps><transSize>0.003</transSize></distTranOps></distInfo><mdHrLv><ScopeCd value="005"/></mdHrLv><mdHrLvName>dataset</mdHrLvName><refSysInfo><RefSystem><refSysID><identCode code="102113"/><idCodeSpace>ESRI</idCodeSpace><idVersion>10.0.0</idVersion></refSysID></RefSystem></refSysInfo><spdoinfo><ptvctinf/></spdoinfo><spatRepInfo><VectSpatRep><topLvl><TopoLevCd value="001"/></topLvl><geometObjs><geoObjTyp><GeoObjTypCd value="002"/><geoObjCnt>0</geoObjCnt></geoObjTyp></geometObjs></VectSpatRep></spatRepInfo><eainfo><detailed><enttyp><enttypl>benthic_8_10</enttypl></enttyp><attr><attrlabl>OBJECTID</attrlabl><attrdef>Internal feature number.</attrdef><attrdefs>ESRI</attrdefs><attrdomv><udom>Sequential unique whole numbers that are automatically generated.</udom></attrdomv></attr><attr><attrlabl>Shape</attrlabl><attrdef>Feature geometry.</attrdef><attrdefs>ESRI</attrdefs><attrdomv><udom>Coordinates defining the features.</udom></attrdomv></attr><attr><attrlabl>FID_benthi</attrlabl></attr><attr><attrlabl>cbw_huc8_A</attrlabl></attr><attr><attrlabl>cbw_huc8_1</attrlabl></attr><attr><attrlabl>ALL_AVERAG</attrlabl></attr><attr><attrlabl>ALL_AVER_1</attrlabl></attr><attr><attrlabl>ALL_AVER_2</attrlabl></attr><attr><attrlabl>ALL_AVER_3</attrlabl></attr><attr><attrlabl>FID_huc10_</attrlabl></attr><attr><attrlabl>HUC_10</attrlabl></attr><attr><attrlabl>ACRES_HU10</attrlabl></attr><attr><attrlabl>HUC_10_11</attrlabl></attr><attr><attrlabl>IBI_SCORE</attrlabl></attr><attr><attrlabl>NSIZE</attrlabl></attr><attr><attrlabl>cbp_rank</attrlabl></attr><attr><attrlabl>Shape_Length</attrlabl><attrdef>Length of feature in internal units.</attrdef><attrdefs>ESRI</attrdefs><attrdomv><udom>Positive real numbers that are automatically generated.</udom></attrdomv></attr><attr><attrlabl>Shape_Area</attrlabl><attrdef>Area of feature in internal units squared.</attrdef><attrdefs>ESRI</attrdefs><attrdomv><udom>Positive real numbers that are automatically generated.</udom></attrdomv></attr></detailed></eainfo><mdDateSt>20110318</mdDateSt></metadata>
