<?xml version="1.0"?>
<!--<!DOCTYPE metadata SYSTEM "http://www.esri.com/metadata/esriprof80.dtd">-->
<metadata xml:lang="en"><Esri><CreaDate>20040609</CreaDate><CreaTime>10552600</CreaTime><SyncOnce>TRUE</SyncOnce><MetaID>{D314821F-53D5-4DEA-AE01-58A20121CEDA}</MetaID></Esri><idinfo><citation><citeinfo><onlink Sync="TRUE"></onlink></citeinfo></citation></idinfo><distInfo><distributor><distorTran><onLineSrc><linkage Sync="TRUE">file://</linkage><protocol Sync="TRUE">Local Area Network</protocol></onLineSrc></distorTran></distributor></distInfo><dataqual><lineage><procstep><procdesc Sync="TRUE">Dataset copied.</procdesc><srcused Sync="TRUE">w:\gis\cbess\data\recentshore</srcused><date Sync="TRUE">20040607</date><time Sync="TRUE">13213000</time></procstep><procstep><procdesc Sync="TRUE">Dataset copied.</procdesc><srcused Sync="TRUE"></srcused><date Sync="TRUE">20040609</date><time Sync="TRUE">10552600</time></procstep></lineage></dataqual></metadata>
