<?xml version="1.0"?>
<!--<!DOCTYPE metadata SYSTEM "http://www.esri.com/metadata/esriprof80.dtd">-->
<metadata xml:lang="en"><Esri><MetaID>{E0EC5577-4359-4EC6-9EFE-89DE629A7AE1}</MetaID><CreaDate>20130329</CreaDate><CreaTime>14294800</CreaTime><SyncOnce>FALSE</SyncOnce><SyncDate>20130408</SyncDate><SyncTime>15312100</SyncTime><ModDate>20130408</ModDate><ModTime>15312100</ModTime><DataProperties><lineage><Process ToolSource="C:\Program Files\ArcGIS\ArcToolbox\Toolboxes\Conversion Tools.tbx\FeatureClassToFeatureClass" Date="20130329" Time="142949">FeatureClassToFeatureClass "C:\Red Hen\Shoreline_Inventory.gdb\Delaware\Delaware_astru" N:\cci\Shoreline_Inventories\Inventories_In_Progress\Delaware_inv\Data\Final_Shapefiles Rehoboth_astru.shp # "PNTSTRUC 'PNTSTRUC' true true false 50 Text 0 0 ,First,#,C:\Red Hen\Shoreline_Inventory.gdb\Delaware\Delaware_astru,PNTSTRUC,-1,-1;REMOTE 'REMOTE' true true false 5 Text 0 0 ,First,#,C:\Red Hen\Shoreline_Inventory.gdb\Delaware\Delaware_astru,REMOTE,-1,-1;Field_day 'Field_day' true true false 25 Text 0 0 ,First,#,C:\Red Hen\Shoreline_Inventory.gdb\Delaware\Delaware_astru,Field_day,-1,-1" # N:\cci\Shoreline_Inventories\Inventories_In_Progress\Delaware_inv\Data\Final_Shapefiles\Rehoboth_astru.shp</Process><Process ToolSource="C:\Program Files (x86)\ArcGIS\Desktop10.0\ArcToolbox\Toolboxes\Data Management Tools.tbx\CalculateField" Date="20130329" Time="150342">CalculateField Rehoboth_astru Field_day "October 15-18, 2012" VB #</Process><Process ToolSource="C:\Program Files (x86)\ArcGIS\Desktop10.0\ArcToolbox\Toolboxes\Data Management Tools.tbx\CalculateField" Date="20130329" Time="160926">CalculateField Rehoboth_astru REMOTE "No" VB #</Process><Process ToolSource="C:\Program Files (x86)\ArcGIS\Desktop10.0\ArcToolbox\Toolboxes\Data Management Tools.tbx\CalculateField" Date="20130329" Time="160938">CalculateField Rehoboth_astru Field_day "October 15-18, 2012" VB #</Process><Process ToolSource="C:\Program Files (x86)\ArcGIS\Desktop10.0\ArcToolbox\Toolboxes\Data Management Tools.tbx\CalculateField" Date="20130329" Time="161646">CalculateField Rehoboth_astru REMOTE "Yes" VB #</Process><Process ToolSource="C:\Program Files (x86)\ArcGIS\Desktop10.0\ArcToolbox\Toolboxes\Data Management Tools.tbx\CalculateField" Date="20130329" Time="161654">CalculateField Rehoboth_astru Field_day "" VB #</Process><Process ToolSource="C:\Program Files (x86)\ArcGIS\Desktop10.0\ArcToolbox\Toolboxes\Data Management Tools.tbx\CalculateField" Date="20130329" Time="161820">CalculateField Rehoboth_astru Field_day "" VB #</Process><Process ToolSource="C:\Program Files (x86)\ArcGIS\Desktop10.0\ArcToolbox\Toolboxes\Data Management Tools.tbx\CalculateField" Date="20130329" Time="161831">CalculateField Rehoboth_astru REMOTE "Yes" VB #</Process><Process ToolSource="C:\Program Files (x86)\ArcGIS\Desktop10.0\ArcToolbox\Toolboxes\Data Management Tools.tbx\CalculateField" Date="20130329" Time="161910">CalculateField Rehoboth_astru REMOTE "Yes" VB #</Process><Process ToolSource="C:\Program Files (x86)\ArcGIS\Desktop10.0\ArcToolbox\Toolboxes\Data Management Tools.tbx\CalculateField" Date="20130329" Time="161919">CalculateField Rehoboth_astru Field_day "" VB #</Process><Process ToolSource="C:\Program Files (x86)\ArcGIS\Desktop10.0\ArcToolbox\Toolboxes\Data Management Tools.tbx\CalculateField" Date="20130329" Time="162121">CalculateField Rehoboth_astru REMOTE "No" VB #</Process><Process ToolSource="C:\Program Files (x86)\ArcGIS\Desktop10.0\ArcToolbox\Toolboxes\Data Management Tools.tbx\CalculateField" Date="20130329" Time="162421">CalculateField Rehoboth_astru Field_day "" VB #</Process><Process ToolSource="C:\Program Files (x86)\ArcGIS\Desktop10.0\ArcToolbox\Toolboxes\Data Management Tools.tbx\CalculateField" Date="20130329" Time="162446">CalculateField Rehoboth_astru Field_day "October 15-18, 2012" VB #</Process></lineage></DataProperties></Esri><idinfo><native Sync="TRUE">Microsoft Windows Vista Version 6.1 (Build 7601) Service Pack 1; ESRI ArcCatalog 9.3.1.3500</native><descript><langdata Sync="TRUE">en</langdata><abstract>Shoreline Situation Reports (SSR) were first generated by VIMS in the 1970's to report the condition and status of the shore lands.  The SSR series were published in hardcopy on a county by county basis for each of the Tidewater Virginia localities.  The reports were intended to assist planners, managers, and regulators in decisions pertaining to management of coastal areas and natural resources therein.   This is the first Shoreline Inventory Report for the Rehoboth Bay section of Delaware.  Data collected describes conditions in the immediate riparian zone, the bank, and along the shore.</abstract><purpose>To inventory Rehoboth Bays tidal shoreline conditions.</purpose><supplinf>There are three shapefiles that are part of the 2012 Rehoboth Bay, Delaware Shoreline Inventory database:  Rehoboth_lubc,  Rehoboth_sstru,  and Rehoboth_astru.  Rehoboth_lubc (land use and bank cover for Rehoboth Bay) is a linear shapefile containing data about land use, tree fringe, canopy overhang, bank height, bank cover, erosion,  presence of Phragmites australis, marsh and beach status along the shoreline.  Rehoboth_sstru (Rehoboth Bay shoreline structures) is a linear shapefile delineating hard structures in place at the shoreline (bulkhead, dilapidated bulkhead, riprap, wharf, unconventional, debris, marina &lt; 50 slips, marina &gt; 50 slips, jetty, marsh toe revetment, groinfield and breakwaters).   Rehoboth_astru (Rehoboth Bay access structures) is a point shapefile with locations of docks, dilapidated docks, boathouses, and private and public boat ramps.</supplinf></descript><citation><citeinfo><origin>Virginia Institute of Marine Science (VIMS)</origin><pubdate>2013</pubdate><title>Rehoboth Bay, Delaware Access Structures</title><ftname Sync="TRUE">Rehoboth_astru</ftname><geoform Sync="TRUE">vector digital data</geoform><onlink>http://ccrm.vims.edu/gis_data_maps/shoreline_inventories/index.html</onlink><pubinfo><pubplace>Gloucester Point, Virginia</pubplace><publish>Virgina Institute of Marine Science (VIMS) </publish></pubinfo></citeinfo></citation><timeperd><current>ground condition</current><timeinfo><mdattim><sngdate><caldate>10/15/2012</caldate></sngdate><sngdate><caldate>10/16/2012</caldate></sngdate><sngdate><caldate>10/17/2012</caldate></sngdate><sngdate><caldate>10/18/2012</caldate></sngdate></mdattim></timeinfo></timeperd><status><progress>Complete</progress><update>None planned</update></status><spdom><bounding><westbc Sync="TRUE">-75.187859</westbc><eastbc Sync="TRUE">-75.070491</eastbc><northbc Sync="TRUE">38.775899</northbc><southbc Sync="TRUE">38.616087</southbc></bounding><lboundng><leftbc Sync="TRUE">483681.704400</leftbc><rightbc Sync="TRUE">493863.198800</rightbc><bottombc Sync="TRUE">4274191.422300</bottombc><topbc Sync="TRUE">4291910.746500</topbc></lboundng></spdom><keywords><theme><themekey>Shoreline Inventory </themekey><themekey>Shoreline structures </themekey><themekey>Access structures </themekey><themekey>Bank cover </themekey><themekey>Land use</themekey></theme><place><placekey>Rehoboth Bay</placekey><placekey>Rehoboth Canal</placekey><placekey>Lewes Canal </placekey><placekey>Love Creek </placekey><placekey>Herring Creek </placekey><placekey>Delaware </placekey></place></keywords><accconst>none</accconst><useconst>These data should not be used for jurisdictional permit determinations beyond providing general shoreline condition or status information.  These data have not been surveyed to property boundaries.
</useconst><natvform Sync="TRUE">Shapefile</natvform><ptcontac><cntinfo><cntperp><cntper>Marcia Berman </cntper><cntorg>Virginia Institute of Marine Science (VIMS) </cntorg></cntperp><cntpos>Director Comprehensive Coastal Inventory Program </cntpos><cntaddr><addrtype>mailing and physical address</addrtype><address>P.O. Box 1346 Greate Road</address><city>Gloucester Point</city><state>Virginia</state><postal>23062</postal><country>USA</country></cntaddr><cntvoice>804-684-7188</cntvoice><cntfax>804-684-7179</cntfax><cntemail>marcia@vims.edu</cntemail></cntinfo></ptcontac></idinfo><dataIdInfo><envirDesc Sync="TRUE">Microsoft Windows Vista Version 6.1 (Build 7601) Service Pack 1; ESRI ArcCatalog 9.3.1.3500</envirDesc><dataLang><languageCode Sync="TRUE" value="en"></languageCode></dataLang><idCitation><resTitle Sync="TRUE">Rehoboth_astru</resTitle><presForm><PresFormCd Sync="TRUE" value="005"></PresFormCd></presForm></idCitation><spatRpType><SpatRepTypCd Sync="TRUE" value="001"></SpatRepTypCd></spatRpType><dataExt><geoEle><GeoBndBox esriExtentType="native"><westBL Sync="TRUE">483681.7044</westBL><eastBL Sync="TRUE">493863.1988</eastBL><northBL Sync="TRUE">4291910.7465</northBL><southBL Sync="TRUE">4274191.4223</southBL><exTypeCode Sync="TRUE">1</exTypeCode></GeoBndBox></geoEle></dataExt><geoBox esriExtentType="decdegrees"><westBL Sync="TRUE">-75.187859</westBL><eastBL Sync="TRUE">-75.070491</eastBL><northBL Sync="TRUE">38.775899</northBL><southBL Sync="TRUE">38.616087</southBL><exTypeCode Sync="TRUE">1</exTypeCode></geoBox></dataIdInfo><metainfo><langmeta Sync="TRUE">en</langmeta><metstdn Sync="TRUE">FGDC Content Standards for Digital Geospatial Metadata</metstdn><metstdv Sync="TRUE">FGDC-STD-001-1998</metstdv><mettc Sync="TRUE">local time</mettc><metc><cntinfo><cntaddr><addrtype>mailing and physical address</addrtype><city>Gloucester Point</city><state>Virginia</state><postal>23062</postal><address>P.O. Box 1346 Greate Road</address><country>USA</country></cntaddr><cntvoice>804-684-7534</cntvoice><cntperp><cntper>Sharon Killeen</cntper><cntorg>Comprehensive Coastal Inventory, Virginia Institute of Marine Science </cntorg></cntperp><cntpos>GIS Programmer/Analyst </cntpos><cntfax>804-684-7179</cntfax><cntemail>sharon@vims.edu</cntemail></cntinfo></metc><metd Sync="TRUE">20130408</metd><metextns><onlink Sync="TRUE">http://www.esri.com/metadata/esriprof80.html</onlink><metprof Sync="TRUE">ESRI Metadata Profile</metprof></metextns></metainfo><mdLang><languageCode Sync="TRUE" value="en"></languageCode></mdLang><mdStanName Sync="TRUE">ISO 19115 Geographic Information - Metadata</mdStanName><mdStanVer Sync="TRUE">DIS_ESRI1.0</mdStanVer><mdChar><CharSetCd Sync="TRUE" value="004"></CharSetCd></mdChar><mdHrLv><ScopeCd Sync="TRUE" value="005"></ScopeCd></mdHrLv><mdHrLvName Sync="TRUE">dataset</mdHrLvName><distinfo><resdesc Sync="TRUE">Downloadable Data</resdesc><stdorder><digform><digtinfo><transize Sync="TRUE">0.029</transize><dssize Sync="TRUE">0.029</dssize></digtinfo></digform></stdorder><distliab>The Comprehensive Coastal Inventory Program (CCI) at VIMS performs a service by distributing data generated by either CCI or public agencies which offer data without restrictions or charge.  CCI assumes no responsibility for data  accuracy or precision, metadata completeness or correctness for digital information.  CCI assumes no liability for misuse of any data which may arise as a result of any alteration, conversion, or combination with other data sources.  As well, the timeliness and scale of these products must be considered when evaluating appropriate use.
</distliab></distinfo><distInfo><distributor><distorTran><onLineSrc><orDesc Sync="TRUE">002</orDesc><linkage Sync="TRUE">file://\\139.70.26.251\ccrm\cci\Shoreline_Inventories\Inventories_In_Progress\Delaware_inv\Data\Final_Shapefiles\Rehoboth_astru.shp</linkage><protocol Sync="TRUE">Local Area Network</protocol></onLineSrc><transSize Sync="TRUE">0.029</transSize></distorTran><distorFormat><formatName Sync="TRUE">Shapefile</formatName></distorFormat></distributor></distInfo><spdoinfo><direct Sync="TRUE">Vector</direct><ptvctinf><esriterm Name="Rehoboth_astru"><efeatyp Sync="TRUE">Simple</efeatyp><efeageom Sync="TRUE">Point</efeageom><esritopo Sync="TRUE">FALSE</esritopo><efeacnt Sync="TRUE">1098</efeacnt><spindex Sync="TRUE">TRUE</spindex><linrefer Sync="TRUE">FALSE</linrefer></esriterm><sdtsterm Name="Rehoboth_astru"><sdtstype Sync="TRUE">Entity point</sdtstype><ptvctcnt Sync="TRUE">1098</ptvctcnt></sdtsterm></ptvctinf></spdoinfo><spref><horizsys><cordsysn><geogcsn Sync="TRUE">GCS_North_American_1983</geogcsn><projcsn Sync="TRUE">NAD_1983_UTM_Zone_18N</projcsn></cordsysn><planar><planci><plance Sync="TRUE">coordinate pair</plance><plandu Sync="TRUE">meters</plandu><coordrep><absres Sync="TRUE">0.000000</absres><ordres Sync="TRUE">0.000000</ordres></coordrep></planci><gridsys><gridsysn Sync="TRUE">Universal Transverse Mercator</gridsysn><utm><utmzone Sync="TRUE">18</utmzone><transmer><sfctrmer Sync="TRUE">0.999600</sfctrmer><longcm Sync="TRUE">-75.000000</longcm><latprjo Sync="TRUE">0.000000</latprjo><feast Sync="TRUE">500000.000000</feast><fnorth Sync="TRUE">0.000000</fnorth></transmer></utm></gridsys></planar><geodetic><horizdn Sync="TRUE">North American Datum of 1983</horizdn><ellips Sync="TRUE">Geodetic Reference System 80</ellips><semiaxis Sync="TRUE">6378137.000000</semiaxis><denflat Sync="TRUE">298.257222</denflat></geodetic></horizsys></spref><refSysInfo><RefSystem><refSysID><identCode Sync="TRUE">NAD_1983_UTM_Zone_18N</identCode></refSysID></RefSystem></refSysInfo><spatRepInfo><VectSpatRep><topLvl><TopoLevCd Sync="TRUE" value="001"></TopoLevCd></topLvl><geometObjs Name="Rehoboth_astru"><geoObjTyp><GeoObjTypCd Sync="TRUE" value="004"></GeoObjTypCd></geoObjTyp><geoObjCnt Sync="TRUE">1098</geoObjCnt></geometObjs></VectSpatRep></spatRepInfo><eainfo><detailed Name="Rehoboth_astru"><enttyp><enttypl Sync="TRUE">Rehoboth_astru</enttypl><enttypt Sync="TRUE">Feature Class</enttypt><enttypc Sync="TRUE">1098</enttypc></enttyp><attr><attrlabl Sync="TRUE">FID</attrlabl><attalias Sync="TRUE">FID</attalias><attrtype Sync="TRUE">OID</attrtype><attwidth Sync="TRUE">4</attwidth><atprecis Sync="TRUE">0</atprecis><attscale Sync="TRUE">0</attscale><attrdef Sync="TRUE">Internal feature number.</attrdef><attrdefs Sync="TRUE">ESRI</attrdefs><attrdomv><udom Sync="TRUE">Sequential unique whole numbers that are automatically generated.</udom></attrdomv></attr><attr><attrlabl Sync="TRUE">Shape</attrlabl><attalias Sync="TRUE">Shape</attalias><attrtype Sync="TRUE">Geometry</attrtype><attwidth Sync="TRUE">0</attwidth><atprecis Sync="TRUE">0</atprecis><attscale Sync="TRUE">0</attscale><attrdef Sync="TRUE">Feature geometry.</attrdef><attrdefs Sync="TRUE">ESRI</attrdefs><attrdomv><udom Sync="TRUE">Coordinates defining the features.</udom></attrdomv></attr><attr><attrlabl Sync="TRUE">PNTSTRUC</attrlabl><attalias Sync="TRUE">PNTSTRUC</attalias><attrtype Sync="TRUE">String</attrtype><attwidth Sync="TRUE">50</attwidth><attrdef>dock, dilapidated dock, public ramp, private ramp, wharf, boathouse</attrdef></attr><attr><attrlabl Sync="TRUE">REMOTE</attrlabl><attalias Sync="TRUE">REMOTE</attalias><attrtype Sync="TRUE">String</attrtype><attwidth Sync="TRUE">5</attwidth><attrdef>remotely coded in lab</attrdef></attr><attr><attrlabl Sync="TRUE">Field_day</attrlabl><attalias Sync="TRUE">Field_day</attalias><attrtype Sync="TRUE">String</attrtype><attwidth Sync="TRUE">25</attwidth><attrdef>date of data collection</attrdef></attr></detailed></eainfo><mdDateSt Sync="TRUE">20130408</mdDateSt><dataqual><lineage><procstep><procdesc>Wherever possible, all field surveys are performed from a small  shoal draft vessel navigating at slow speeds parallel to the shoreline.  To the extent possible, surveys take place on a rising tide allowing the boat to be as close to the shore as possible.  The field crew consists of a boat operator and one data collector.
</procdesc></procstep><procstep><procdesc>Data is logged using a geo-referenced video camera.  The Red Hen System provides hardware and software to collect geo-referenced video and photo data in the field.  A standard video camera (sony ACC-HDV7)  is interfaced with a GPS antennae via the Red Hen hardware device - VMS 300.   VMS 300 converts GPS data into audio signals, which are sent to a video camera through its microphone input connector.  As the video is recorded, GPS data are transmitted once per second to the video camera by VMS 300.  Each GPS location is linked with a time code on the video.  Therefore, the survey is a set of videos containing geographically referenced shoreline data.
</procdesc></procstep><procstep><procdesc>For tributaries surveyed in the field using GPS referenced videography, the proprietary software associated with the Red Hen System is used for post processing: Pixpoint and GeoVideo for GIS. The PixPoint software package is used to generate a point shapefile containing points representing locations of geo-referenced still photos taken during the survey.  GeoVideo software package is an ArcGIS extension.  It is a desktop mapping application that brings the geo-referenced video directly into the ArcGIS environment.  This software enables users to digitally map videos using GPS coordinates.  After the videos are downloaded to the computer, the GeoVideo software is used to generate a point shapefile which is geotagged to the precise track of the video survey.  This shapefile is a representation of the survey track. Along with the video link, it enables GIS personnel to code the shoreline conditions in ArcMap based on what is viewed in the video.
</procdesc></procstep><procstep><procdesc>Areas that are coded remotely used the most current imagery available as background.
</procdesc></procstep><srcinfo><srccite><citeinfo><origin>Virginia Geographic Information Network (VGIN) </origin><pubdate>2013</pubdate><title>Virginia Base Mapping Program (VBMP) </title><pubinfo><pubplace>Richmond, Virginia</pubplace></pubinfo></citeinfo></srccite></srcinfo></lineage><complete>This inventory targets tidal shoreline only.  Access by boat is required for field surveys.  Remote sensing techniques are used in areas where water depths are too shallow for access or where unmanaged, undeveloped shoreline persists along very long reaches.   This would include headwaters of tidal creeks, and natural areas along park and conservation lands.
</complete><posacc><horizpa><horizpar>Shoreline attributes recorded with a GPS unit as the boat moves along the shoreline has a horizontal accuracy of +/- 5 meters.  Data was transferred from the GPS boat track to an existing digital shoreline coverage by projecting data to the shoreline at a 90 degree angle from the boat track.  Rectified imagery were used as a background coverage to aid in data positioning.  Land use features were placed along the shore so changes in land use were coincident with changes illustrated in the imagery.  Positional accuracy for data that has been corrected with imagery which has a resolution of  2 meters or better.  Accuracy limits of the field collected data, however, are set at 5 meters due to the short occupancy of GPS units.  In many cases the image correction yields a final positional accuracy much closer to 2 meters or less, depending on image resolution.
</horizpar></horizpa></posacc></dataqual></metadata>
