<?xml version="1.0"?>
<!--<!DOCTYPE metadata SYSTEM "http://www.esri.com/metadata/esriprof80.dtd">-->
<metadata xml:lang="en"><Esri><CreaDate>20110203</CreaDate><CreaTime>08413700</CreaTime><SyncOnce>FALSE</SyncOnce><DataProperties><lineage><Process ToolSource="C:\Program Files\ArcGIS\ArcToolbox\Toolboxes\Conversion Tools.tbx\FeatureclassToCoverage" Date="20100928" Time="150951">FeatureclassToCoverage "N:\cci\portfolios\hampton_inv\hamp_shl_arc.shp ARC" N:\cci\portfolios\hampton_inv\hampshl2 # DOUBLE</Process><Process ToolSource="C:\Program Files\ArcGIS\ArcToolbox\Toolboxes\Data Management Tools.tbx\CopyFeatures" Date="20101001" Time="091335">CopyFeatures N:\cci\portfolios\hampton_inv\hampshl2\arc N:\cci\portfolios\hampton_inv\hampshl2_arc.shp # 0 0 0</Process><Process ToolSource="C:\Program Files\ArcGIS\ArcToolbox\Toolboxes\Data Management Tools.tbx\FeatureToPoint" Date="20101001" Time="091905">FeatureToPoint N:\cci\portfolios\hampton_inv\hamp_astru.shp N:\cci\portfolios\hampton_inv\hamp_astru_pts.shp CENTROID</Process><Process ToolSource="C:\Program Files\ArcGIS\Desktop10.0\ArcToolbox\Toolboxes\Data Management Tools.tbx\DeleteField" Date="20110203" Time="091914">DeleteField hamp_astru FNODE_;TNODE_;LPOLY_;RPOLY_;LENGTH;HAMPSHL2_;HAMPSHL2_I;FNODE1;TNODE1;LPOLY1;RPOLY1;HAMP_SHL_A;HAMP_SHL_;HAMP_SHL_I;VBMP2007_S;FEATURE;ENTITY;HANDLE;LEVEL;LAYER;LVLDESC;ELEVATION;CLASS;GGROUP</Process><Process ToolSource="C:\Program Files\ArcGIS\Desktop10.0\ArcToolbox\Toolboxes\Data Management Tools.tbx\CalculateField" Date="20110203" Time="093930">CalculateField hamp_astru PTNSTRUC [Feat_Name] VB #</Process><Process ToolSource="C:\Program Files\ArcGIS\Desktop10.0\ArcToolbox\Toolboxes\Data Management Tools.tbx\CalculateField" Date="20110203" Time="094030">CalculateField hamp_astru PTNSTRUC "Private Ramp" VB #</Process><Process ToolSource="C:\Program Files\ArcGIS\Desktop10.0\ArcToolbox\Toolboxes\Data Management Tools.tbx\CalculateField" Date="20110203" Time="094059">CalculateField hamp_astru PTNSTRUC "Public Ramp" VB #</Process><Process ToolSource="C:\Program Files\ArcGIS\Desktop10.0\ArcToolbox\Toolboxes\Data Management Tools.tbx\CalculateField" Date="20110203" Time="094140">CalculateField hamp_astru PTNSTRUC "Boathouse" VB #</Process><Process ToolSource="C:\Program Files\ArcGIS\Desktop10.0\ArcToolbox\Toolboxes\Data Management Tools.tbx\CalculateField" Date="20110203" Time="094223">CalculateField hamp_astru PTNSTRUC "Dilapidated Dock" VB #</Process><Process ToolSource="C:\Program Files\ArcGIS\Desktop10.0\ArcToolbox\Toolboxes\Data Management Tools.tbx\CalculateField" Date="20110208" Time="090753">CalculateField hamp_astru PNTSTRUC [PTNSTRUC] VB #</Process></lineage><itemProps><itemLocation><linkage Sync="TRUE">file://\\139.70.26.249\ccrm\cci\portfolios\hampton_portfolio\hamp_final_shapefiles\hamp_astru</linkage><protocol Sync="TRUE">Local Area Network</protocol></itemLocation></itemProps><copyHistory><copy source="N:\cci\portfolios\hampton_inv\hamp_astru" dest="\\139.70.26.249\ccrm\cci\portfolios\hampton_portfolio\hamp_final_shapefiles\hamp_astru" date="20110203" time="08413700"></copy></copyHistory></DataProperties><SyncDate>20110317</SyncDate><SyncTime>09260800</SyncTime><ModDate>20110317</ModDate><ModTime>09260800</ModTime><ArcGISFormat>1.0</ArcGISFormat></Esri><idinfo><native Sync="TRUE">Microsoft Windows Vista Version 6.1 (Build 7600) ; ESRI ArcCatalog 9.3.1.3500</native><descript><langdata Sync="TRUE">en</langdata><abstract>Shoreline Situation Reports (SSR) were first generated by VIMS in the 1970's to report the condition and status of the shore lands.  The SSR series were published in hardcopy on a county by county basis for each Tidewater Virginia localities.  The reports were intended to assist planners, managers, and regulators in decisions pertaining to management of coastal areas and natural resources therein.  This Shoreline Inventory report continues a process which updates and expands the earlier reports.  Data collected reports conditions surveyed in the immediate riparian zone, the bank, and along the shoreline.
</abstract><purpose>To inventory Virginia's tidal shoreline conditions.
</purpose><supplinf>There are three shapefiles that are part of the 2011 City of Hampton Shoreline Inventory database: hamp_lubc, hamp_astru, hamp_sstru. Hamp_lubc (land use and bank cover for the City of Hampton) is a linear shapefile containing data about land use, tree fringe, canopy overhang, bank height, bank cover,  erosion, Phragmites australis,  marsh, and beach status along the shoreline. Hamp_sstru (the City of Hampton shoreline structures) is a linear shapefile delineating hard structures in place at the shoreline (bulkhead, breakwater,debris, dilapidated bulkhead,  riprap, jetty, marina, marsh toe revetment, wharf, unconventional, groinfields). Hamp_astru (the City of Hampton access structures) is a point shapefile with locations of docks, ramps, dilapidated docks, outfalls and boathouses. The attributes of these three shapefiles are explained in the Entity and Attribute Information section below.</supplinf></descript><citation><citeinfo><origin>Comprehensive Coastal Inventory Program, Virginia Institute of Marine Science </origin><pubdate>2011</pubdate><title>City of Hampton Shoreline Access Structures (hamp_astru)</title><ftname Sync="TRUE">hamp_astru</ftname><geoform Sync="TRUE">vector digital data</geoform><onlink>http://ccrm.vims.edu/gis_data_maps/shoreline_inventories/index.html </onlink></citeinfo></citation><timeperd><current>ground condition at time of publication</current><timeinfo><mdattim><sngdate><caldate>8/16/2010</caldate></sngdate><sngdate><caldate>8/20/2010</caldate></sngdate><sngdate><caldate>8/31/2010</caldate></sngdate><sngdate><caldate>9/2/2010</caldate></sngdate><sngdate><caldate>9/7/2010</caldate></sngdate><sngdate><caldate>9/9/2010</caldate></sngdate><sngdate><caldate>8/25/2010</caldate></sngdate><sngdate><caldate>10/11/2010</caldate></sngdate></mdattim></timeinfo></timeperd><status><progress>Complete</progress><update>None planned</update></status><spdom><bounding><westbc Sync="TRUE">-76.386796</westbc><eastbc Sync="TRUE">-76.276224</eastbc><northbc Sync="TRUE">37.102912</northbc><southbc Sync="TRUE">36.985497</southbc></bounding><lboundng><leftbc Sync="TRUE">376769.549665</leftbc><rightbc Sync="TRUE">386424.207289</rightbc><bottombc Sync="TRUE">4094159.458634</bottombc><topbc Sync="TRUE">4107053.111185</topbc></lboundng></spdom><keywords><theme><themekey>Shoreline Conditions</themekey><themekey>Shoreline inventory</themekey><themekey>Shoreline structures</themekey><themekey>Access structures</themekey></theme><place><placekey>Hampton River</placekey><placekey>Harris River</placekey><placekey>Brick Kiln Creek</placekey><placekey>Back River</placekey><placekey>Langley Air Force Base</placekey><placekey>Chesapeake Bay</placekey><placekey>Mill Creek</placekey><placekey>Fort Monroe Military Reservation</placekey><placekey>Hampton Roads</placekey></place></keywords><accconst>none</accconst><useconst>These data should not be used for jurisdictional permit determinations beyond providing general shoreline condition or status information.  These data have not been surveyed to property boundaries.
</useconst><natvform Sync="TRUE">Shapefile</natvform><ptcontac><cntinfo><cntperp><cntper>Marcia Berman</cntper><cntorg>Virginia Institute of Marine Science </cntorg></cntperp><cntpos>Virginia Institute of Marine Science </cntpos><cntaddr><addrtype>mailing and physical address</addrtype><address>P.O.Box 1346 Greate Road</address><city>Gloucester Point</city><state>VA</state><postal>23062</postal><country>USA</country></cntaddr><cntvoice>804-684-7188</cntvoice><cntfax>804-684-7179</cntfax><cntemail>marcia@vims.edu</cntemail></cntinfo></ptcontac></idinfo><dataIdInfo><envirDesc Sync="TRUE">Microsoft Windows Vista Version 6.1 (Build 7600) ; ESRI ArcCatalog 9.3.1.3500</envirDesc><dataLang><languageCode Sync="TRUE" value="en"></languageCode></dataLang><idCitation><resTitle Sync="TRUE">hamp_astru</resTitle><presForm><PresFormCd Sync="TRUE" value="005"></PresFormCd></presForm></idCitation><spatRpType><SpatRepTypCd Sync="TRUE" value="001"></SpatRepTypCd></spatRpType><dataExt><geoEle><GeoBndBox esriExtentType="native"><westBL Sync="TRUE">376769.549665</westBL><eastBL Sync="TRUE">386424.207289</eastBL><northBL Sync="TRUE">4107053.111185</northBL><southBL Sync="TRUE">4094159.458634</southBL><exTypeCode Sync="TRUE">1</exTypeCode></GeoBndBox></geoEle></dataExt><geoBox esriExtentType="decdegrees"><westBL Sync="TRUE">-76.386796</westBL><eastBL Sync="TRUE">-76.276224</eastBL><northBL Sync="TRUE">37.102912</northBL><southBL Sync="TRUE">36.985497</southBL><exTypeCode Sync="TRUE">1</exTypeCode></geoBox></dataIdInfo><metainfo><langmeta Sync="TRUE">en</langmeta><metstdn Sync="TRUE">FGDC Content Standards for Digital Geospatial Metadata</metstdn><metstdv Sync="TRUE">FGDC-STD-001-1998</metstdv><mettc Sync="TRUE">local time</mettc><metc><cntinfo><cntaddr><addrtype>mailing and physical address</addrtype><city>Gloucester Point</city><state>VA</state><postal>23062</postal><address>P.O.Box 1346 Greate Road</address><country>USA</country></cntaddr><cntvoice>804-684-7534</cntvoice><cntperp><cntper>Sharon Killeen</cntper><cntorg>Comprehensive Coastal Inventory Program </cntorg></cntperp><cntpos>GIS Programmer/Analyst</cntpos><cntfax>804-684-7179</cntfax><cntemail>sharon@vims.edu</cntemail></cntinfo></metc><metd Sync="TRUE">20110317</metd><metextns><onlink Sync="TRUE">http://www.esri.com/metadata/esriprof80.html</onlink><metprof Sync="TRUE">ESRI Metadata Profile</metprof></metextns></metainfo><mdLang><languageCode Sync="TRUE" value="en"></languageCode></mdLang><mdStanName Sync="TRUE">ISO 19115 Geographic Information - Metadata</mdStanName><mdStanVer Sync="TRUE">DIS_ESRI1.0</mdStanVer><mdChar><CharSetCd Sync="TRUE" value="004"></CharSetCd></mdChar><mdHrLv><ScopeCd Sync="TRUE" value="005"></ScopeCd></mdHrLv><mdHrLvName Sync="TRUE">dataset</mdHrLvName><distinfo><resdesc Sync="TRUE">Downloadable Data</resdesc><stdorder><digform><digtinfo><transize Sync="TRUE">0.024</transize><dssize Sync="TRUE">0.024</dssize></digtinfo></digform></stdorder></distinfo><distInfo><distributor><distorTran><onLineSrc><orDesc Sync="TRUE">002</orDesc><linkage Sync="TRUE">file://\\139.70.26.249\ccrm\cci\portfolios\hampton_portfolio\hamp_final_shapefiles\hamp_astru.shp</linkage><protocol Sync="TRUE">Local Area Network</protocol></onLineSrc><transSize Sync="TRUE">0.024</transSize></distorTran><distorFormat><formatName Sync="TRUE">Shapefile</formatName></distorFormat></distributor></distInfo><spdoinfo><direct Sync="TRUE">Vector</direct><ptvctinf><esriterm Name="hamp_astru"><efeatyp Sync="TRUE">Simple</efeatyp><efeageom Sync="TRUE">Point</efeageom><esritopo Sync="TRUE">FALSE</esritopo><efeacnt Sync="TRUE">897</efeacnt><spindex Sync="TRUE">FALSE</spindex><linrefer Sync="TRUE">FALSE</linrefer></esriterm><sdtsterm Name="hamp_astru"><sdtstype Sync="TRUE">Entity point</sdtstype><ptvctcnt Sync="TRUE">897</ptvctcnt></sdtsterm></ptvctinf></spdoinfo><spref><horizsys><cordsysn><geogcsn Sync="TRUE">GCS_North_American_1983</geogcsn><projcsn Sync="TRUE">NAD_1983_UTM_Zone_18N</projcsn></cordsysn><planar><planci><plance Sync="TRUE">coordinate pair</plance><plandu Sync="TRUE">meters</plandu><coordrep><absres Sync="TRUE">0.000000</absres><ordres Sync="TRUE">0.000000</ordres></coordrep></planci><gridsys><gridsysn Sync="TRUE">Universal Transverse Mercator</gridsysn><utm><utmzone Sync="TRUE">18</utmzone><transmer><sfctrmer Sync="TRUE">0.999600</sfctrmer><longcm Sync="TRUE">-75.000000</longcm><latprjo Sync="TRUE">0.000000</latprjo><feast Sync="TRUE">500000.000000</feast><fnorth Sync="TRUE">0.000000</fnorth></transmer></utm></gridsys></planar><geodetic><horizdn Sync="TRUE">North American Datum of 1983</horizdn><ellips Sync="TRUE">Geodetic Reference System 80</ellips><semiaxis Sync="TRUE">6378137.000000</semiaxis><denflat Sync="TRUE">298.257222</denflat></geodetic></horizsys></spref><refSysInfo><RefSystem><refSysID><identCode Sync="TRUE">NAD_1983_UTM_Zone_18N</identCode></refSysID></RefSystem></refSysInfo><spatRepInfo><VectSpatRep><topLvl><TopoLevCd Sync="TRUE" value="001"></TopoLevCd></topLvl><geometObjs Name="hamp_astru"><geoObjTyp><GeoObjTypCd Sync="TRUE" value="004"></GeoObjTypCd></geoObjTyp><geoObjCnt Sync="TRUE">897</geoObjCnt></geometObjs></VectSpatRep></spatRepInfo><eainfo><detailed Name="hamp_astru"><enttyp><enttypl Sync="TRUE">hamp_astru</enttypl><enttypt Sync="TRUE">Feature Class</enttypt><enttypc Sync="TRUE">897</enttypc></enttyp><attr><attrlabl Sync="TRUE">FID</attrlabl><attalias Sync="TRUE">FID</attalias><attrtype Sync="TRUE">OID</attrtype><attwidth Sync="TRUE">4</attwidth><atprecis Sync="TRUE">0</atprecis><attscale Sync="TRUE">0</attscale><attrdef Sync="TRUE">Internal feature number.</attrdef><attrdefs Sync="TRUE">ESRI</attrdefs><attrdomv><udom Sync="TRUE">Sequential unique whole numbers that are automatically generated.</udom></attrdomv></attr><attr><attrlabl Sync="TRUE">Shape</attrlabl><attalias Sync="TRUE">Shape</attalias><attrtype Sync="TRUE">Geometry</attrtype><attwidth Sync="TRUE">0</attwidth><atprecis Sync="TRUE">0</atprecis><attscale Sync="TRUE">0</attscale><attrdef Sync="TRUE">Feature geometry.</attrdef><attrdefs Sync="TRUE">ESRI</attrdefs><attrdomv><udom Sync="TRUE">Coordinates defining the features.</udom></attrdomv></attr><attr><attrlabl Sync="TRUE">GPS_Date</attrlabl><attalias Sync="TRUE">GPS_Date</attalias><attrtype Sync="TRUE">Date</attrtype><attwidth Sync="TRUE">8</attwidth><attrdef>Date at time of survey</attrdef></attr><attr><attrlabl Sync="TRUE">GPS_Time</attrlabl><attalias Sync="TRUE">GPS_Time</attalias><attrtype Sync="TRUE">String</attrtype><attwidth Sync="TRUE">20</attwidth><attrdef>Time of survey</attrdef></attr><attr><attrlabl Sync="TRUE">REMOTE</attrlabl><attalias Sync="TRUE">REMOTE</attalias><attrtype Sync="TRUE">String</attrtype><attwidth Sync="TRUE">5</attwidth><attrdef>Coded remotely in the lab</attrdef></attr><attr><attrlabl Sync="TRUE">PNTSTRUC</attrlabl><attalias Sync="TRUE">PNTSTRUC</attalias><attrtype Sync="TRUE">String</attrtype><attwidth Sync="TRUE">25</attwidth><attrdef>Type of access structure: boat house, dilapidated pier, pier, outfall, boat ramp ( public or private)</attrdef></attr></detailed></eainfo><mdDateSt Sync="TRUE">20110317</mdDateSt><dataqual><lineage><procstep><procdesc>Data was collected by a two-person field crew (one person collecting land use and bank condition data and one boat operator also collecting shoreline features) using two hand-held Trimble GeoExplorers GPS Units, while navigating along the shoreline. A data dictionary designed for the inventory was installed on each GPS Unit. One data collector records natural features including land use, bank height, presence of marsh or beach, and shoreline stability. A second person collects data on the hardened structures: riprap, bulkheads, docks, boatramps, etc. Point features (docks, boathouses, ramps) were surveyed with a six second observation recorded at 1 reading/second. Linear features were surveyed kinematically at a rate of one observation every 3 seconds.
</procdesc></procstep><srcinfo><srccite><citeinfo><title>Virginia Base Mapping Program (VBMP) 2009 </title><origin>Virginia Base Mapping Program (VBMP) 2009 </origin><pubdate>2011</pubdate><pubinfo><pubplace>Chester,VA </pubplace><publish>Chester,VA </publish></pubinfo></citeinfo></srccite></srcinfo><procstep><procdesc>Data from the GPS units were postprocessed on a PC with Trimble Pathfinder Office software. Postprocessing includes differential correction using base station data collected at the VIMS laboratory. Corrected data is converted to shapefiles for further processing.
</procdesc></procstep><procstep><procdesc>In the ArcMap environment, boat-track arcs were manually shifted to the base shoreline (VBMP). Arcs were split and moved to locations on the shoreline perpendicular to the original locations on the boat-track. Shoreline arc segments were coded, and the shapefiles were visually checked for attribute accuracy between coded shoreline and boat-track data.
</procdesc></procstep><procstep><procdesc>In ArcMap, boat-track points were manually shifted to the base shoreline (VBMP). Points were moved to locations on the shoreline perpendicular to the original locations on the boat-track. Points were coded and the access structure (astru) was visually checked for attribute accuracy between coded shoreline and boat-track data.
</procdesc></procstep><procstep><procdesc>Land use, dock, and boathouse locations were digitally checked and repositioned if necessary with VBMP imagery displayed as a background coverage. This was done using ArcMap capabilities. Areas inaccessible by boat due to low tide were coded based on features observed on the imagery. The "remote" coded areas were given the item REMOTE = "yes" to distinquish them from GPS collected data.

</procdesc></procstep><procstep><procdesc>A portfolio containing thirteen 1:12,000 scale plates was created for the City of Hampton. Each plate shows four maps: riparian land use, bank conditions, shoreline features, and natural buffers.   VBMP (2009) Infrared WGS imagery is displayed in the background to provide users with additional information.
</procdesc></procstep></lineage><logic>
Chain-node topology present.  Linear coverages were built for lines and point coverages were built for points.
</logic><complete>
All shoreline of the City of Hampton that has a minimum depth of 2 feet at mean low water was surveyed.   Some shorelines are coded remotely if access was restricted due to depth at time of survey.  Upper reaches of creeks were often coded remotely.
</complete><posacc><horizpa><horizpar>Shoreline structures were recorded with a GPS unit as the boat moved along the shoreline. Data was transferred from the GPS boat track to an existing digital shoreline coverage by projecting data to the shoreline at a 90 degree angle from the boat track. Rectified digital orthophoto quads were used as a background coverage to aid in data positioning. Dock and boathouse point data were aligned with docks on the images. Land use features were placed along the shore so changes in land use were coincident with changes illustrated in the imagery. Positional accuracy for data that has been corrected with imagery is  .3 meters (equivalent to image resolution). Data not visable on the imagery (bulkheads, riprap, etc.) has a positional accuracy of  11 meters. Accuracy was determined by comparing digitally processed data locations to onsite GPS ground surveys collected at random.
</horizpar></horizpa></posacc></dataqual></metadata>
