<?xml version="1.0" encoding="ISO-8859-1"?>
<metadata>
	<idinfo>
		<citation>
			<citeinfo>
				<origin>Comprehensive Coastal Inventory Program,  Virginia Institute of Marine Science</origin>
				<pubdate>March 2008</pubdate>
				<title Sync="TRUE">bb_lubc</title>
				<geoform Sync="TRUE">vector digital data</geoform>
				<ftname Sync="TRUE">bb_lubc</ftname><onlink Sync="TRUE">\\139.70.26.250\ccrm\cci\portfolios\delaware\bb_portfolio\final_bb_shapefiles\bb_lubc</onlink></citeinfo>
		</citation>
		<descript>
			<abstract>Shoreline Situation Reports (SSR) were first generated by VIMS in the 1970's to report the condition and status of the shore lands. The reports are intended to assist planners, managers, and regulators in decisions pertaining to management of coastal areas and natural resources therein.  Data collected describes conditions in the immediate riparian zone, the bank, and along the shore.</abstract>
			<purpose>To inventory the Appoquinimink River,   Saint Jones River, and Blackbird Creek tidal shoreline conditions.</purpose>
			<supplinf>There are three shapefiles associated with Blackbird Creek shoreline survey;  bb_lubc, bb_astru, and bb_sstru.  Bb_lubc  (land use, bank cover and marsh edge condition for the Blackbird Creek) is an linear shapefile containing data about the land use, bank height, bank cover, marsh edge condition, eroion, and beach status along the shoreline.  Bbsstru  (Blackbird Creek shoreline structures))  is an linear shapefile delineating hard structures in place for shoreline protection  (bulkhead, riprap, debris, miscellaneous and groin fields).  Bb_astru  (Blackbird Creek access structures)  is a point shapefile with locations of docks, ramps, and boathouses.</supplinf>
			<langdata Sync="TRUE">en</langdata></descript>
		<timeperd>
			<timeinfo>
				<mdattim><sngdate><caldate>9-11-2007</caldate></sngdate><sngdate><caldate>9-12-2007</caldate></sngdate><sngdate><caldate>9-13-2007</caldate></sngdate></mdattim></timeinfo>
			<current>ground condition at time of survey</current>
		</timeperd>
		<status>
			<progress>Complete</progress>
			<update>None planned</update>
		</status>
		<keywords>
			<theme>
				<themekt>none</themekt>
				<themekey>Shoreline condition</themekey>
			</theme>
			<place>
				<placekt>none</placekt>
				<placekey>Delaware</placekey>
				<placekey>Blackbird Creek</placekey>
			</place>
		</keywords>
		<accconst>none</accconst>
		<useconst>These data should not be used for jurisdictional permit determinations beyond providing general shoreline condition or status information.  These data have not been surveyed to property boundaries.</useconst>
		<ptcontac>
			<cntinfo>
				<cntperp>
					<cntper>Marcia Berman</cntper>
					<cntorg>Virginia Institute of Marine Science (VIMS)</cntorg>
				</cntperp>
				<cntpos>Director Comprehensive Coastal Inventory Program</cntpos>
				<cntvoice>(804) 684-7188</cntvoice>
				<cntfax>(804) 684-7179</cntfax>
				<cntemail>marcia@vims.edu</cntemail>
			</cntinfo>
		</ptcontac>
		<native Sync="TRUE">Microsoft Windows XP Version 5.1 (Build 2600) Service Pack 2; ESRI ArcCatalog 9.2.4.1420</native>
		<spdom><bounding><westbc Sync="TRUE">-75.650995</westbc><eastbc Sync="TRUE">-75.568352</eastbc><northbc Sync="TRUE">39.445356</northbc><southbc Sync="TRUE">39.375615</southbc></bounding><lboundng><leftbc Sync="TRUE">443983.750000</leftbc><rightbc Sync="TRUE">451046.812500</rightbc><bottombc Sync="TRUE">4358662.000000</bottombc><topbc Sync="TRUE">4366354.500000</topbc></lboundng></spdom><natvform Sync="TRUE">Shapefile</natvform></idinfo>
	<dataqual>
		<attracc>
			<attraccr>The attributes were compared to original GPS data logs for accuracy and errors were corrected where noted.</attraccr>
		</attracc>
		<logic>Chain-node topology present.  Linear coverages were built for line and point coverages were built for points.</logic>
		<complete>Blackbird Creek  shoreline was surveyed from the mouth on the Delaware River to shortly past Blackbird Landing.</complete>
		<posacc>
			<horizpa>
				<horizpar>Land use and shoreline structures were recorded with a GPS unit as the boat moved along the shoreline.  Data was transfererred from the GPS boat track to an existing digital shoreline coverage by projecting data to the shoreline at a 90 degree angle from the boat track.  Rectified digital orthophoto quads were used as a background coverage to aid in data positioning.  Dock and boathouse point data were aligned with docks on the images.  Positional accuracy for data that has been corrected with imagery is +/- 2 meters (equivalent to image resolution).  Data not visable on the imagery (bulkheads, riprap, etc.)  has a positional accuracy of =/- 11 meters.  Accuracy was determined by comparing digitally processed data locations to onsite GPS ground surveys collected at random.</horizpar>
			</horizpa>
		</posacc>
		<lineage>
			<srcinfo>
				<typesrc>color infra-red digital imagery</typesrc>
				<srccitea>DOQ</srccitea>
				<srccontr>Serves as a background coverage</srccontr>
			</srcinfo>
			<procstep>
				<procdesc>A shoreline from NHD was placed over the imagery and altered where needed.</procdesc>
			</procstep>
			<procstep>
				<procdesc>Data was collected by a two-person field crew ( one data collector and one boat operator/data collector) using two hand held Trimble GeoExplorers GPS Units, while navigating along the shoreline.  A data dictionary designed for the inventory was installed on each GPS unit.  The data collector records natural features including land use, bank height, bank cover, presence of marsh or beach, and shoreline or marsh edge stability.  The boat operator collects data on the hardened structures:  riprap, bulkheads, docks, boatramps, etc.  Point features (docks, boathouses, ramps, outfalls) were surveyed witha five second observation recorded at 1 reading/second.  Linear features were surveyed kinematically at a rate of one observation every 3 seconds.</procdesc>
				<procdate>2007</procdate>
			</procstep>
			<procstep>
				<procdesc>Data from the GPS units were postprocessed on a PC with Trimble Pathfinder Office software.  Postprocessing included differential correction using data collected at various CORS (continuously operating reference stations) sites.  Corrected data is converted into shapefiles for further processing.</procdesc>
				<procdate>2007</procdate>
			</procstep>
			<procstep>
				<procdesc>ArcMap 9.2 software on a PC was used to attribute the base shoreline.  Boat-track points and arcs, imagery and the base shoreline were displayed in ArcMap.  Shoreline arcs were split using the edit tool and the spatial adjustment attribute transfer tool was used to move  the attributes from the boat-track to the shoreline.  Arcs were split on and points were moved to locations on the shoreline that were perpendicular to the original locations on the boat-track.  Imagery provided additional information for placement of features.</procdesc>
				<procdate>2007</procdate>
			</procstep>
			<procstep>
				<procdesc>Three 1:12,000 scale plates were created for Appoquinimink River,  four 1:12,000 scale plates for Blackbird Creek, and four 1:12,000 plates for Saint Jones River.  Each plate has four maps: riparian land use, bank and marsh edge conditions, shoreline features, and natural buffers.  Imagery is displayed in the background to provide users with additional information.  Maps are created using ArcMap software.</procdesc>
				<procdate>2008</procdate>
			</procstep>
			<procstep>
				<procdesc>Data received a final check in hard copy format.  Changes were made as necessary to data.</procdesc>
				<procdate>2008</procdate>
			</procstep>
			<procstep><procdesc Sync="TRUE">Metadata imported.</procdesc><srcused Sync="TRUE">C:\DOCUME~1\tamia\LOCALS~1\Temp\xml160B.tmp</srcused><date Sync="TRUE">20080306</date><time Sync="TRUE">08580700</time></procstep><procstep><procdesc Sync="TRUE">Dataset moved.</procdesc><srcused Sync="TRUE">N:\cci\portfolios\delaware\bb_portfolio\bb_lubc</srcused><date Sync="TRUE">20080306</date><time Sync="TRUE">11015400</time></procstep></lineage>
	</dataqual>
	<eainfo>
		<detailed Name="bb_lubc">
			<enttyp>
				<enttypl Sync="TRUE">bb_lubc</enttypl>
				<enttypt Sync="TRUE">Feature Class</enttypt><enttypc Sync="TRUE">426</enttypc></enttyp>
			<attr>
				<attrlabl>FID</attrlabl>
				<attrdef>Internal feature number.</attrdef>
				<attrdefs>ESRI</attrdefs>
				<attrdomv>
					<udom>Sequential unique whole numbers that are automatically generated.</udom>
				</attrdomv>
			</attr>
			<attr>
				<attrlabl>Shape</attrlabl>
				<attrdef>Feature geometry.</attrdef>
				<attrdefs>ESRI</attrdefs>
				<attrdomv>
					<udom>Coordinates defining the features.</udom>
				</attrdomv>
			</attr>
			<attr>
				<attrlabl>LENGTH</attrlabl>
				<attrtype Sync="TRUE">Number</attrtype><attwidth Sync="TRUE">18</attwidth><atnumdec Sync="TRUE">5</atnumdec></attr>
			<attr>
				<attrlabl>MILES</attrlabl>
				<attrtype Sync="TRUE">Number</attrtype><attwidth Sync="TRUE">16</attwidth><atnumdec Sync="TRUE">3</atnumdec></attr>
			<attr>
				<attrlabl>TREE_FRING</attrlabl>
				<attrdef>When the riparian forest is clearly present, but not wide enough to constitute a true forest  or forest buffer, a forest fringe is noted as a secondary land use.</attrdef>
				<attrtype Sync="TRUE">String</attrtype><attwidth Sync="TRUE">25</attwidth></attr>
			<attr>
				<attrlabl>BANK_HGT_</attrlabl>
				<attrtype Sync="TRUE">String</attrtype><attwidth Sync="TRUE">25</attwidth></attr>
			<attr>
				<attrlabl>BANK_COVER</attrlabl>
				<attrtype Sync="TRUE">String</attrtype><attwidth Sync="TRUE">25</attwidth></attr>
			<attr>
				<attrlabl>EROSION</attrlabl>
				<attrdef>Bank or marsh edge stability.  Low is minimal erosion, high includes slumping, scarps and exposed roots, undercut is when the lower portion of bank is eroded causing the upper portion of bank to hang over</attrdef>
				<attrtype Sync="TRUE">String</attrtype><attwidth Sync="TRUE">25</attwidth></attr>
			<attr>
				<attrlabl>MARSH</attrlabl>
				<attrdomv>
					<edom>
						<edomv>Fringe</edomv>
						<edomvd>a narrow strip of marsh vegetation &lt;30 feet extending along the shoreline, the vegetation must be relatively well established, although not necessarily densely populated</edomvd>
					</edom>
					<edom>
						<edomv>Extensive</edomv>
						<edomvd>Extensive marsh is &gt; 30 feet.</edomvd>
					</edom>
					<edom>
						<edomv>Embayed</edomv>
					</edom>
				</attrdomv>
				<attrtype Sync="TRUE">String</attrtype><attwidth Sync="TRUE">25</attwidth></attr>
			<attr>
				<attrlabl>BEACH</attrlabl>
				<attrdef>Presence or absence of beach</attrdef>
				<attrtype Sync="TRUE">String</attrtype><attwidth Sync="TRUE">25</attwidth></attr>
			<attr>
				<attrlabl>GPS_DATE</attrlabl>
				<attrdef>date of field survey</attrdef>
				<attrtype Sync="TRUE">String</attrtype><attwidth Sync="TRUE">25</attwidth></attr>
			<attr>
				<attrlabl>FEAT_NAME</attrlabl>
				<attrtype Sync="TRUE">String</attrtype><attwidth Sync="TRUE">25</attwidth></attr>
			<attr>
				<attrlabl>PHRAG</attrlabl>
				<attrdef>the presence or absence of Phragmites australis</attrdef>
				<attrtype Sync="TRUE">String</attrtype><attwidth Sync="TRUE">25</attwidth></attr>
			<attr>
				<attrlabl>FEATURE</attrlabl>
				<attrdomv>
					<edom>
						<edomv>Agriculture</edomv>
						<edomvd>all cropland</edomvd>
					</edom>
					<edom>
						<edomv>Bare</edomv>
						<edomvd>lots cleared to bare soil</edomvd>
					</edom>
					<edom>
						<edomv>Commercial</edomv>
						<edomvd>includes small and moderate business operations, and recreational facilities.</edomvd>
					</edom>
					<edom>
						<edomv>Forested</edomv>
						<edomvd>stands&gt; 18 feet tall and &gt;30 feet in width</edomvd>
					</edom>
					<edom>
						<edomv>Grass</edomv>
						<edomvd>includes grass fields and pasture lands</edomvd>
					</edom>
					<edom>
						<edomv>Industrial</edomv>
						<edomvd>large industrial and manufacturing operations</edomvd>
					</edom>
					<edom>
						<edomv>Paved</edomv>
						<edomvd>areas where roads or parking lots are adjacent to the shore</edomvd>
					</edom>
					<edom>
						<edomv>Residential</edomv>
						<edomvd>includes single and multi-family dwellings</edomvd>
					</edom>
					<edom>
						<edomv>Scrub-shrub</edomv>
						<edomvd>stands&lt;18 feet in height</edomvd>
					</edom>
				</attrdomv>
				<attrtype Sync="TRUE">String</attrtype><attwidth Sync="TRUE">25</attwidth></attr>
			<attr>
				<attrlabl>HEIGHT</attrlabl>
				<attrdef>height from the toe to the edge of the fastland</attrdef>
				<attrtype Sync="TRUE">String</attrtype><attwidth Sync="TRUE">50</attwidth></attr>
			<attr>
				<attrlabl>COVER</attrlabl>
				<attrdomv>
					<edom>
						<edomv>total</edomv>
						<edomvd>&gt;75% cover</edomvd>
					</edom>
					<edom>
						<edomv>partial</edomv>
						<edomvd>25-75% cover</edomvd>
					</edom>
					<edom>
						<edomv>bare</edomv>
						<edomvd>&lt; 25% cover</edomvd>
					</edom>
				</attrdomv>
				<attrtype Sync="TRUE">String</attrtype><attwidth Sync="TRUE">50</attwidth></attr>
			<attr>
				<attrlabl>REMOTE</attrlabl>
				<attrtype Sync="TRUE">String</attrtype><attwidth Sync="TRUE">50</attwidth></attr>
		</detailed>
	</eainfo>
	<distinfo>
		<distrib>
			<cntinfo>
				<cntperp>
					<cntper>Marcia Berman</cntper>
					<cntorg>Virginia Institute of Marine Science</cntorg>
				</cntperp>
				<cntpos>Director Comprehensive Coastal Inventory Program</cntpos>
				<cntaddr>
					<addrtype>mailing address</addrtype>
					<address>P.O. Box 1346</address>
					<city>Gloucester Point</city>
					<state>Virginia</state>
					<postal>23062</postal>
					<country>USA</country>
				</cntaddr>
				<cntvoice>(804) 684-7188</cntvoice>
				<cntfax>(804) 684-7179</cntfax>
				<cntemail>marcia@vims.edu</cntemail>
			</cntinfo>
		</distrib>
		<resdesc>Downloadable Data</resdesc>
		<distliab>
The Comprehensive Coastal Inventory Program (CCI) at VIMS performs a service by distributing data generated by either CCI or public agencies which offer data without restsriction or charge. CCI assumes no responsibility for data
accuracy or precision, metadata completeness or correctness for digital information.  CCI assumes noliability for misuse of any data which may arise as a result of any alteration, conversion, or combination with other data sources.  As well, the timeliness and scale of these products must be considered when evaluating appropriate use.
</distliab>
		<stdorder>
			<digform>
				<digtinfo>
					<transize>0.132</transize>
					<dssize Sync="TRUE">0.163</dssize></digtinfo>
			</digform>
		</stdorder>
	</distinfo>
	<metainfo>
		<metd Sync="TRUE">20080306</metd>
		<metc>
			<cntinfo>
				<cntperp>
					<cntper>Sharon Killeen</cntper>
					<cntorg>Comprehensive Coastal Inventory Program, Virginia Institute of Marine Science</cntorg>
				</cntperp>
				<cntpos>GIS Programmer/Analyst</cntpos>
				<cntaddr>
					<addrtype>mailing address</addrtype>
					<address>P.O. Box 1346</address>
					<city>Gloucester Point</city>
					<state>Virginia</state>
					<postal>23062</postal>
					<country>USA</country>
				</cntaddr>
				<cntvoice>(804) 684-7534</cntvoice>
				<cntemail>sharon@vims.edu</cntemail>
			</cntinfo>
		</metc>
		<metstdn Sync="TRUE">FGDC Content Standards for Digital Geospatial Metadata</metstdn>
		<metstdv Sync="TRUE">FGDC-STD-001-1998</metstdv>
		<mettc Sync="TRUE">local time</mettc>
		<langmeta Sync="TRUE">en</langmeta><metextns><onlink Sync="TRUE">http://www.esri.com/metadata/esriprof80.html</onlink><metprof Sync="TRUE">ESRI Metadata Profile</metprof></metextns></metainfo>
	<Esri><MetaID>{549FCF82-CC31-4D5C-B590-3DE4CCD71BFB}</MetaID><CreaDate>20080306</CreaDate><CreaTime>08580700</CreaTime><SyncOnce>FALSE</SyncOnce><SyncDate>20080306</SyncDate><SyncTime>10583500</SyncTime><ModDate>20080306</ModDate><ModTime>10583500</ModTime></Esri><dataIdInfo><envirDesc Sync="TRUE">Microsoft Windows XP Version 5.1 (Build 2600) Service Pack 2; ESRI ArcCatalog 9.2.4.1420</envirDesc><dataLang><languageCode Sync="TRUE" value="en"></languageCode></dataLang><idCitation><resTitle Sync="TRUE">bb_lubc</resTitle><presForm><PresFormCd Sync="TRUE" value="005"></PresFormCd></presForm></idCitation><spatRpType><SpatRepTypCd Sync="TRUE" value="001"></SpatRepTypCd></spatRpType><dataExt><geoEle><GeoBndBox esriExtentType="native"><westBL Sync="TRUE">443983.75</westBL><eastBL Sync="TRUE">451046.8125</eastBL><northBL Sync="TRUE">4366354.5</northBL><southBL Sync="TRUE">4358662</southBL><exTypeCode Sync="TRUE">1</exTypeCode></GeoBndBox></geoEle></dataExt><geoBox esriExtentType="decdegrees"><westBL Sync="TRUE">-75.650995</westBL><eastBL Sync="TRUE">-75.568352</eastBL><northBL Sync="TRUE">39.445356</northBL><southBL Sync="TRUE">39.375615</southBL><exTypeCode Sync="TRUE">1</exTypeCode></geoBox></dataIdInfo><mdLang><languageCode Sync="TRUE" value="en"></languageCode></mdLang><mdStanName Sync="TRUE">ISO 19115 Geographic Information - Metadata</mdStanName><mdStanVer Sync="TRUE">DIS_ESRI1.0</mdStanVer><mdChar><CharSetCd Sync="TRUE" value="004"></CharSetCd></mdChar><mdHrLv><ScopeCd Sync="TRUE" value="005"></ScopeCd></mdHrLv><mdHrLvName Sync="TRUE">dataset</mdHrLvName><distInfo><distributor><distorTran><onLineSrc><orDesc Sync="TRUE">002</orDesc><linkage Sync="TRUE">file://\\139.70.26.250\ccrm\cci\portfolios\delaware\bb_portfolio\final_bb_shapefiles\bb_lubc</linkage><protocol Sync="TRUE">Local Area Network</protocol></onLineSrc><transSize Sync="TRUE">0.163</transSize></distorTran><distorFormat><formatName Sync="TRUE">Shapefile</formatName></distorFormat></distributor></distInfo><spdoinfo><direct Sync="TRUE">Vector</direct><ptvctinf><esriterm Name="bb_lubc"><efeatyp Sync="TRUE">Simple</efeatyp><efeageom Sync="TRUE">Polyline</efeageom><esritopo Sync="TRUE">FALSE</esritopo><efeacnt Sync="TRUE">426</efeacnt><spindex Sync="TRUE">FALSE</spindex><linrefer Sync="TRUE">FALSE</linrefer></esriterm><sdtsterm Name="bb_lubc"><sdtstype Sync="TRUE">String</sdtstype><ptvctcnt Sync="TRUE">426</ptvctcnt></sdtsterm></ptvctinf></spdoinfo><spref><horizsys><cordsysn><geogcsn Sync="TRUE">GCS_North_American_1983</geogcsn><projcsn Sync="TRUE">NAD_1983_UTM_Zone_18N</projcsn></cordsysn><planar><planci><plance Sync="TRUE">coordinate pair</plance><plandu Sync="TRUE">meters</plandu><coordrep><absres Sync="TRUE">0.000000</absres><ordres Sync="TRUE">0.000000</ordres></coordrep></planci><gridsys><gridsysn Sync="TRUE">Universal Transverse Mercator</gridsysn><utm><utmzone Sync="TRUE">18</utmzone><transmer><sfctrmer Sync="TRUE">0.999600</sfctrmer><longcm Sync="TRUE">-75.000000</longcm><latprjo Sync="TRUE">0.000000</latprjo><feast Sync="TRUE">500000.000000</feast><fnorth Sync="TRUE">0.000000</fnorth></transmer></utm></gridsys></planar><geodetic><horizdn Sync="TRUE">North American Datum of 1983</horizdn><ellips Sync="TRUE">Geodetic Reference System 80</ellips><semiaxis Sync="TRUE">6378137.000000</semiaxis><denflat Sync="TRUE">298.257222</denflat></geodetic></horizsys></spref><refSysInfo><RefSystem><refSysID><identCode Sync="TRUE">NAD_1983_UTM_Zone_18N</identCode></refSysID></RefSystem></refSysInfo><spatRepInfo><VectSpatRep><topLvl><TopoLevCd Sync="TRUE" value="001"></TopoLevCd></topLvl><geometObjs Name="bb_lubc"><geoObjTyp><GeoObjTypCd Sync="TRUE" value="001"></GeoObjTypCd></geoObjTyp><geoObjCnt Sync="TRUE">426</geoObjCnt></geometObjs></VectSpatRep></spatRepInfo><mdDateSt Sync="TRUE">20080306</mdDateSt></metadata>
