<?xml version="1.0" encoding="ISO-8859-1"?>
<metadata>
	<idinfo>
		<citation>
			<citeinfo>
				<origin>Comprehensive Coastal Inventory, Virginia Institute of Marine Science</origin>
				<pubdate>2012</pubdate>
				<title>The City of Virginia Beach Shoreline Structures (VABeach_sstru)</title>
				<geoform Sync="TRUE">vector digital data</geoform>
				<pubinfo>
					<pubplace>Gloucester Point, Virginia</pubplace>
					<publish>Virgina Institute of Marine Science</publish>
				</pubinfo>
				<ftname Sync="TRUE">VABeach_sstru</ftname><onlink>http://ccrm.vims.edu/gis_data_maps/shoreline_inventories/index.html</onlink></citeinfo>
		</citation>
		<descript>
			<abstract>Shoreline Situation Reports (SSR) were first generated by VIMS in the 1970's to report the condition and status of the shore lands.  The SSR series were published in hardcopy on a county by county basis for each of the Tidewater Virginia localities.  The reports were intended to assist planners, managers, and regulators in decisions pertaining to management of coastal areas and natural resources therein.  This Shoreline Inventory report continues a process which updates and expands the earlier reports.  Data collected describes conditions in the immediate riparian zone, the bank, and along the shore.</abstract>
			<purpose>To inventory Virginia's tidal shoreline conditions.</purpose>
			<langdata Sync="TRUE">en</langdata><supplinf>There are four shapefiles that are part of the 2012 City of Virginia Beach Shoreline Inventory database: VABeach_lubc, VABeach_astru,VABeach_sstru and VABeach_tm_2012. VABeach_lubc (land use and bank cover for the City of Virginia Beach) is a linear shapefile containing data about land use, tree fringe, canopy overhang, bank height, bank cover,  erosion, and beach status along the shoreline. VABeach_sstru (City of Virginia Beach shoreline structures) is a linear shapefile delineating hard structures in place at the shoreline (bulkhead, breakwater,debris, dilapidated bulkhead,  riprap, jetty, marina, marsh toe revetment, wharf, unconventional, groinfields). VABeach_astru (City of Virginia Beach access structures) is a point shapefile with locations of docks, public and private ramps, dilapidated docks, outfalls and boathouses.VABeach_tm_2012  is a polygon shapefile delineating tidal marshes in the City of Virginia Beach.  The attributes of these four shapefiles are explained in the Entity and Attribute Information section below.
</supplinf></descript>
		<timeperd>
			<timeinfo>
				<mdattim><sngdate><caldate>April 12, 2012</caldate></sngdate><sngdate><caldate>May 15-17, 2012</caldate></sngdate><sngdate><caldate>May 31, 2012</caldate></sngdate></mdattim></timeinfo>
			<current>ground condition at time of survey</current>
		</timeperd>
		<status>
			<progress>Complete</progress>
			<update>None planned</update>
		</status>
		<keywords>
			<theme>
				<themekey>Shoreline Structures</themekey>
				<themekey>Bulkhead</themekey><themekey>Dilapidated Bulkhead</themekey><themekey>Riprap</themekey><themekey>Unconventional</themekey><themekey>Debris</themekey><themekey>Breakwater</themekey><themekey>Jetty</themekey><themekey>Marsh Toe Revetment</themekey><themekey>Wharf</themekey><themekey>Groinfield</themekey><themekey>Marina &lt; or &gt; 50slips</themekey></theme>
			<place>
				<placekey>Lynnhaven Bay</placekey>
				<placekey>Little Creek</placekey><placekey>Back Bay</placekey><placekey>Broad Bay</placekey><placekey>Elizabeth River</placekey><placekey>Rudee Inlet</placekey><placekey>North Landing</placekey><placekey>Virginia</placekey><placekey>Chesapeake Bay</placekey><placekey>James River</placekey></place>
		</keywords>
		<accconst>none</accconst>
		<useconst>These data should not be used for jurisdictional permit determinations beyond providing general shoreline condition or status information.  These data have not been surveyed to property boundaries.</useconst>
		<ptcontac>
			<cntinfo>
				<cntperp>
					<cntper>Marcia Berman</cntper>
					<cntorg>Virginia Institute of Marine Science</cntorg>
				</cntperp>
				<cntpos>Director Comprehensive Coastal Inventory Program</cntpos>
				<cntaddr>
					<addrtype>mailing address</addrtype>
					<address>P.O. Box 1346</address>
					<city>Gloucester Point</city>
					<state>Virgina</state>
					<postal>23072</postal>
					<country>USA</country>
				</cntaddr>
				<cntvoice>(804) 684-7188</cntvoice>
				<cntfax>(804) 684-7179</cntfax>
				<cntemail>marcia@vims.edu</cntemail>
			</cntinfo>
		</ptcontac>
		<native Sync="TRUE">Microsoft Windows Vista Version 6.1 (Build 7601) Service Pack 1; ESRI ArcCatalog 9.3.1.3000</native>
		<spdom><bounding><westbc Sync="TRUE">-76.229730</westbc><eastbc Sync="TRUE">-75.867718</eastbc><northbc Sync="TRUE">36.935339</northbc><southbc Sync="TRUE">36.547302</southbc></bounding><lboundng><leftbc Sync="TRUE">390484.012319</leftbc><rightbc Sync="TRUE">422340.864900</rightbc><bottombc Sync="TRUE">4045351.439800</bottombc><topbc Sync="TRUE">4088054.493626</topbc></lboundng></spdom><natvform Sync="TRUE">Shapefile</natvform></idinfo>
	<dataqual>
		<attracc>
		</attracc>
		<complete>This inventory targets tidal shoreline only.  Access by boat is required for field surveys.  Remote sensing techniques are used in areas where water depths are too shallow for access or where unmanaged, undeveloped shoreline persists along very long reaches.   This would include headwaters of tidal creeks, and natural areas along park and conservation lands..</complete>
		<posacc>
			<horizpa>
				<horizpar>For the Lynnhaven and Elizabeth River areas of Virginia Beach, shoreline attributes were recorded with a GPS unit as the boat moved along the shoreline.  Data was transferred from the GPS boat track to an existing digital shoreline coverage by projecting data to the shoreline at a 90 degree angle from the boat track.  Rectified imagery were used as a background coverage to aid in data positioning.  Land use features were placed along the shore so changes in land use were coincident with changes illustrated in the imagery.  Positional accuracy for data that has been corrected with imagery which has a resolution of  2 meters.  Accuracy limits of the field collected data, however, are set at 5 meters due to the short occupancy of GPS units.  In many cases the image correction yields a final positional accuracy much closer to 2 meters, or the resolution of the imagery.
</horizpar>
			</horizpa>
		</posacc>
		<lineage>
			<srcinfo>
				<srccite>
					<citeinfo>
						<origin>Virginia Geographic Information Network (VGIN)</origin>
						<title>Virginia Base Mapping Program (VBMP)</title>
						<pubinfo>
							<pubplace>Richmond, Virgina</pubplace>
							<publish>Virginia Geographic Information Network</publish>
						</pubinfo>
					</citeinfo>
				</srccite>
				<srcscale>4800</srcscale>
				<typesrc>DVD</typesrc>
				<srctime>
					<timeinfo>
						<mdattim><sngdate><caldate>2009</caldate></sngdate><sngdate><caldate>2011</caldate></sngdate></mdattim></timeinfo>
					<srccurr>date of imagery</srccurr>
				</srctime>
				<srccitea>VBMP</srccitea>
				<srccontr>Used to accurately position land use and land cover data.  Provided a new digital shoreline coverage that serves as the base shoreline for shoreline conditions.</srccontr>
			</srcinfo>
			<procstep><procdesc>Wherever possible, all field surveys are performed from a small  shoal draft vessel navigating at slow speeds parallel to the shoreline.  To the extent possible, surveys take place on a rising tide allowing the boat to be as close to the shore as possible.  The field crew consists of a boat operator and one data surveyor.  The boat operator navigates the boat to follow the shoreline geometry.  The surveyor collects information pertinent to all land use, bank condition and shoreline features.  The boat operator collects data on shoreline structures.
</procdesc><procdate>2012</procdate></procstep><procstep><procdesc>Remote sensing techniques are used in areas where navigation by boat is restricted due to water depth.  For these cases, recent high resolution color infra-red and natural color imagery (2009 and 2011) with a resolution of 1 meter or better is used along with Bing oblique imagery to identify and code the shoreline for shoreline attributes.  This coding takes place in the ArcMap environment using coding, heads-up digitizing, and photo-interpretation techniques.
</procdesc><procdate>2012</procdate></procstep><procstep><procdesc>The Lynnhaven River Watershed of Virginia Beach was surveyed in 2007, and the Elizabeth River region of Virginia Beach in 2012..  Data for both were collected by a two person survey team in a shoal draft boat using hand-held Trimble GeoExplorers and GeoXT Units.  A data dictionary designed for the inventory was installed on each GPS unit containing attributes contained within this inventory.  One data collector records natural features including land use, bank height, bank cover, presence of marsh and beach, presence of tree fringe, and shoreline stability. The second surveyor collects data on hardened structures : riprap, bulkhead, dilapidated bulkhead, unconventional, debris, breakwaters, groins and jetties, and point structures: docks, boathouses, outfalls, and public and private boat ramps.  Point features were surveyed with a 5 second static observation recorded at a rate of 1 reading/second.  Linear features were surveyed kinematically at a rate of one observation every 3 seconds.
</procdesc></procstep><procstep><procdesc>For the Lynnhaven area of Virginia Beach (in 2007) and Elizabeth River (in 2012), data from the GPS units were postprocessed using Trimble Pathfinder Office software.  Postprocessing included differential correction using CORS (Continuous Operating Reference Stations) data.  Corrected data are converted to shape files for further processing in the GIS environment.
</procdesc></procstep><procstep><procdesc>Areas surveyed in the field using hand-held GPS (Lynnhaven River Watershed and Elizabeth River) utilize ArcMap 9.2 software to attribute the base shoreline.  Shape files generated after post-processing along with  VBMP imagery, and the base shoreline were displayed in ArcMap.  Shoreline arcs were split using the edit tool and the spatial adjustment attribute transfer tool was used to move the attributes from the boat track (existing shape file) to the shoreline.  Arcs were split on the shoreline perpendicular to the original locations on the boat track.  VBMP imagery provided additional information for placement of features.  Shape files were visually checked for attribute accuracy between coded shoreline and boat track data.
</procdesc><procdate>2012</procdate></procstep><procstep><procdesc>For surveyed areas other than the Lynnhaven River and the Elizabeth River in Virginia Beach data are logged using a geo-referenced video camera.  The Red Hen System provides hardware and software to collect geo-referenced video and photo data in the field.  A standard video camera (sony ACC-HDV7)  is interfaced with a GPS antennae via the Red Hen hardware device - VMS 300.   VMS 300 converts GPS data into audio signals, which are sent to a video camera through its microphone input connector.  As the video is recorded, GPS data are transmitted once per second to the video camera by VMS 300.  Each GPS location is linked with a time code on the video.  Therefore, the survey is a set of videos containing geographically referenced shoreline data.
</procdesc></procstep><procstep><procdesc>For tributaries surveyed in the field using GPS referenced videography, the proprietary software associated with the Red Hen System is used for post processing: Pixpoint and GeoVideo for GIS. The PixPoint software package is used to generate a point shapefile containing points representing locations of geo-referenced still photos taken during the survey.  GeoVideo software package is an ArcGIS extension.  It is a desktop mapping application that brings the geo-referenced video directly into the ArcGIS environment.  This software enables users to digitally map videos using GPS coordinates.  After the videos are downloaded to the computer, the GeoVideo software is used to generate a point shapefile which is geotagged to the precise track of the video survey.  This shapefile is a representation of the survey track. Along with the video link, it enables GIS personnel to code the shoreline conditions in ArcMap based on what is viewed in the video.
</procdesc></procstep></lineage>
	</dataqual>
	<eainfo>
		<detailed Name="VABeach_sstru">
			<enttyp>
				<enttypl Sync="TRUE">VABeach_sstru</enttypl>
				<enttypt Sync="TRUE">Feature Class</enttypt><enttypc Sync="TRUE">4941</enttypc></enttyp>
			<attr><attrlabl Sync="TRUE">FID</attrlabl><attalias Sync="TRUE">FID</attalias><attrtype Sync="TRUE">OID</attrtype><attwidth Sync="TRUE">4</attwidth><atprecis Sync="TRUE">0</atprecis><attscale Sync="TRUE">0</attscale><attrdef Sync="TRUE">Internal feature number.</attrdef><attrdefs Sync="TRUE">ESRI</attrdefs><attrdomv><udom Sync="TRUE">Sequential unique whole numbers that are automatically generated.</udom></attrdomv></attr><attr>
				<attrlabl>Shape</attrlabl>
				<attrdef>Feature geometry.</attrdef>
				<attrdefs>ESRI</attrdefs>
				<attrdomv>
					<udom>Coordinates defining the features.</udom>
				</attrdomv>
				<attalias Sync="TRUE">Shape</attalias><attrtype Sync="TRUE">Geometry</attrtype><attwidth Sync="TRUE">0</attwidth><atprecis Sync="TRUE">0</atprecis><attscale Sync="TRUE">0</attscale></attr>
			<attr><attrlabl Sync="TRUE">STRUCTURE</attrlabl><attalias Sync="TRUE">STRUCTURE</attalias><attrtype Sync="TRUE">String</attrtype><attwidth Sync="TRUE">50</attwidth><attrdef>Groinfield, marina  less than or greater than  50 slips, jetty, breakwater, debris, unconventional, bulkhead, dilapidated bulkhead, marsh toe revetment, riprap, and wharf</attrdef></attr><attr><attrlabl Sync="TRUE">REMOTE</attrlabl><attalias Sync="TRUE">REMOTE</attalias><attrtype Sync="TRUE">String</attrtype><attwidth Sync="TRUE">50</attwidth><attrdef>not field checked but coded using available imagery sources</attrdef></attr><attr><attrlabl Sync="TRUE">Field_day</attrlabl><attalias Sync="TRUE">Field_day</attalias><attrtype Sync="TRUE">String</attrtype><attwidth Sync="TRUE">25</attwidth><attrdef>Date data collected</attrdef></attr><attr><attrlabl Sync="TRUE">CurrentRef</attrlabl><attalias Sync="TRUE">CurrentRef</attalias><attrtype Sync="TRUE">String</attrtype><attwidth Sync="TRUE">50</attwidth></attr><attr><attrlabl Sync="TRUE">LENGTH</attrlabl><attalias Sync="TRUE">length</attalias><attrtype Sync="TRUE">Double</attrtype><attwidth Sync="TRUE">19</attwidth><atprecis Sync="TRUE">0</atprecis><attscale Sync="TRUE">0</attscale></attr></detailed>
	</eainfo>
	<distinfo>
		<resdesc>Downloadable Data</resdesc>
		<distliab>The Comprehensive Coastal Inventory Program (CCI) at VIMS performs a service by distributing data generated by either CCI or public agencies which offer data without restrictions or charge.  CCI assumes no responsibility for data  accuracy or precision, metadata completeness or correctness for digital information.  CCI assumes no liability for misuse of any data which may arise as a result of any alteration, conversion, or combination with other data sources.  As well, the timeliness and scale of these products must be considered when evaluating appropriate use.</distliab>
		<stdorder><digform><digtinfo><transize Sync="TRUE">14.821</transize><dssize Sync="TRUE">14.821</dssize></digtinfo></digform></stdorder></distinfo>
	<metainfo>
		<metd Sync="TRUE">20121101</metd>
		<metc>
			<cntinfo>
				<cntperp>
					<cntper>Sharon Killeen</cntper>
					<cntorg>Virginia Institute of Marine Science  (VIMS)</cntorg>
				</cntperp>
				<cntpos>GIS Programmer/Analyst</cntpos>
				<cntaddr>
					<addrtype>mailing address</addrtype>
					<address>P.O. Box 1346</address>
					<city>Gloucester Point</city>
					<state>Virginia</state>
					<postal>23062</postal>
					<country>USA</country>
				</cntaddr>
				<cntvoice>(804) 684-7534</cntvoice>
				<cntfax>(804) 684-7179</cntfax>
				<cntemail>sharon@vims.edu</cntemail>
			</cntinfo>
		</metc>
		<langmeta Sync="TRUE">en</langmeta><metstdn Sync="TRUE">FGDC Content Standards for Digital Geospatial Metadata</metstdn><metstdv Sync="TRUE">FGDC-STD-001-1998</metstdv><mettc Sync="TRUE">local time</mettc><metextns><onlink Sync="TRUE">http://www.esri.com/metadata/esriprof80.html</onlink><metprof Sync="TRUE">ESRI Metadata Profile</metprof></metextns></metainfo>
	<Esri><CreaDate>20121102</CreaDate><CreaTime>10155300</CreaTime><SyncOnce>FALSE</SyncOnce><SyncDate>20121101</SyncDate><SyncTime>15203400</SyncTime><ModDate>20121101</ModDate><ModTime>15203400</ModTime><DataProperties><lineage><Process ToolSource="C:\Program Files (x86)\ArcGIS\Desktop10.0\ArcToolbox\Toolboxes\Data Management Tools.tbx\CalculateField" Date="20120126" Time="103919">CalculateField lynn_lubc_12 MARSH "Fringe &lt;5" VB #</Process><Process ToolSource="C:\Program Files (x86)\ArcGIS\Desktop10.0\ArcToolbox\Toolboxes\Data Management Tools.tbx\CalculateField" Date="20120126" Time="110104">CalculateField lynn_lubc_12 MARSH "marsh island" VB #</Process><Process ToolSource="C:\Program Files (x86)\ArcGIS\Desktop10.0\ArcToolbox\Toolboxes\Data Management Tools.tbx\CalculateField" Date="20120126" Time="113356">CalculateField lynn_lubc_12 MARSH "Fringe &gt;15" VB #</Process><Process ToolSource="C:\Program Files (x86)\ArcGIS\Desktop10.0\ArcToolbox\Toolboxes\Data Management Tools.tbx\CalculateField" Date="20120126" Time="130522">CalculateField lynn_lubc_12 MARSH "Fringe &lt;5" VB #</Process><Process ToolSource="C:\Program Files (x86)\ArcGIS\Desktop10.0\ArcToolbox\Toolboxes\Data Management Tools.tbx\CalculateField" Date="20120126" Time="132326">CalculateField lynn_lubc_12 MARSH "Fringe &lt;5" VB #</Process><Process ToolSource="C:\Program Files (x86)\ArcGIS\Desktop10.0\ArcToolbox\Toolboxes\Data Management Tools.tbx\CalculateField" Date="20120126" Time="133614">CalculateField lynn_lubc_12 MARSH "Fringe &lt;5" VB #</Process><Process ToolSource="C:\Program Files (x86)\ArcGIS\Desktop10.0\ArcToolbox\Toolboxes\Data Management Tools.tbx\CalculateField" Date="20120126" Time="140908">CalculateField lynn_lubc_12 MARSH "Fringe &lt;5" VB #</Process><Process ToolSource="C:\Program Files (x86)\ArcGIS\Desktop10.0\ArcToolbox\Toolboxes\Data Management Tools.tbx\CalculateField" Date="20120127" Time="092543">CalculateField lynn_lubc_12 MARSH "Fringe &lt;5" VB #</Process><Process ToolSource="C:\Program Files (x86)\ArcGIS\Desktop10.0\ArcToolbox\Toolboxes\Data Management Tools.tbx\CalculateField" Date="20120127" Time="092616">CalculateField lynn_lubc_12 MARSH "Fringe &lt;5" VB #</Process><Process ToolSource="C:\Program Files (x86)\ArcGIS\Desktop10.0\ArcToolbox\Toolboxes\Data Management Tools.tbx\CalculateField" Date="20120127" Time="092725">CalculateField lynn_lubc_12 MARSH "Fringe &lt;5" VB #</Process><Process ToolSource="C:\Program Files (x86)\ArcGIS\Desktop10.0\ArcToolbox\Toolboxes\Data Management Tools.tbx\CalculateField" Date="20120127" Time="092936">CalculateField lynn_lubc_12 MARSH "Fringe &lt;5" VB #</Process><Process ToolSource="C:\Program Files (x86)\ArcGIS\Desktop10.0\ArcToolbox\Toolboxes\Data Management Tools.tbx\CalculateField" Date="20120127" Time="093533">CalculateField lynn_lubc_12 MARSH "Fringe &lt;5" VB #</Process><Process ToolSource="C:\Program Files (x86)\ArcGIS\Desktop10.0\ArcToolbox\Toolboxes\Data Management Tools.tbx\CalculateField" Date="20120127" Time="102545">CalculateField lynn_lubc_12 EROSION "Fringe &lt;5" VB #</Process><Process ToolSource="C:\Program Files (x86)\ArcGIS\Desktop10.0\ArcToolbox\Toolboxes\Data Management Tools.tbx\CalculateField" Date="20120127" Time="102654">CalculateField lynn_lubc_12 MARSH "Fringe &lt;5" VB #</Process><Process ToolSource="C:\Program Files (x86)\ArcGIS\Desktop10.0\ArcToolbox\Toolboxes\Data Management Tools.tbx\CalculateField" Date="20120127" Time="112659">CalculateField lynn_lubc_12 MARSH "Fringe &lt;5" VB #</Process><Process ToolSource="C:\Program Files (x86)\ArcGIS\Desktop10.0\ArcToolbox\Toolboxes\Data Management Tools.tbx\CalculateField" Date="20120127" Time="115114">CalculateField lynn_lubc_12 MARSH "Fringe &lt;5" VB #</Process><Process ToolSource="C:\Program Files (x86)\ArcGIS\Desktop10.0\ArcToolbox\Toolboxes\Data Management Tools.tbx\CalculateField" Date="20120127" Time="134020">CalculateField lynn_lubc_12 MARSH "Fringe &lt;5" VB #</Process><Process ToolSource="C:\Program Files (x86)\ArcGIS\Desktop10.0\ArcToolbox\Toolboxes\Data Management Tools.tbx\CalculateField" Date="20120127" Time="134525">CalculateField lynn_lubc_12 MARSH "Fringe &lt;5" VB #</Process><Process ToolSource="C:\Program Files (x86)\ArcGIS\Desktop10.0\ArcToolbox\Toolboxes\Data Management Tools.tbx\CalculateField" Date="20120127" Time="140828">CalculateField lynn_lubc_12 MARSH "Fringe &lt;5" VB #</Process><Process ToolSource="C:\Program Files (x86)\ArcGIS\Desktop10.0\ArcToolbox\Toolboxes\Data Management Tools.tbx\CalculateField" Date="20120127" Time="142241">CalculateField lynn_lubc_12 MARSH "Fringe &lt;5" VB #</Process><Process ToolSource="C:\Program Files (x86)\ArcGIS\Desktop10.0\ArcToolbox\Toolboxes\Data Management Tools.tbx\CalculateField" Date="20120127" Time="152929">CalculateField lynn_lubc_12 MARSH "Fringe &lt;5" VB #</Process><Process ToolSource="C:\Program Files (x86)\ArcGIS\Desktop10.0\ArcToolbox\Toolboxes\Data Management Tools.tbx\CalculateField" Date="20120127" Time="160053">CalculateField lynn_lubc_12 MARSH "Fringe &lt;5" VB #</Process><Process ToolSource="C:\Program Files (x86)\ArcGIS\Desktop10.0\ArcToolbox\Toolboxes\Data Management Tools.tbx\CalculateField" Date="20120130" Time="095014">CalculateField lynn_lubc_12 MARSH "Fringe &gt;15" VB #</Process><Process ToolSource="C:\Program Files (x86)\ArcGIS\Desktop10.0\ArcToolbox\Toolboxes\Data Management Tools.tbx\CalculateField" Date="20120130" Time="101158">CalculateField lynn_lubc_12 MARSH "Fringe &lt;5" VB #</Process><Process ToolSource="C:\Program Files (x86)\ArcGIS\Desktop10.0\ArcToolbox\Toolboxes\Data Management Tools.tbx\CalculateField" Date="20120130" Time="101241">CalculateField lynn_lubc_12 MARSH "Fringe &lt;5" VB #</Process><Process ToolSource="C:\Program Files (x86)\ArcGIS\Desktop10.0\ArcToolbox\Toolboxes\Data Management Tools.tbx\CalculateField" Date="20120130" Time="102425">CalculateField lynn_lubc_12 MARSH "Fringe &lt;5" VB #</Process><Process ToolSource="C:\Program Files (x86)\ArcGIS\Desktop10.0\ArcToolbox\Toolboxes\Data Management Tools.tbx\CalculateField" Date="20120130" Time="103220">CalculateField lynn_lubc_12 MARSH "Fringe &lt;5" VB #</Process><Process ToolSource="C:\Program Files (x86)\ArcGIS\Desktop10.0\ArcToolbox\Toolboxes\Data Management Tools.tbx\CalculateField" Date="20120130" Time="103352">CalculateField lynn_lubc_12 MARSH "Fringe &gt;15" VB #</Process><Process ToolSource="C:\Program Files (x86)\ArcGIS\Desktop10.0\ArcToolbox\Toolboxes\Data Management Tools.tbx\CalculateField" Date="20120130" Time="103641">CalculateField lynn_lubc_12 MARSH "Fringe &lt;5" VB #</Process><Process ToolSource="C:\Program Files (x86)\ArcGIS\Desktop10.0\ArcToolbox\Toolboxes\Data Management Tools.tbx\CalculateField" Date="20120130" Time="103743">CalculateField lynn_lubc_12 MARSH "Fringe &lt;5" VB #</Process><Process ToolSource="C:\Program Files (x86)\ArcGIS\Desktop10.0\ArcToolbox\Toolboxes\Data Management Tools.tbx\CalculateField" Date="20120130" Time="104144">CalculateField lynn_lubc_12 MARSH "Fringe &lt;5" VB #</Process><Process ToolSource="C:\Program Files (x86)\ArcGIS\Desktop10.0\ArcToolbox\Toolboxes\Data Management Tools.tbx\CalculateField" Date="20120130" Time="132917">CalculateField lynn_lubc_12 MARSH "Fringe &lt;5" VB #</Process><Process ToolSource="C:\Program Files (x86)\ArcGIS\Desktop10.0\ArcToolbox\Toolboxes\Data Management Tools.tbx\CalculateField" Date="20120130" Time="135837">CalculateField lynn_lubc_12 MARSH "Fringe &lt;5" VB #</Process><Process ToolSource="C:\Program Files (x86)\ArcGIS\Desktop10.0\ArcToolbox\Toolboxes\Data Management Tools.tbx\CalculateField" Date="20120130" Time="141325">CalculateField lynn_lubc_12 MARSH "Fringe &lt;5" VB #</Process><Process ToolSource="C:\Program Files (x86)\ArcGIS\Desktop10.0\ArcToolbox\Toolboxes\Data Management Tools.tbx\CalculateField" Date="20120130" Time="141737">CalculateField lynn_lubc_12 MARSH "Fringe &lt;5" VB #</Process><Process ToolSource="C:\Program Files (x86)\ArcGIS\Desktop10.0\ArcToolbox\Toolboxes\Data Management Tools.tbx\CalculateField" Date="20120130" Time="150144">CalculateField lynn_lubc_12 MARSH "Fringe &lt;5" VB #</Process><Process ToolSource="C:\Program Files (x86)\ArcGIS\Desktop10.0\ArcToolbox\Toolboxes\Data Management Tools.tbx\CalculateField" Date="20120131" Time="084617">CalculateField lynn_lubc_12 MARSH "Fringe &gt;15" VB #</Process><Process ToolSource="C:\Program Files (x86)\ArcGIS\Desktop10.0\ArcToolbox\Toolboxes\Data Management Tools.tbx\CalculateField" Date="20120131" Time="084943">CalculateField lynn_lubc_12 MARSH "Fringe &lt;5" VB #</Process><Process ToolSource="C:\Program Files (x86)\ArcGIS\Desktop10.0\ArcToolbox\Toolboxes\Data Management Tools.tbx\CalculateField" Date="20120131" Time="085226">CalculateField lynn_lubc_12 MARSH "Fringe &lt;5" VB #</Process><Process ToolSource="C:\Program Files (x86)\ArcGIS\Desktop10.0\ArcToolbox\Toolboxes\Data Management Tools.tbx\CalculateField" Date="20120131" Time="085450">CalculateField lynn_lubc_12 MARSH "Fringe &lt;5" VB #</Process><Process ToolSource="C:\Program Files (x86)\ArcGIS\Desktop10.0\ArcToolbox\Toolboxes\Data Management Tools.tbx\CalculateField" Date="20120131" Time="091139">CalculateField lynn_lubc_12 MARSH "Embayed" VB #</Process><Process ToolSource="C:\Program Files (x86)\ArcGIS\Desktop10.0\ArcToolbox\Toolboxes\Data Management Tools.tbx\CalculateField" Date="20120131" Time="105421">CalculateField lynn_lubc_12 MARSH "Fringe &lt;5" VB #</Process><Process ToolSource="C:\Program Files (x86)\ArcGIS\Desktop10.0\ArcToolbox\Toolboxes\Data Management Tools.tbx\CalculateField" Date="20120131" Time="134624">CalculateField lynn_lubc_12 MARSH "Fringe &gt;15" VB #</Process><Process ToolSource="C:\Program Files (x86)\ArcGIS\Desktop10.0\ArcToolbox\Toolboxes\Data Management Tools.tbx\CalculateField" Date="20120131" Time="135550">CalculateField lynn_lubc_12 MARSH "Fringe &lt;5" VB #</Process><Process ToolSource="C:\Program Files (x86)\ArcGIS\Desktop10.0\ArcToolbox\Toolboxes\Data Management Tools.tbx\CalculateField" Date="20120131" Time="135630">CalculateField lynn_lubc_12 MARSH "Fringe &gt;15" VB #</Process><Process ToolSource="C:\Program Files (x86)\ArcGIS\Desktop10.0\ArcToolbox\Toolboxes\Data Management Tools.tbx\CalculateField" Date="20120131" Time="135822">CalculateField lynn_lubc_12 MARSH "Fringe &lt;5" VB #</Process><Process ToolSource="C:\Program Files (x86)\ArcGIS\Desktop10.0\ArcToolbox\Toolboxes\Data Management Tools.tbx\CalculateField" Date="20120131" Time="140721">CalculateField lynn_lubc_12 MARSH "Fringe &lt;5" VB #</Process><Process ToolSource="C:\Program Files (x86)\ArcGIS\Desktop10.0\ArcToolbox\Toolboxes\Data Management Tools.tbx\CalculateField" Date="20120131" Time="141107">CalculateField lynn_lubc_12 MARSH "Fringe &lt;5" VB #</Process><Process ToolSource="C:\Program Files (x86)\ArcGIS\Desktop10.0\ArcToolbox\Toolboxes\Data Management Tools.tbx\CalculateField" Date="20120131" Time="141605">CalculateField lynn_lubc_12 MARSH "Fringe &lt;5" VB #</Process><Process ToolSource="C:\Program Files (x86)\ArcGIS\Desktop10.0\ArcToolbox\Toolboxes\Data Management Tools.tbx\CalculateField" Date="20120131" Time="161812">CalculateField lynn_lubc_12 MARSH "Fringe &lt;5" VB #</Process><Process ToolSource="C:\Program Files (x86)\ArcGIS\Desktop10.0\ArcToolbox\Toolboxes\Data Management Tools.tbx\CalculateField" Date="20120131" Time="162150">CalculateField lynn_lubc_12 MARSH "marsh island" VB #</Process><Process ToolSource="C:\Program Files (x86)\ArcGIS\Desktop10.0\ArcToolbox\Toolboxes\Data Management Tools.tbx\CalculateField" Date="20120201" Time="105439">CalculateField lynn_lubc_12 MARSH "Fringe &lt;5"
 VB #</Process><Process ToolSource="C:\Program Files (x86)\ArcGIS\Desktop10.0\ArcToolbox\Toolboxes\Data Management Tools.tbx\CalculateField" Date="20120201" Time="110758">CalculateField lynn_lubc_12 MARSH "Fringe &lt;5"
 VB #</Process><Process ToolSource="C:\Program Files (x86)\ArcGIS\Desktop10.0\ArcToolbox\Toolboxes\Data Management Tools.tbx\CalculateField" Date="20120201" Time="111915">CalculateField lynn_lubc_12 MARSH "Fringe &lt;5"
 VB #</Process><Process ToolSource="C:\Program Files (x86)\ArcGIS\Desktop10.0\ArcToolbox\Toolboxes\Data Management Tools.tbx\CalculateField" Date="20120201" Time="112143">CalculateField lynn_lubc_12 MARSH "Fringe &gt;15"
 VB #</Process><Process ToolSource="C:\Program Files (x86)\ArcGIS\Desktop10.0\ArcToolbox\Toolboxes\Data Management Tools.tbx\CalculateField" Date="20120201" Time="112215">CalculateField lynn_lubc_12 MARSH "Fringe &gt;15"
 VB #</Process><Process ToolSource="C:\Program Files (x86)\ArcGIS\Desktop10.0\ArcToolbox\Toolboxes\Data Management Tools.tbx\CalculateField" Date="20120201" Time="112224">CalculateField lynn_lubc_12 MARSH "Fringe &gt;15"
 VB #</Process><Process ToolSource="C:\Program Files (x86)\ArcGIS\Desktop10.0\ArcToolbox\Toolboxes\Data Management Tools.tbx\CalculateField" Date="20120201" Time="112708">CalculateField lynn_lubc_12 MARSH "Fringe &gt;15"
 VB #</Process><Process ToolSource="C:\Program Files (x86)\ArcGIS\Desktop10.0\ArcToolbox\Toolboxes\Data Management Tools.tbx\CalculateField" Date="20120201" Time="112836">CalculateField lynn_lubc_12 MARSH "Fringe &gt;15"
 VB #</Process><Process ToolSource="C:\Program Files (x86)\ArcGIS\Desktop10.0\ArcToolbox\Toolboxes\Data Management Tools.tbx\CalculateField" Date="20120201" Time="133321">CalculateField lynn_lubc_12 MARSH "Fringe &gt;15"
 VB #</Process><Process ToolSource="C:\Program Files (x86)\ArcGIS\Desktop10.0\ArcToolbox\Toolboxes\Data Management Tools.tbx\CalculateField" Date="20120201" Time="140121">CalculateField lynn_lubc_12 MARSH "Fringe &lt;5"
 VB #</Process><Process ToolSource="C:\Program Files (x86)\ArcGIS\Desktop10.0\ArcToolbox\Toolboxes\Data Management Tools.tbx\CalculateField" Date="20120202" Time="093436">CalculateField lynn_lubc_12 MARSH "Fringe &lt;5"
 VB #</Process><Process ToolSource="C:\Program Files (x86)\ArcGIS\Desktop10.0\ArcToolbox\Toolboxes\Data Management Tools.tbx\CalculateField" Date="20120202" Time="102043">CalculateField lynn_lubc_12 MARSH "Fringe &lt;5"
 VB #</Process><Process ToolSource="C:\Program Files (x86)\ArcGIS\Desktop10.0\ArcToolbox\Toolboxes\Data Management Tools.tbx\CalculateField" Date="20120202" Time="102254">CalculateField lynn_lubc_12 MARSH "Fringe &gt;15"
 VB #</Process><Process ToolSource="C:\Program Files (x86)\ArcGIS\Desktop10.0\ArcToolbox\Toolboxes\Data Management Tools.tbx\CalculateField" Date="20120202" Time="102433">CalculateField lynn_lubc_12 MARSH "Fringe &gt;15"
 VB #</Process><Process ToolSource="C:\Program Files (x86)\ArcGIS\Desktop10.0\ArcToolbox\Toolboxes\Data Management Tools.tbx\CalculateField" Date="20120202" Time="102656">CalculateField lynn_lubc_12 MARSH "Fringe &lt;5"
 VB #</Process><Process ToolSource="C:\Program Files (x86)\ArcGIS\Desktop10.0\ArcToolbox\Toolboxes\Data Management Tools.tbx\CalculateField" Date="20120202" Time="110446">CalculateField lynn_lubc_12 MARSH "Fringe &gt;15"
 VB #</Process><Process ToolSource="C:\Program Files (x86)\ArcGIS\Desktop10.0\ArcToolbox\Toolboxes\Data Management Tools.tbx\CalculateField" Date="20120202" Time="110627">CalculateField lynn_lubc_12 MARSH "Fringe &gt;15"
 VB #</Process><Process ToolSource="C:\Program Files (x86)\ArcGIS\Desktop10.0\ArcToolbox\Toolboxes\Data Management Tools.tbx\CalculateField" Date="20120202" Time="112202">CalculateField lynn_lubc_12 MARSH "Fringe &gt;15"
 VB #</Process><Process ToolSource="C:\Program Files (x86)\ArcGIS\Desktop10.0\ArcToolbox\Toolboxes\Data Management Tools.tbx\CalculateField" Date="20120202" Time="112931">CalculateField lynn_lubc_12 MARSH "Fringe &lt;5"
 VB #</Process><Process ToolSource="C:\Program Files (x86)\ArcGIS\Desktop10.0\ArcToolbox\Toolboxes\Data Management Tools.tbx\CalculateField" Date="20120202" Time="151652">CalculateField lynn_lubc_12 MARSH "Fringe &lt;5"
 VB #</Process><Process ToolSource="C:\Program Files (x86)\ArcGIS\Desktop10.0\ArcToolbox\Toolboxes\Data Management Tools.tbx\CalculateField" Date="20120202" Time="152038">CalculateField lynn_lubc_12 MARSH "Fringe &gt;15"
 VB #</Process><Process ToolSource="C:\Program Files (x86)\ArcGIS\Desktop10.0\ArcToolbox\Toolboxes\Data Management Tools.tbx\CalculateField" Date="20120202" Time="152155">CalculateField lynn_lubc_12 MARSH "Fringe &gt;15"
 VB #</Process><Process ToolSource="C:\Program Files (x86)\ArcGIS\Desktop10.0\ArcToolbox\Toolboxes\Data Management Tools.tbx\CalculateField" Date="20120202" Time="152413">CalculateField lynn_lubc_12 MARSH "Fringe &gt;15"
 VB #</Process><Process ToolSource="C:\Program Files (x86)\ArcGIS\Desktop10.0\ArcToolbox\Toolboxes\Data Management Tools.tbx\CalculateField" Date="20120202" Time="152755">CalculateField lynn_lubc_12 MARSH "Fringe &gt;15"
 VB #</Process><Process ToolSource="C:\Program Files (x86)\ArcGIS\Desktop10.0\ArcToolbox\Toolboxes\Data Management Tools.tbx\CalculateField" Date="20120202" Time="162826">CalculateField lynn_lubc_12 MARSH "Fringe &lt;5"
 VB #</Process><Process ToolSource="C:\Program Files (x86)\ArcGIS\Desktop10.0\ArcToolbox\Toolboxes\Data Management Tools.tbx\CalculateField" Date="20120203" Time="104805">CalculateField lynn_lubc_12 MARSH "Fringe &lt;5"
 VB #</Process><Process ToolSource="C:\Program Files (x86)\ArcGIS\Desktop10.0\ArcToolbox\Toolboxes\Data Management Tools.tbx\CalculateField" Date="20120203" Time="133525">CalculateField lynn_lubc_12 MARSH "Fringe &lt;5"
 VB #</Process><Process ToolSource="C:\Program Files (x86)\ArcGIS\Desktop10.0\ArcToolbox\Toolboxes\Data Management Tools.tbx\CalculateField" Date="20120203" Time="144449">CalculateField lynn_lubc_12 MARSH "Fringe &gt;15"
 VB #</Process><Process ToolSource="C:\Program Files (x86)\ArcGIS\Desktop10.0\ArcToolbox\Toolboxes\Data Management Tools.tbx\CalculateField" Date="20120203" Time="150000">CalculateField lynn_lubc_12 MARSH "Fringe &lt;5"
 VB #</Process><Process ToolSource="C:\Program Files (x86)\ArcGIS\Desktop10.0\ArcToolbox\Toolboxes\Data Management Tools.tbx\CalculateField" Date="20120203" Time="151956">CalculateField lynn_lubc_12 MARSH "Fringe &gt;15"
 VB #</Process><Process ToolSource="C:\Program Files (x86)\ArcGIS\Desktop10.0\ArcToolbox\Toolboxes\Data Management Tools.tbx\CalculateField" Date="20120203" Time="152115">CalculateField lynn_lubc_12 MARSH "Fringe &gt;15"
 VB #</Process><Process ToolSource="C:\Program Files (x86)\ArcGIS\Desktop10.0\ArcToolbox\Toolboxes\Data Management Tools.tbx\CalculateField" Date="20120203" Time="154202">CalculateField lynn_lubc_12 MARSH "Fringe &gt;15"
 VB #</Process><Process ToolSource="C:\Program Files (x86)\ArcGIS\Desktop10.0\ArcToolbox\Toolboxes\Data Management Tools.tbx\CalculateField" Date="20120203" Time="161539">CalculateField lynn_lubc_12 MARSH "Fringe &lt;5"
 VB #</Process><Process ToolSource="C:\Program Files (x86)\ArcGIS\Desktop10.0\ArcToolbox\Toolboxes\Data Management Tools.tbx\CalculateField" Date="20120203" Time="161706">CalculateField lynn_lubc_12 MARSH "Fringe &gt;15"
 VB #</Process><Process ToolSource="c:\program files (x86)\arcgis\desktop10.0\ArcToolbox\Toolboxes\Analysis Tools.tbx\Select" Date="20120206" Time="140214">Select lynn_lubc_12 N:\cci\portfolios\vabeach_inv\lynn_astru_12_sk.shp #</Process><Process ToolSource="c:\program files (x86)\arcgis\desktop10.0\ArcToolbox\Toolboxes\Data Management Tools.tbx\Merge" Date="20120216" Time="100130">Merge lynn_astru_12_sk;lynn_astru_12_kn N:\cci\portfolios\vabeach_inv\lynn_lubc_12_FINAL.shp "LENGTH "LENGTH" true true false 13 Float 0 0 ,First,#,lynn_astru_12_sk,LENGTH,-1,-1,lynn_astru_12_kn,LENGTH,-1,-1;EROSION "EROSION" true true false 50 Text 0 0 ,First,#,lynn_astru_12_sk,EROSION,-1,-1,lynn_astru_12_kn,EROSION,-1,-1;MARSH "MARSH" true true false 50 Text 0 0 ,First,#,lynn_astru_12_sk,MARSH,-1,-1,lynn_astru_12_kn,MARSH,-1,-1;BEACH "BEACH" true true false 50 Text 0 0 ,First,#,lynn_astru_12_sk,BEACH,-1,-1,lynn_astru_12_kn,BEACH,-1,-1;PHRAG "PHRAG" true true false 50 Text 0 0 ,First,#,lynn_astru_12_sk,PHRAG,-1,-1,lynn_astru_12_kn,PHRAG,-1,-1;TREE_FRING "TREE_FRING" true true false 50 Text 0 0 ,First,#,lynn_astru_12_sk,TREE_FRING,-1,-1,lynn_astru_12_kn,TREE_FRING,-1,-1;FEATURE "FEATURE" true true false 50 Text 0 0 ,First,#,lynn_astru_12_sk,FEATURE,-1,-1,lynn_astru_12_kn,FEATURE,-1,-1;HEIGHT "HEIGHT" true true false 50 Text 0 0 ,First,#,lynn_astru_12_sk,HEIGHT,-1,-1,lynn_astru_12_kn,HEIGHT,-1,-1;COVER "COVER" true true false 50 Text 0 0 ,First,#,lynn_astru_12_sk,COVER,-1,-1,lynn_astru_12_kn,COVER,-1,-1;GPS_DATE "GPS_DATE" true true false 8 Date 0 0 ,First,#,lynn_astru_12_sk,GPS_DATE,-1,-1,lynn_astru_12_kn,GPS_DATE,-1,-1;REMOTE "REMOTE" true true false 8 Text 0 0 ,First,#,lynn_astru_12_sk,REMOTE,-1,-1,lynn_astru_12_kn,REMOTE,-1,-1;lu "lu" true true false 10 Text 0 0 ,First,#,lynn_astru_12_sk,lu,-1,-1,lynn_astru_12_kn,lu,-1,-1"</Process><Process ToolSource="C:\Program Files (x86)\ArcGIS\Desktop10.0\ArcToolbox\Toolboxes\Data Management Tools.tbx\CalculateField" Date="20120221" Time="153254">CalculateField lynn_lubc_12_FINAL TypeMarsh [MARSH] VB #</Process><Process ToolSource="C:\Program Files (x86)\ArcGIS\Desktop10.0\ArcToolbox\Toolboxes\Data Management Tools.tbx\CalculateField" Date="20120224" Time="145052">CalculateField lynn_lubc_12_FINAL TypeMarsh "Fringe &lt;5" VB #</Process><Process ToolSource="C:\Program Files (x86)\ArcGIS\Desktop10.0\ArcToolbox\Toolboxes\Data Management Tools.tbx\CalculateField" Date="20120224" Time="145116">CalculateField lynn_lubc_12_FINAL TypeMarsh "Fringe &lt;5" VB #</Process><Process ToolSource="C:\Program Files (x86)\ArcGIS\Desktop10.0\ArcToolbox\Toolboxes\Data Management Tools.tbx\CalculateField" Date="20120224" Time="145137">CalculateField lynn_lubc_12_FINAL TypeMarsh "Fringe &lt;5" VB #</Process><Process ToolSource="C:\Program Files (x86)\ArcGIS\Desktop10.0\ArcToolbox\Toolboxes\Data Management Tools.tbx\CalculateField" Date="20120224" Time="145224">CalculateField lynn_lubc_12_FINAL TypeMarsh "Fringe &gt;15" VB #</Process><Process ToolSource="C:\Program Files (x86)\ArcGIS\Desktop10.0\ArcToolbox\Toolboxes\Data Management Tools.tbx\CalculateField" Date="20120224" Time="145243">CalculateField lynn_lubc_12_FINAL TypeMarsh "Marsh Island" VB #</Process><Process ToolSource="C:\Program Files (x86)\ArcGIS\Desktop10.0\ArcToolbox\Toolboxes\Data Management Tools.tbx\CalculateField" Date="20120224" Time="145332">CalculateField lynn_lubc_12_FINAL TypeMarsh "Fringe 10-15" VB #</Process><Process ToolSource="C:\Program Files (x86)\ArcGIS\Desktop10.0\ArcToolbox\Toolboxes\Data Management Tools.tbx\CalculateField" Date="20120224" Time="145438">CalculateField lynn_lubc_12_FINAL TypeMarsh "No" VB #</Process><Process ToolSource="C:\Program Files (x86)\ArcGIS\Desktop10.0\ArcToolbox\Toolboxes\Data Management Tools.tbx\CalculateField" Date="20120301" Time="093749">CalculateField lynn_lubc_12_FINAL TypeMarsh "No" VB #</Process><Process ToolSource="C:\Program Files (x86)\ArcGIS\Desktop10.0\ArcToolbox\Toolboxes\Data Management Tools.tbx\CalculateField" Date="20120301" Time="094457">CalculateField lynn_lubc_12_FINAL MARSH [TypeMarsh] VB #</Process><Process ToolSource="C:\Program Files (x86)\ArcGIS\Desktop10.0\ArcToolbox\Toolboxes\Data Management Tools.tbx\CalculateField" Date="20120301" Time="100545">CalculateField lynn_lubc_12_FINAL FEATURE "Marsh Island" VB #</Process><Process ToolSource="C:\Program Files (x86)\ArcGIS\Desktop10.0\ArcToolbox\Toolboxes\Data Management Tools.tbx\CalculateField" Date="20120301" Time="100712">CalculateField lynn_lubc_12_FINAL COVER "total" VB #</Process><Process ToolSource="C:\Program Files (x86)\ArcGIS\Desktop10.0\ArcToolbox\Toolboxes\Data Management Tools.tbx\CalculateField" Date="20120301" Time="100808">CalculateField lynn_lubc_12_FINAL FEATURE "Marsh Island" VB #</Process><Process ToolSource="C:\Program Files (x86)\ArcGIS\Desktop10.0\ArcToolbox\Toolboxes\Data Management Tools.tbx\CalculateField" Date="20120301" Time="100836">CalculateField lynn_lubc_12_FINAL FEATURE "Marsh Island" VB #</Process><Process ToolSource="C:\Program Files (x86)\ArcGIS\Desktop10.0\ArcToolbox\Toolboxes\Data Management Tools.tbx\CalculateField" Date="20120301" Time="101339">CalculateField lynn_lubc_12_FINAL MARSH "Fringe &lt;5" VB #</Process><Process ToolSource="C:\Program Files (x86)\ArcGIS\Desktop10.0\ArcToolbox\Toolboxes\Data Management Tools.tbx\CalculateField" Date="20120301" Time="101344">CalculateField lynn_lubc_12_FINAL TypeMarsh "Fringe &lt;5" VB #</Process><Process ToolSource="C:\Program Files (x86)\ArcGIS\Desktop10.0\ArcToolbox\Toolboxes\Data Management Tools.tbx\CalculateField" Date="20120301" Time="101421">CalculateField lynn_lubc_12_FINAL MARSH "Fringe &gt;15" VB #</Process><Process ToolSource="C:\Program Files (x86)\ArcGIS\Desktop10.0\ArcToolbox\Toolboxes\Data Management Tools.tbx\CalculateField" Date="20120301" Time="101426">CalculateField lynn_lubc_12_FINAL TypeMarsh "Fringe &gt;15" VB #</Process><Process ToolSource="C:\Program Files (x86)\ArcGIS\Desktop10.0\ArcToolbox\Toolboxes\Data Management Tools.tbx\CalculateField" Date="20120301" Time="101714">CalculateField lynn_lubc_12_FINAL FEATURE "Scrub Srub" VB #</Process><Process ToolSource="C:\Program Files (x86)\ArcGIS\Desktop10.0\ArcToolbox\Toolboxes\Data Management Tools.tbx\CalculateField" Date="20120301" Time="101753">CalculateField lynn_lubc_12_FINAL FEATURE "Scrub-Shrub" VB #</Process><Process ToolSource="c:\program files (x86)\arcgis\desktop10.0\ArcToolbox\Toolboxes\Data Management Tools.tbx\Merge" Date="20120323" Time="080610">Merge lynn_lubc_12_FINAL;lynnhaven_2007shl;vabeach_shl_all C:\vabeach_shoreline\vabeach_shl.shp "LENGTH "LENGTH" true true false 13 Float 0 0 ,First,#,lynn_lubc_12_FINAL,LENGTH,-1,-1,vabeach_shl_all,LENGTH,-1,-1;EROSION "EROSION" true true false 50 Text 0 0 ,First,#,lynn_lubc_12_FINAL,EROSION,-1,-1;MARSH "MARSH" true true false 50 Text 0 0 ,First,#,lynn_lubc_12_FINAL,MARSH,-1,-1;BEACH "BEACH" true true false 50 Text 0 0 ,First,#,lynn_lubc_12_FINAL,BEACH,-1,-1;PHRAG "PHRAG" true true false 50 Text 0 0 ,First,#,lynn_lubc_12_FINAL,PHRAG,-1,-1;TREE_FRING "TREE_FRING" true true false 50 Text 0 0 ,First,#,lynn_lubc_12_FINAL,TREE_FRING,-1,-1;FEATURE "FEATURE" true true false 50 Text 0 0 ,First,#,lynn_lubc_12_FINAL,FEATURE,-1,-1;HEIGHT "HEIGHT" true true false 50 Text 0 0 ,First,#,lynn_lubc_12_FINAL,HEIGHT,-1,-1;COVER "COVER" true true false 50 Text 0 0 ,First,#,lynn_lubc_12_FINAL,COVER,-1,-1;GPS_DATE "GPS_DATE" true true false 8 Date 0 0 ,First,#,lynn_lubc_12_FINAL,GPS_DATE,-1,-1;REMOTE "REMOTE" true true false 8 Text 0 0 ,First,#,lynn_lubc_12_FINAL,REMOTE,-1,-1;lu "lu" true true false 10 Text 0 0 ,First,#,lynn_lubc_12_FINAL,lu,-1,-1;TypeMarsh "TypeMarsh" true true false 50 Text 0 0 ,First,#,lynn_lubc_12_FINAL,TypeMarsh,-1,-1;Id "Id" true true false 6 Long 0 6 ,First,#,lynnhaven_2007shl,Id,-1,-1;FNODE_ "FNODE_" true true false 9 Long 0 9 ,First,#,vabeach_shl_all,FNODE_,-1,-1;TNODE_ "TNODE_" true true false 9 Long 0 9 ,First,#,vabeach_shl_all,TNODE_,-1,-1;LPOLY_ "LPOLY_" true true false 9 Long 0 9 ,First,#,vabeach_shl_all,LPOLY_,-1,-1;RPOLY_ "RPOLY_" true true false 9 Long 0 9 ,First,#,vabeach_shl_all,RPOLY_,-1,-1"</Process><Process ToolSource="C:\Program Files (x86)\ArcGIS\Desktop10.0\ArcToolbox\Toolboxes\Cartography Tools.tbx\SmoothLine" Date="20120323" Time="081807">SmoothLine vabeach_shl C:\vabeach_shoreline\vabeach_shl_smooth.shp PAEK "5 Meters" FIXED_CLOSED_ENDPOINT NO_CHECK</Process><Process ToolSource="C:\Program Files (x86)\ArcGIS\Desktop10.0\ArcToolbox\Toolboxes\Data Management Tools.tbx\CalculateField" Date="20120502" Time="090718">CalculateField vabeach_lubc_12 Id "[FID] +1" VB #</Process><Process ToolSource="c:\program files (x86)\arcgis\desktop10.0\ArcToolbox\Toolboxes\Data Management Tools.tbx\Merge" Date="20120516" Time="100344">Merge vabeach_lubc_12;vabeach_shl_dawn_2;n_landing_river;vabeach_shl_sk;vabeach_shl_dawn_3 C:\vabeach_tmi\vabeach_lubc_12_Merge1.shp "LENGTH "LENGTH" true true false 13 Float 0 0 ,First,#,vabeach_lubc_12,LENGTH,-1,-1,vabeach_shl_dawn_2,LENGTH,-1,-1,n_landing_river,LENGTH,-1,-1,vabeach_shl_sk,LENGTH,-1,-1,vabeach_shl_dawn_3,LENGTH,-1,-1;EROSION "EROSION" true true false 50 Text 0 0 ,First,#,vabeach_lubc_12,EROSION,-1,-1,vabeach_shl_dawn_2,EROSION,-1,-1,n_landing_river,EROSION,-1,-1,vabeach_shl_sk,EROSION,-1,-1,vabeach_shl_dawn_3,EROSION,-1,-1;MARSH "MARSH" true true false 50 Text 0 0 ,First,#,vabeach_lubc_12,MARSH,-1,-1,vabeach_shl_dawn_2,MARSH,-1,-1,n_landing_river,MARSH,-1,-1,vabeach_shl_sk,MARSH,-1,-1,vabeach_shl_dawn_3,MARSH,-1,-1;BEACH "BEACH" true true false 50 Text 0 0 ,First,#,vabeach_lubc_12,BEACH,-1,-1,vabeach_shl_dawn_2,BEACH,-1,-1,n_landing_river,BEACH,-1,-1,vabeach_shl_sk,BEACH,-1,-1,vabeach_shl_dawn_3,BEACH,-1,-1;PHRAG "PHRAG" true true false 50 Text 0 0 ,First,#,vabeach_lubc_12,PHRAG,-1,-1,vabeach_shl_dawn_2,PHRAG,-1,-1,n_landing_river,PHRAG,-1,-1,vabeach_shl_sk,PHRAG,-1,-1,vabeach_shl_dawn_3,PHRAG,-1,-1;TREE_FRING "TREE_FRING" true true false 50 Text 0 0 ,First,#,vabeach_lubc_12,TREE_FRING,-1,-1,vabeach_shl_dawn_2,TREE_FRING,-1,-1,n_landing_river,TREE_FRING,-1,-1,vabeach_shl_sk,TREE_FRING,-1,-1,vabeach_shl_dawn_3,TREE_FRING,-1,-1;FEATURE "FEATURE" true true false 50 Text 0 0 ,First,#,vabeach_lubc_12,FEATURE,-1,-1,vabeach_shl_dawn_2,FEATURE,-1,-1,n_landing_river,FEATURE,-1,-1,vabeach_shl_sk,FEATURE,-1,-1,vabeach_shl_dawn_3,FEATURE,-1,-1;HEIGHT "HEIGHT" true true false 50 Text 0 0 ,First,#,vabeach_lubc_12,HEIGHT,-1,-1,vabeach_shl_dawn_2,HEIGHT,-1,-1,n_landing_river,HEIGHT,-1,-1,vabeach_shl_sk,HEIGHT,-1,-1,vabeach_shl_dawn_3,HEIGHT,-1,-1;COVER "COVER" true true false 50 Text 0 0 ,First,#,vabeach_lubc_12,COVER,-1,-1,vabeach_shl_dawn_2,COVER,-1,-1,n_landing_river,COVER,-1,-1,vabeach_shl_sk,COVER,-1,-1,vabeach_shl_dawn_3,COVER,-1,-1;GPS_DATE "GPS_DATE" true true false 8 Date 0 0 ,First,#,vabeach_lubc_12,GPS_DATE,-1,-1,vabeach_shl_dawn_2,GPS_DATE,-1,-1,n_landing_river,GPS_DATE,-1,-1,vabeach_shl_sk,GPS_DATE,-1,-1,vabeach_shl_dawn_3,GPS_DATE,-1,-1;REMOTE "REMOTE" true true false 8 Text 0 0 ,First,#,vabeach_lubc_12,REMOTE,-1,-1,vabeach_shl_dawn_2,REMOTE,-1,-1,n_landing_river,REMOTE,-1,-1,vabeach_shl_sk,REMOTE,-1,-1,vabeach_shl_dawn_3,REMOTE,-1,-1;lu "lu" true true false 10 Text 0 0 ,First,#,vabeach_lubc_12,lu,-1,-1,vabeach_shl_dawn_2,lu,-1,-1,n_landing_river,lu,-1,-1,vabeach_shl_sk,lu,-1,-1,vabeach_shl_dawn_3,lu,-1,-1;TypeMarsh "TypeMarsh" true true false 50 Text 0 0 ,First,#,vabeach_lubc_12,TypeMarsh,-1,-1,vabeach_shl_dawn_2,TypeMarsh,-1,-1,n_landing_river,TypeMarsh,-1,-1,vabeach_shl_sk,TypeMarsh,-1,-1,vabeach_shl_dawn_3,TypeMarsh,-1,-1;Id "Id" true true false 6 Long 0 6 ,First,#,vabeach_lubc_12,Id,-1,-1,vabeach_shl_dawn_2,Id,-1,-1,n_landing_river,Id,-1,-1,vabeach_shl_sk,Id,-1,-1,vabeach_shl_dawn_3,Id,-1,-1"</Process><Process ToolSource="c:\program files (x86)\arcgis\desktop10.0\ArcToolbox\Toolboxes\Cartography Tools.tbx\SmoothLine" Date="20120516" Time="111740">SmoothLine vabeach_lubc_12_Merge1 C:\vabeach_tmi\vabeach_lubc_12_Smooth.shp PAEK "5 Meters" FIXED_CLOSED_ENDPOINT NO_CHECK</Process><Process ToolSource="C:\Program Files\ArcGIS\ArcToolbox\Toolboxes\Analysis Tools.tbx\Select" Date="20120807" Time="153709">Select vabeach_lubc_12_FINAL N:\cci\portfolios\vabeach_inv\base_shoreline\vabeach_NorthLanding_shl.shp #</Process><Process ToolSource="C:\Program Files\ArcGIS\ArcToolbox\Toolboxes\Conversion Tools.tbx\FeatureClassToFeatureClass" Date="20120807" Time="154357">FeatureClassToFeatureClass N:\cci\portfolios\vabeach_inv\base_shoreline\vabeach_NorthLanding_shl.shp "C:\Red Hen\Shoreline_Inventory.gdb\North_Landing" vabeach_NorthLanding_sstru # # # "C:\Red Hen\Shoreline_Inventory.gdb\North_Landing\vabeach_NorthLanding_sstru"</Process><Process ToolSource="C:\Program Files\ArcGIS\ArcToolbox\Toolboxes\Conversion Tools.tbx\FeatureClassToFeatureClass" Date="20120914" Time="100357">FeatureClassToFeatureClass N:\cci\Shoreline_Inventories\Inventories_In_Progress\VaBeach_inv\Final_Files\Individual_Sections\Shoreline_Inventory.gdb\North_Landing\vabeach_NorthLanding_sstru N:\cci\Shoreline_Inventories\Inventories_In_Progress\VaBeach_inv\Final_Files\Individual_Sections NorthLanding_sstru_12.shp # "Shape_Leng 'Shape_Length' false true true 8 Double 0 0 ,First,#,N:\cci\Shoreline_Inventories\Inventories_In_Progress\VaBeach_inv\Final_Files\Individual_Sections\Shoreline_Inventory.gdb\North_Landing\vabeach_NorthLanding_sstru,Shape_Length,-1,-1;STRUCTURE 'STRUCTURE' true true false 50 Text 0 0 ,First,#,N:\cci\Shoreline_Inventories\Inventories_In_Progress\VaBeach_inv\Final_Files\Individual_Sections\Shoreline_Inventory.gdb\North_Landing\vabeach_NorthLanding_sstru,STRUCTURE,-1,-1;REMOTE 'REMOTE' true true false 50 Text 0 0 ,First,#,N:\cci\Shoreline_Inventories\Inventories_In_Progress\VaBeach_inv\Final_Files\Individual_Sections\Shoreline_Inventory.gdb\North_Landing\vabeach_NorthLanding_sstru,REMOTE,-1,-1;Field_day 'Field_day' true true false 25 Text 0 0 ,First,#,N:\cci\Shoreline_Inventories\Inventories_In_Progress\VaBeach_inv\Final_Files\Individual_Sections\Shoreline_Inventory.gdb\North_Landing\vabeach_NorthLanding_sstru,Field_day,-1,-1" # N:\cci\Shoreline_Inventories\Inventories_In_Progress\VaBeach_inv\Final_Files\Individual_Sections\NorthLanding_sstru_12.shp</Process><Process ToolSource="C:\Program Files\ArcGIS\ArcToolbox\Toolboxes\Data Management Tools.tbx\Merge" Date="20120917" Time="142114">Merge N:\cci\Shoreline_Inventories\Inventories_In_Progress\VaBeach_inv\Final_Files\Individual_Sections\NorthLanding_sstru_12.shp;N:\cci\Shoreline_Inventories\Inventories_In_Progress\VaBeach_inv\Final_Files\Individual_Sections\North_RedHead_Back_Bays_sstru_12.shp;N:\cci\Shoreline_Inventories\Inventories_In_Progress\VaBeach_inv\Final_Files\Individual_Sections\lynn_sstru_12.shp;N:\cci\Shoreline_Inventories\Inventories_In_Progress\VaBeach_inv\Final_Files\Individual_Sections\LittleCreek_sstru_12.shp;N:\cci\Shoreline_Inventories\Inventories_In_Progress\VaBeach_inv\Final_Files\Individual_Sections\Elizabeth_River_sstru_12.shp;N:\cci\Shoreline_Inventories\Inventories_In_Progress\VaBeach_inv\Final_Files\Individual_Sections\CB_Ocean_shl_sstru_12.shp;N:\cci\Shoreline_Inventories\Inventories_In_Progress\VaBeach_inv\Final_Files\Individual_Sections\BroadBay_Rudee_sstru_12.shp N:\cci\Shoreline_Inventories\Inventories_In_Progress\VaBeach_inv\Final_Files\VABeach_sstru.shp "Shape_Leng 'Shape_Leng' true true false 19 Double 0 0 ,First,#,N:\cci\Shoreline_Inventories\Inventories_In_Progress\VaBeach_inv\Final_Files\Individual_Sections\NorthLanding_sstru_12.shp,Shape_Leng,-1,-1,N:\cci\Shoreline_Inventories\Inventories_In_Progress\VaBeach_inv\Final_Files\Individual_Sections\North_RedHead_Back_Bays_sstru_12.shp,Shape_Leng,-1,-1,N:\cci\Shoreline_Inventories\Inventories_In_Progress\VaBeach_inv\Final_Files\Individual_Sections\BroadBay_Rudee_sstru_12.shp,Shape_Leng,-1,-1;STRUCTURE 'STRUCTURE' true true false 50 Text 0 0 ,First,#,N:\cci\Shoreline_Inventories\Inventories_In_Progress\VaBeach_inv\Final_Files\Individual_Sections\NorthLanding_sstru_12.shp,STRUCTURE,-1,-1,N:\cci\Shoreline_Inventories\Inventories_In_Progress\VaBeach_inv\Final_Files\Individual_Sections\North_RedHead_Back_Bays_sstru_12.shp,STRUCTURE,-1,-1,N:\cci\Shoreline_Inventories\Inventories_In_Progress\VaBeach_inv\Final_Files\Individual_Sections\lynn_sstru_12.shp,STRUCTURE,-1,-1,N:\cci\Shoreline_Inventories\Inventories_In_Progress\VaBeach_inv\Final_Files\Individual_Sections\LittleCreek_sstru_12.shp,STRUCTURE,-1,-1,N:\cci\Shoreline_Inventories\Inventories_In_Progress\VaBeach_inv\Final_Files\Individual_Sections\Elizabeth_River_sstru_12.shp,STRUCTURE,-1,-1,N:\cci\Shoreline_Inventories\Inventories_In_Progress\VaBeach_inv\Final_Files\Individual_Sections\CB_Ocean_shl_sstru_12.shp,STRUCTURE,-1,-1,N:\cci\Shoreline_Inventories\Inventories_In_Progress\VaBeach_inv\Final_Files\Individual_Sections\BroadBay_Rudee_sstru_12.shp,STRUCTURE,-1,-1;REMOTE 'REMOTE' true true false 50 Text 0 0 ,First,#,N:\cci\Shoreline_Inventories\Inventories_In_Progress\VaBeach_inv\Final_Files\Individual_Sections\NorthLanding_sstru_12.shp,REMOTE,-1,-1,N:\cci\Shoreline_Inventories\Inventories_In_Progress\VaBeach_inv\Final_Files\Individual_Sections\North_RedHead_Back_Bays_sstru_12.shp,REMOTE,-1,-1,N:\cci\Shoreline_Inventories\Inventories_In_Progress\VaBeach_inv\Final_Files\Individual_Sections\LittleCreek_sstru_12.shp,REMOTE,-1,-1,N:\cci\Shoreline_Inventories\Inventories_In_Progress\VaBeach_inv\Final_Files\Individual_Sections\Elizabeth_River_sstru_12.shp,REMOTE,-1,-1,N:\cci\Shoreline_Inventories\Inventories_In_Progress\VaBeach_inv\Final_Files\Individual_Sections\CB_Ocean_shl_sstru_12.shp,REMOTE,-1,-1,N:\cci\Shoreline_Inventories\Inventories_In_Progress\VaBeach_inv\Final_Files\Individual_Sections\BroadBay_Rudee_sstru_12.shp,REMOTE,-1,-1;Field_day 'Field_day' true true false 25 Text 0 0 ,First,#,N:\cci\Shoreline_Inventories\Inventories_In_Progress\VaBeach_inv\Final_Files\Individual_Sections\NorthLanding_sstru_12.shp,Field_day,-1,-1,N:\cci\Shoreline_Inventories\Inventories_In_Progress\VaBeach_inv\Final_Files\Individual_Sections\North_RedHead_Back_Bays_sstru_12.shp,Field_day,-1,-1,N:\cci\Shoreline_Inventories\Inventories_In_Progress\VaBeach_inv\Final_Files\Individual_Sections\LittleCreek_sstru_12.shp,Field_day,-1,-1,N:\cci\Shoreline_Inventories\Inventories_In_Progress\VaBeach_inv\Final_Files\Individual_Sections\Elizabeth_River_sstru_12.shp,Field_day,-1,-1,N:\cci\Shoreline_Inventories\Inventories_In_Progress\VaBeach_inv\Final_Files\Individual_Sections\CB_Ocean_shl_sstru_12.shp,Field_day,-1,-1,N:\cci\Shoreline_Inventories\Inventories_In_Progress\VaBeach_inv\Final_Files\Individual_Sections\BroadBay_Rudee_sstru_12.shp,Field_day,-1,-1;LENGTH 'LENGTH' true true false 13 Float 0 0 ,First,#,N:\cci\Shoreline_Inventories\Inventories_In_Progress\VaBeach_inv\Final_Files\Individual_Sections\lynn_sstru_12.shp,LENGTH,-1,-1,N:\cci\Shoreline_Inventories\Inventories_In_Progress\VaBeach_inv\Final_Files\Individual_Sections\Elizabeth_River_sstru_12.shp,LENGTH,-1,-1;GPS_DATE 'GPS_DATE' true true false 8 Date 0 0 ,First,#,N:\cci\Shoreline_Inventories\Inventories_In_Progress\VaBeach_inv\Final_Files\Individual_Sections\lynn_sstru_12.shp,GPS_DATE,-1,-1,N:\cci\Shoreline_Inventories\Inventories_In_Progress\VaBeach_inv\Final_Files\Individual_Sections\Elizabeth_River_sstru_12.shp,GPS_Date,-1,-1,N:\cci\Shoreline_Inventories\Inventories_In_Progress\VaBeach_inv\Final_Files\Individual_Sections\BroadBay_Rudee_sstru_12.shp,GPS_DATE,-1,-1;GPS_Time 'GPS_Time' true true false 25 Text 0 0 ,First,#,N:\cci\Shoreline_Inventories\Inventories_In_Progress\VaBeach_inv\Final_Files\Individual_Sections\Elizabeth_River_sstru_12.shp,GPS_Time,-1,-1;Feat_Name 'Feat_Name' true true false 25 Text 0 0 ,First,#,N:\cci\Shoreline_Inventories\Inventories_In_Progress\VaBeach_inv\Final_Files\Individual_Sections\Elizabeth_River_sstru_12.shp,Feat_Name,-1,-1;Id 'Id' true true false 6 Long 0 6 ,First,#,N:\cci\Shoreline_Inventories\Inventories_In_Progress\VaBeach_inv\Final_Files\Individual_Sections\CB_Ocean_shl_sstru_12.shp,Id,-1,-1,N:\cci\Shoreline_Inventories\Inventories_In_Progress\VaBeach_inv\Final_Files\Individual_Sections\BroadBay_Rudee_sstru_12.shp,Id,-1,-1"</Process><Process ToolSource="C:\Program Files\ArcGIS\ArcToolbox\Toolboxes\Data Management Tools.tbx\Append" Date="20120917" Time="155936">Append vabeach_sstru_missingSHL VABeach_sstru NO_TEST "Shape_Leng 'Shape_Leng' true false false 19 Double 0 0 ,First,#;STRUCTURE 'STRUCTURE' true false false 50 Text 0 0 ,First,#;REMOTE 'REMOTE' true false false 50 Text 0 0 ,First,#,N:\cci\portfolios\vabeach_inv\base_shoreline\vabeach_sstru_missingSHL.shp,REMOTE,-1,-1;Field_day 'Field_day' true false false 25 Text 0 0 ,First,#;LENGTH 'LENGTH' true false false 13 Float 0 0 ,First,#,N:\cci\portfolios\vabeach_inv\base_shoreline\vabeach_sstru_missingSHL.shp,LENGTH,-1,-1;GPS_DATE 'GPS_DATE' true true false 8 Date 0 0 ,First,#,N:\cci\portfolios\vabeach_inv\base_shoreline\vabeach_sstru_missingSHL.shp,GPS_DATE,-1,-1;GPS_Time 'GPS_Time' true false false 25 Text 0 0 ,First,#;Feat_Name 'Feat_Name' true false false 25 Text 0 0 ,First,#;Id 'Id' true false false 6 Long 0 6 ,First,#,N:\cci\portfolios\vabeach_inv\base_shoreline\vabeach_sstru_missingSHL.shp,Id,-1,-1" # VABeach_sstru</Process><Process ToolSource="C:\Program Files (x86)\ArcGIS\Desktop10.0\ArcToolbox\Toolboxes\Data Management Tools.tbx\CalculateField" Date="20120919" Time="151810">CalculateField VABeach_sstru STRUCTURE "Bulkhead" VB #</Process><Process ToolSource="C:\Program Files (x86)\ArcGIS\Desktop10.0\ArcToolbox\Toolboxes\Data Management Tools.tbx\CalculateField" Date="20120919" Time="151948">CalculateField VABeach_sstru STRUCTURE "Debris" VB #</Process><Process ToolSource="C:\Program Files (x86)\ArcGIS\Desktop10.0\ArcToolbox\Toolboxes\Data Management Tools.tbx\CalculateField" Date="20120919" Time="152026">CalculateField VABeach_sstru STRUCTURE "Dilapidated Bulkhead" VB #</Process><Process ToolSource="C:\Program Files (x86)\ArcGIS\Desktop10.0\ArcToolbox\Toolboxes\Data Management Tools.tbx\CalculateField" Date="20120919" Time="152046">CalculateField VABeach_sstru STRUCTURE "Groin Field" VB #</Process><Process ToolSource="C:\Program Files (x86)\ArcGIS\Desktop10.0\ArcToolbox\Toolboxes\Data Management Tools.tbx\CalculateField" Date="20120919" Time="152119">CalculateField VABeach_sstru STRUCTURE "Marina &lt;50 slips" VB #</Process><Process ToolSource="C:\Program Files (x86)\ArcGIS\Desktop10.0\ArcToolbox\Toolboxes\Data Management Tools.tbx\CalculateField" Date="20120919" Time="152137">CalculateField VABeach_sstru STRUCTURE "Marina &gt;50 slips" VB #</Process><Process ToolSource="C:\Program Files (x86)\ArcGIS\Desktop10.0\ArcToolbox\Toolboxes\Data Management Tools.tbx\CalculateField" Date="20120919" Time="152205">CalculateField VABeach_sstru STRUCTURE "Marina &lt;50 slips" VB #</Process><Process ToolSource="C:\Program Files (x86)\ArcGIS\Desktop10.0\ArcToolbox\Toolboxes\Data Management Tools.tbx\CalculateField" Date="20120919" Time="152225">CalculateField VABeach_sstru STRUCTURE "Marsh Toe Revetment" VB #</Process><Process ToolSource="C:\Program Files (x86)\ArcGIS\Desktop10.0\ArcToolbox\Toolboxes\Data Management Tools.tbx\CalculateField" Date="20120919" Time="152301">CalculateField VABeach_sstru REMOTE "Yes" VB #</Process><Process ToolSource="c:\program files (x86)\arcgis\desktop10.0\ArcToolbox\Toolboxes\Data Management Tools.tbx\DeleteField" Date="20120919" Time="152506">DeleteField VABeach_sstru Shape_Leng;LENGTH;GPS_DATE;GPS_Time;Feat_Name;Id</Process><Process ToolSource="C:\Program Files (x86)\ArcGIS\Desktop10.0\ArcToolbox\Toolboxes\Data Management Tools.tbx\CalculateField" Date="20120919" Time="152730">CalculateField VABeach_sstru CurrentRef "VBMP 2011 imagery" VB #</Process><Process ToolSource="C:\Program Files (x86)\ArcGIS\Desktop10.0\ArcToolbox\Toolboxes\Data Management Tools.tbx\CalculateField" Date="20120919" Time="154042">CalculateField VABeach_sstru CurrentRef "2007 Inventory updated using VBMP 2011 imagery" VB #</Process><Process ToolSource="C:\Program Files (x86)\ArcGIS\Desktop10.0\ArcToolbox\Toolboxes\Data Management Tools.tbx\CalculateField" Date="20120920" Time="133934">CalculateField VABeach_sstru Field_day "5/12/2012" VB #</Process><Process ToolSource="C:\Program Files (x86)\ArcGIS\Desktop10.0\ArcToolbox\Toolboxes\Data Management Tools.tbx\CalculateField" Date="20120920" Time="134002">CalculateField VABeach_sstru Field_day "5/15/2012" VB #</Process><Process ToolSource="C:\Program Files (x86)\ArcGIS\Desktop10.0\ArcToolbox\Toolboxes\Data Management Tools.tbx\CalculateField" Date="20120920" Time="141804">CalculateField VABeach_sstru CurrentRef "VBMP 2009 imagery" VB #</Process><Process ToolSource="C:\Program Files (x86)\ArcGIS\Desktop10.0\ArcToolbox\Toolboxes\Data Management Tools.tbx\CalculateField" Date="20120920" Time="142603">CalculateField VABeach_sstru CurrentRef "VBMP 2009 imagery" VB #</Process><Process ToolSource="C:\Program Files (x86)\ArcGIS\Desktop10.0\ArcToolbox\Toolboxes\Data Management Tools.tbx\CalculateField" Date="20120920" Time="142612">CalculateField VABeach_sstru REMOTE "Yes" VB #</Process><Process ToolSource="C:\Program Files (x86)\ArcGIS\Desktop10.0\ArcToolbox\Toolboxes\Data Management Tools.tbx\CalculateField" Date="20120920" Time="142628">CalculateField VABeach_sstru STRUCTURE "Marina &lt;50 slips" VB #</Process></lineage><itemProps><itemName Sync="TRUE">vabeach_lubc_12_Smooth</itemName><imsContentType Sync="TRUE">002</imsContentType><itemSize Sync="TRUE">0.000</itemSize><itemLocation><linkage Sync="TRUE">file://\\ET-1423\C$\SharonK\VABeach_sstru</linkage><protocol Sync="TRUE">Local Area Network</protocol></itemLocation></itemProps><coordRef><type Sync="TRUE">Projected</type><geogcsn Sync="TRUE">GCS_North_American_1983</geogcsn><csUnits Sync="TRUE">Linear Unit: Meter (1.000000)</csUnits><projcsn Sync="TRUE">NAD_1983_UTM_Zone_18N</projcsn><peXml Sync="TRUE">&lt;ProjectedCoordinateSystem xsi:type='typens:ProjectedCoordinateSystem' xmlns:xsi='http://www.w3.org/2001/XMLSchema-instance' xmlns:xs='http://www.w3.org/2001/XMLSchema' xmlns:typens='http://www.esri.com/schemas/ArcGIS/10.0'&gt;&lt;WKT&gt;PROJCS[&amp;quot;NAD_1983_UTM_Zone_18N&amp;quot;,GEOGCS[&amp;quot;GCS_North_American_1983&amp;quot;,DATUM[&amp;quot;D_North_American_1983&amp;quot;,SPHEROID[&amp;quot;GRS_1980&amp;quot;,6378137.0,298.257222101]],PRIMEM[&amp;quot;Greenwich&amp;quot;,0.0],UNIT[&amp;quot;Degree&amp;quot;,0.0174532925199433]],PROJECTION[&amp;quot;Transverse_Mercator&amp;quot;],PARAMETER[&amp;quot;False_Easting&amp;quot;,500000.0],PARAMETER[&amp;quot;False_Northing&amp;quot;,0.0],PARAMETER[&amp;quot;Central_Meridian&amp;quot;,-75.0],PARAMETER[&amp;quot;Scale_Factor&amp;quot;,0.9996],PARAMETER[&amp;quot;Latitude_Of_Origin&amp;quot;,0.0],UNIT[&amp;quot;Meter&amp;quot;,1.0],AUTHORITY[&amp;quot;EPSG&amp;quot;,26918]]&lt;/WKT&gt;&lt;XOrigin&gt;-5120900&lt;/XOrigin&gt;&lt;YOrigin&gt;-9998100&lt;/YOrigin&gt;&lt;XYScale&gt;450445547.3910538&lt;/XYScale&gt;&lt;ZOrigin&gt;-100000&lt;/ZOrigin&gt;&lt;ZScale&gt;10000&lt;/ZScale&gt;&lt;MOrigin&gt;-100000&lt;/MOrigin&gt;&lt;MScale&gt;10000&lt;/MScale&gt;&lt;XYTolerance&gt;0.001&lt;/XYTolerance&gt;&lt;ZTolerance&gt;0.001&lt;/ZTolerance&gt;&lt;MTolerance&gt;0.001&lt;/MTolerance&gt;&lt;HighPrecision&gt;true&lt;/HighPrecision&gt;&lt;WKID&gt;26918&lt;/WKID&gt;&lt;/ProjectedCoordinateSystem&gt;</peXml></coordRef><copyHistory><copy source="L:\metadata_files\VABeach_sstru" dest="\\ET-1423\C$\SharonK\VABeach_sstru" date="20121102" time="10155300"></copy></copyHistory></DataProperties><ArcGISstyle>FGDC CSDGM Metadata</ArcGISstyle></Esri><dataIdInfo><envirDesc Sync="TRUE">Microsoft Windows Vista Version 6.1 (Build 7601) Service Pack 1; ESRI ArcCatalog 9.3.1.3000</envirDesc><dataLang><languageCode Sync="TRUE" value="en"></languageCode><countryCode value="USA" Sync="TRUE"></countryCode></dataLang><idCitation><resTitle Sync="TRUE">VABeach_sstru</resTitle><presForm><PresFormCd Sync="TRUE" value="005"></PresFormCd></presForm></idCitation><spatRpType><SpatRepTypCd Sync="TRUE" value="001"></SpatRepTypCd></spatRpType><dataExt><geoEle><GeoBndBox esriExtentType="native"><westBL Sync="TRUE">390484.012319</westBL><eastBL Sync="TRUE">422340.8649</eastBL><northBL Sync="TRUE">4088054.493626</northBL><southBL Sync="TRUE">4045351.4398</southBL><exTypeCode Sync="TRUE">1</exTypeCode></GeoBndBox></geoEle></dataExt><geoBox esriExtentType="decdegrees"><westBL Sync="TRUE">-76.22973</westBL><eastBL Sync="TRUE">-75.867718</eastBL><northBL Sync="TRUE">36.935339</northBL><southBL Sync="TRUE">36.547302</southBL><exTypeCode Sync="TRUE">1</exTypeCode></geoBox></dataIdInfo><mdLang><languageCode Sync="TRUE" value="en"></languageCode><countryCode value="USA" Sync="TRUE"></countryCode></mdLang><mdStanName Sync="TRUE">ISO 19115 Geographic Information - Metadata</mdStanName><mdStanVer Sync="TRUE">DIS_ESRI1.0</mdStanVer><mdChar><CharSetCd Sync="TRUE" value="004"></CharSetCd></mdChar><mdHrLv><ScopeCd Sync="TRUE" value="005"></ScopeCd></mdHrLv><mdHrLvName Sync="TRUE">dataset</mdHrLvName><distInfo><distributor><distorTran><onLineSrc><orDesc Sync="TRUE">002</orDesc><linkage Sync="TRUE">file://\\139.70.26.249\ccrm\cci\Shoreline_Inventories\Inventories_In_Progress\VaBeach_inv\Final_Files\VABeach_sstru.shp</linkage><protocol Sync="TRUE">Local Area Network</protocol></onLineSrc><transSize Sync="TRUE">14.821</transSize></distorTran><distorFormat><formatName Sync="TRUE">Shapefile</formatName></distorFormat></distributor><distFormat><formatName Sync="TRUE">Shapefile</formatName></distFormat><distTranOps><transSize Sync="TRUE">0.000</transSize></distTranOps></distInfo><spdoinfo><direct Sync="TRUE">Vector</direct><ptvctinf><esriterm Name="VABeach_sstru"><efeatyp Sync="TRUE">Simple</efeatyp><efeageom code="3" Sync="TRUE">Polyline</efeageom><esritopo Sync="TRUE">FALSE</esritopo><efeacnt Sync="TRUE">4941</efeacnt><spindex Sync="TRUE">TRUE</spindex><linrefer Sync="TRUE">FALSE</linrefer></esriterm><sdtsterm Name="VABeach_sstru"><sdtstype Sync="TRUE">String</sdtstype><ptvctcnt Sync="TRUE">4941</ptvctcnt></sdtsterm></ptvctinf></spdoinfo><spref><horizsys><cordsysn><geogcsn Sync="TRUE">GCS_North_American_1983</geogcsn><projcsn Sync="TRUE">NAD_1983_UTM_Zone_18N</projcsn></cordsysn><planar><planci><plance Sync="TRUE">coordinate pair</plance><plandu Sync="TRUE">meters</plandu><coordrep><absres Sync="TRUE">0.000000</absres><ordres Sync="TRUE">0.000000</ordres></coordrep></planci><gridsys><gridsysn Sync="TRUE">Universal Transverse Mercator</gridsysn><utm><utmzone Sync="TRUE">18</utmzone><transmer><sfctrmer Sync="TRUE">0.999600</sfctrmer><longcm Sync="TRUE">-75.000000</longcm><latprjo Sync="TRUE">0.000000</latprjo><feast Sync="TRUE">500000.000000</feast><fnorth Sync="TRUE">0.000000</fnorth></transmer></utm></gridsys></planar><geodetic><horizdn Sync="TRUE">North American Datum of 1983</horizdn><ellips Sync="TRUE">Geodetic Reference System 80</ellips><semiaxis Sync="TRUE">6378137.000000</semiaxis><denflat Sync="TRUE">298.257222</denflat></geodetic></horizsys><vertdef><altsys><altenc Sync="TRUE">Explicit elevation coordinate included with horizontal coordinates</altenc><altres Sync="TRUE">0.000100</altres></altsys></vertdef></spref><refSysInfo><RefSystem><refSysID><identCode Sync="TRUE" value="26918">NAD_1983_UTM_Zone_18N</identCode><idCodeSpace Sync="TRUE">EPSG</idCodeSpace><idVersion Sync="TRUE">7.4.1</idVersion></refSysID></RefSystem></refSysInfo><spatRepInfo><VectSpatRep><topLvl><TopoLevCd value="001" Sync="TRUE"></TopoLevCd></topLvl><geometObjs Name="VABeach_sstru"><geoObjTyp><GeoObjTypCd Sync="TRUE" value="001"></GeoObjTypCd></geoObjTyp><geoObjCnt Sync="TRUE">4941</geoObjCnt></geometObjs></VectSpatRep></spatRepInfo><mdDateSt Sync="TRUE">20121101</mdDateSt></metadata>
