<?xml version="1.0"?>
<!--<!DOCTYPE metadata SYSTEM "http://www.esri.com/metadata/esriprof80.dtd">-->
<metadata xml:lang="en"><Esri><CreaDate>20130417</CreaDate><CreaTime>10005600</CreaTime><SyncOnce>FALSE</SyncOnce><SyncDate>20130501</SyncDate><SyncTime>14362900</SyncTime><ModDate>20130501</ModDate><ModTime>14362900</ModTime><DataProperties><itemProps><itemLocation><linkage Sync="TRUE">file://\\139.70.26.251\ccrm\cci\portfolios\IndianRiver\indianrvr_portfolio\IndianRiver_Final_Shapefiles\indriv_lubc</linkage><protocol Sync="TRUE">Local Area Network</protocol></itemLocation></itemProps><copyHistory><copy source="N:\cci\portfolios\IndianRiver\indianrvr_portfolio\indriv_lubc" dest="\\139.70.26.251\ccrm\cci\portfolios\IndianRiver\indianrvr_portfolio\IndianRiver_Final_Shapefiles\indriv_lubc" date="20130417" time="10005600"></copy></copyHistory><lineage><Process ToolSource="C:\Program Files (x86)\ArcGIS\Desktop10.0\ArcToolbox\Toolboxes\Data Management Tools.tbx\CalculateField" Date="20130417" Time="100513">CalculateField indriv_lubc Ero_Orig [EROSION] VB #</Process><Process ToolSource="C:\Program Files (x86)\ArcGIS\Desktop10.0\ArcToolbox\Toolboxes\Data Management Tools.tbx\CalculateField" Date="20130417" Time="100558">CalculateField indriv_lubc EROSION [Ero_Orig] VB #</Process><Process ToolSource="C:\Program Files (x86)\ArcGIS\Desktop10.0\ArcToolbox\Toolboxes\Data Management Tools.tbx\CalculateField" Date="20130417" Time="100635">CalculateField indriv_lubc EROSION "Erosional" VB #</Process><Process ToolSource="C:\Program Files (x86)\ArcGIS\Desktop10.0\ArcToolbox\Toolboxes\Data Management Tools.tbx\CalculateField" Date="20130417" Time="100723">CalculateField indriv_lubc EROSION "Stable" VB #</Process><Process ToolSource="C:\Program Files (x86)\ArcGIS\Desktop10.0\ArcToolbox\Toolboxes\Data Management Tools.tbx\CalculateField" Date="20130417" Time="100804">CalculateField indriv_lubc EROSION "Undercut" VB #</Process><Process ToolSource="C:\Program Files (x86)\ArcGIS\Desktop10.0\ArcToolbox\Toolboxes\Data Management Tools.tbx\CalculateField" Date="20130417" Time="101118">CalculateField indriv_lubc HEIGHT "0-5 feet" VB #</Process><Process ToolSource="C:\Program Files (x86)\ArcGIS\Desktop10.0\ArcToolbox\Toolboxes\Data Management Tools.tbx\CalculateField" Date="20130417" Time="101140">CalculateField indriv_lubc HEIGHT "10-30 feet" VB #</Process><Process ToolSource="C:\Program Files (x86)\ArcGIS\Desktop10.0\ArcToolbox\Toolboxes\Data Management Tools.tbx\CalculateField" Date="20130417" Time="101210">CalculateField indriv_lubc HEIGHT "5-10 feet" VB #</Process><Process ToolSource="C:\Program Files (x86)\ArcGIS\Desktop10.0\ArcToolbox\Toolboxes\Data Management Tools.tbx\CalculateField" Date="20130417" Time="101956">CalculateField indriv_lubc Field_day "June 26, 2006" VB #</Process><Process ToolSource="C:\Program Files (x86)\ArcGIS\Desktop10.0\ArcToolbox\Toolboxes\Data Management Tools.tbx\CalculateField" Date="20130417" Time="102016">CalculateField indriv_lubc Field_day "June 27, 2006" VB #</Process><Process ToolSource="C:\Program Files (x86)\ArcGIS\Desktop10.0\ArcToolbox\Toolboxes\Data Management Tools.tbx\CalculateField" Date="20130417" Time="102049">CalculateField indriv_lubc Field_day "June 28, 2006" VB #</Process><Process ToolSource="C:\Program Files\ArcGIS\Desktop10.0\ArcToolbox\Toolboxes\Data Management Tools.tbx\CalculateField" Date="20130425" Time="111046">CalculateField indriv_lubc BEACH "Yes" VB #</Process><Process ToolSource="C:\Program Files\ArcGIS\Desktop10.0\ArcToolbox\Toolboxes\Data Management Tools.tbx\CalculateField" Date="20130425" Time="111250">CalculateField indriv_lubc TREE_FRING " " VB #</Process><Process ToolSource="C:\Program Files\ArcGIS\Desktop10.0\ArcToolbox\Toolboxes\Data Management Tools.tbx\CalculateField" Date="20130425" Time="111330">CalculateField indriv_lubc TREE_FRING "Yes" VB #</Process><Process ToolSource="C:\Program Files\ArcGIS\ArcToolbox\Toolboxes\Data Management Tools.tbx\DeleteField" Date="20130501" Time="141454">DeleteField indriv_lubc FNODE_;TNODE_;LPOLY_;RPOLY_;INDRIV_LUB;INDRIV_L_1 indriv_lubc</Process></lineage></DataProperties></Esri><idinfo><native Sync="TRUE">Microsoft Windows Vista Version 6.1 (Build 7601) Service Pack 1; ESRI ArcCatalog 9.3.1.3500</native><descript><langdata>English</langdata><abstract>Shoreline Situation Reports (SSR) report conditions and status of shore lands.  The reports are intended to assist planners, managers, and regulators in decisions pertaining to management of coastal areas and natural resources therein.  Data collected describes conditions in the immediate riparian zone, the bank, and along the shore.</abstract><purpose>To inventory the Indian River, Delaware tidal shoreline conditions.</purpose><supplinf>The data set is a line feature dataset containing data about land use, bank height, bank cover, erosion, marsh and beach status along the shoreline.  The attributes of this dataset is explained in its metadata file.</supplinf></descript><citation><citeinfo><origin>Comprehensive Coastal Inventory, Virginia Institute of Marine Science</origin><pubdate>2007</pubdate><title>Indian River, Delaware Shoreline Situation Report</title><ftname Sync="TRUE">indriv_lubc</ftname><geoform Sync="TRUE">vector digital data</geoform><onlink>http://ccrm.vims.edu/gis_data_maps/shoreline_inventories/index.html</onlink></citeinfo></citation><timeperd><current>Ground condition at time of survey.</current><timeinfo><rngdates><begdate>20060626</begdate><enddate>20060628</enddate></rngdates></timeinfo></timeperd><status><progress>Complete</progress><update>None planned</update></status><spdom><bounding><westbc Sync="TRUE">-75.291015</westbc><eastbc Sync="TRUE">-75.058856</eastbc><northbc Sync="TRUE">38.624523</northbc><southbc Sync="TRUE">38.538478</southbc></bounding><lboundng><leftbc Sync="TRUE">474667.750000</leftbc><rightbc Sync="TRUE">494870.625000</rightbc><bottombc Sync="TRUE">4265603.000003</bottombc><topbc Sync="TRUE">4275112.500004</topbc></lboundng></spdom><keywords><theme><themekt>none</themekt><themekey>Shoreline condition</themekey></theme><place><placekey>Indian River</placekey><placekey>Delaware</placekey><placekt>none</placekt></place><stratum><stratkt>none</stratkt><stratkey>Delaware</stratkey></stratum></keywords><accconst>None</accconst><useconst>This data should not be used for jurisdictional permit determinations beyond providing general shoreline condition or status information.  This data has not been surveyed to property boundaries.</useconst><natvform Sync="TRUE">Shapefile</natvform><datacred>Collection of data would not have been possible without the cooperation of VIMS Vessel Center.  The following CCRM staff participated in the data collection and/or processing :  Marcia Berman, Dave O'Brien, Sharon Killeen, Tamia Rudnicky, and Karinna Nunez.</datacred><ptcontac><cntinfo><cntperp><cntper>Marcia Berman</cntper><cntorg>Virginia Institute of Marine Science</cntorg></cntperp><cntpos>Director Comprehensive Coastal Inventory</cntpos><cntvoice>(804) 684-7188</cntvoice><cntfax>(804) 684-7179</cntfax><cntemail>marcia@vims.edu</cntemail></cntinfo></ptcontac></idinfo><dataIdInfo><envirDesc Sync="TRUE">Microsoft Windows Vista Version 6.1 (Build 7601) Service Pack 1; ESRI ArcCatalog 9.3.1.3500</envirDesc><dataLang><languageCode Sync="TRUE" value="en"></languageCode></dataLang><idCitation><resTitle Sync="TRUE">indriv_lubc</resTitle><presForm><PresFormCd Sync="TRUE" value="005"></PresFormCd></presForm></idCitation><spatRpType><SpatRepTypCd Sync="TRUE" value="001"></SpatRepTypCd></spatRpType><dataExt><geoEle><GeoBndBox esriExtentType="native"><westBL Sync="TRUE">474667.75</westBL><eastBL Sync="TRUE">494870.625</eastBL><northBL Sync="TRUE">4275112.500004</northBL><southBL Sync="TRUE">4265603.000003</southBL><exTypeCode Sync="TRUE">1</exTypeCode></GeoBndBox></geoEle></dataExt><geoBox esriExtentType="decdegrees"><westBL Sync="TRUE">-75.291015</westBL><eastBL Sync="TRUE">-75.058856</eastBL><northBL Sync="TRUE">38.624523</northBL><southBL Sync="TRUE">38.538478</southBL><exTypeCode Sync="TRUE">1</exTypeCode></geoBox></dataIdInfo><metainfo><langmeta>English</langmeta><metstdn Sync="TRUE">FGDC Content Standards for Digital Geospatial Metadata</metstdn><metstdv Sync="TRUE">FGDC-STD-001-1998</metstdv><mettc Sync="TRUE">local time</mettc><metc><cntinfo><cntaddr><addrtype>1208 Greate Road</addrtype><city>Gloucester Point</city><state>Virginia</state><postal>23062</postal><country>USA</country></cntaddr><cntvoice>(804)684-7534</cntvoice><cntpos>GIS Programmer/Analyst</cntpos><cntperp><cntper>Sharon Killeen</cntper><cntorg>Virginia Institute of Marine Science</cntorg></cntperp></cntinfo></metc><metd Sync="TRUE">20130501</metd><metextns><onlink Sync="TRUE">http://www.esri.com/metadata/esriprof80.html</onlink><metprof Sync="TRUE">ESRI Metadata Profile</metprof></metextns></metainfo><mdLang><languageCode Sync="TRUE" value="en"></languageCode></mdLang><mdStanName Sync="TRUE">ISO 19115 Geographic Information - Metadata</mdStanName><mdStanVer Sync="TRUE">DIS_ESRI1.0</mdStanVer><mdChar><CharSetCd Sync="TRUE" value="004"></CharSetCd></mdChar><mdHrLv><ScopeCd Sync="TRUE" value="005"></ScopeCd></mdHrLv><mdHrLvName Sync="TRUE">dataset</mdHrLvName><distinfo><resdesc Sync="TRUE">Downloadable Data</resdesc><stdorder><digform><digtinfo><transize Sync="TRUE">0.362</transize><dssize Sync="TRUE">0.362</dssize></digtinfo></digform></stdorder></distinfo><distInfo><distributor><distorTran><onLineSrc><orDesc Sync="TRUE">002</orDesc><linkage Sync="TRUE">file://\\139.70.26.251\ccrm\cci\portfolios\IndianRiver\indianrvr_portfolio\IndianRiver_Final_Shapefiles\indriv_lubc.shp</linkage><protocol Sync="TRUE">Local Area Network</protocol></onLineSrc><transSize Sync="TRUE">0.362</transSize></distorTran><distorFormat><formatName Sync="TRUE">Shapefile</formatName></distorFormat></distributor></distInfo><spdoinfo><direct Sync="TRUE">Vector</direct><ptvctinf><esriterm Name="indriv_lubc"><efeatyp Sync="TRUE">Simple</efeatyp><efeageom Sync="TRUE">Polyline</efeageom><esritopo Sync="TRUE">FALSE</esritopo><efeacnt Sync="TRUE">959</efeacnt><spindex Sync="TRUE">FALSE</spindex><linrefer Sync="TRUE">FALSE</linrefer></esriterm><sdtsterm Name="indriv_lubc"><sdtstype Sync="TRUE">String</sdtstype><ptvctcnt Sync="TRUE">959</ptvctcnt></sdtsterm></ptvctinf></spdoinfo><spatRepInfo><VectSpatRep><topLvl><TopoLevCd Sync="TRUE" value="001"></TopoLevCd></topLvl><geometObjs Name="indriv_lubc"><geoObjTyp><GeoObjTypCd Sync="TRUE" value="001"></GeoObjTypCd></geoObjTyp><geoObjCnt Sync="TRUE">959</geoObjCnt></geometObjs></VectSpatRep></spatRepInfo><eainfo><detailed Name="indriv_lubc"><enttyp><enttypl Sync="TRUE">indriv_lubc</enttypl><enttypt Sync="TRUE">Feature Class</enttypt><enttypc Sync="TRUE">959</enttypc></enttyp><attr><attrlabl Sync="TRUE">FID</attrlabl><attalias Sync="TRUE">FID</attalias><attrtype Sync="TRUE">OID</attrtype><attwidth Sync="TRUE">4</attwidth><atprecis Sync="TRUE">0</atprecis><attscale Sync="TRUE">0</attscale><attrdef Sync="TRUE">Internal feature number.</attrdef><attrdefs Sync="TRUE">ESRI</attrdefs><attrdomv><udom Sync="TRUE">Sequential unique whole numbers that are automatically generated.</udom></attrdomv></attr><attr><attrlabl Sync="TRUE">Shape</attrlabl><attalias Sync="TRUE">Shape</attalias><attrtype Sync="TRUE">Geometry</attrtype><attwidth Sync="TRUE">0</attwidth><atprecis Sync="TRUE">0</atprecis><attscale Sync="TRUE">0</attscale><attrdef Sync="TRUE">Feature geometry.</attrdef><attrdefs Sync="TRUE">ESRI</attrdefs><attrdomv><udom Sync="TRUE">Coordinates defining the features.</udom></attrdomv></attr><attr><attrlabl Sync="TRUE">LENGTH</attrlabl><attalias Sync="TRUE">LENGTH</attalias><attrtype Sync="TRUE">Float</attrtype><attwidth Sync="TRUE">19</attwidth><atnumdec Sync="TRUE">11</atnumdec></attr><attr><attrlabl Sync="TRUE">TREE_FRING</attrlabl><attalias Sync="TRUE">TREE_FRING</attalias><attrtype Sync="TRUE">String</attrtype><attwidth Sync="TRUE">20</attwidth></attr><attr><attrlabl Sync="TRUE">HEIGHT</attrlabl><attalias Sync="TRUE">HEIGHT</attalias><attrtype Sync="TRUE">String</attrtype><attwidth Sync="TRUE">20</attwidth></attr><attr><attrlabl Sync="TRUE">COVER</attrlabl><attalias Sync="TRUE">COVER</attalias><attrtype Sync="TRUE">String</attrtype><attwidth Sync="TRUE">20</attwidth></attr><attr><attrlabl Sync="TRUE">EROSION</attrlabl><attalias Sync="TRUE">EROSION</attalias><attrtype Sync="TRUE">String</attrtype><attwidth Sync="TRUE">20</attwidth></attr><attr><attrlabl Sync="TRUE">MARSH</attrlabl><attalias Sync="TRUE">MARSH</attalias><attrtype Sync="TRUE">String</attrtype><attwidth Sync="TRUE">20</attwidth></attr><attr><attrlabl Sync="TRUE">PHRAG</attrlabl><attalias Sync="TRUE">PHRAG</attalias><attrtype Sync="TRUE">String</attrtype><attwidth Sync="TRUE">20</attwidth></attr><attr><attrlabl Sync="TRUE">BEACH</attrlabl><attalias Sync="TRUE">BEACH</attalias><attrtype Sync="TRUE">String</attrtype><attwidth Sync="TRUE">20</attwidth></attr><attr><attrlabl Sync="TRUE">FEATURE</attrlabl><attalias Sync="TRUE">FEATURE</attalias><attrtype Sync="TRUE">String</attrtype><attwidth Sync="TRUE">25</attwidth></attr><attr><attrlabl Sync="TRUE">Ero_Orig</attrlabl><attalias Sync="TRUE">Ero_Orig</attalias><attrtype Sync="TRUE">String</attrtype><attwidth Sync="TRUE">20</attwidth></attr><attr><attrlabl Sync="TRUE">REMOTE</attrlabl><attalias Sync="TRUE">REMOTE</attalias><attrtype Sync="TRUE">String</attrtype><attwidth Sync="TRUE">25</attwidth></attr><attr><attrlabl Sync="TRUE">Field_day</attrlabl><attalias Sync="TRUE">Field_day</attalias><attrtype Sync="TRUE">String</attrtype><attwidth Sync="TRUE">30</attwidth></attr></detailed><overview><eaover>Below is a listing of the attributes found in this shapefile (_lubc).   Indriv_lubc contains the following items; FEATURE or land use, has the following values:  ' ' = no data, Agriculture, Bare, Commercial, Forest, Grass, Industrial, Paved, Residential, and Scrub-shrub.   HEIGHT and BANK_HGT_ are bank height with ' ' = no data, 0-5 feet, 5-10 feet, 10-30 feet, and greater than 30 feet. COVER and BANK_COVER describe the bank cover with values of ' ' = no data, bare or less tha 25% covered, partial coverage (25-75% coverage),  and full  coverage (greater than 75% coverage).  EROSION is the bank erosion condition.  Values can be ' ' for no data, low erosion, high erosion, and undercut.  MARSH provides information on the type of marsh present; extensive, embayed or fringe (a strip of marsh vegetation extending along the shoreline).  BEACH with the value 'yes' indicates the presence of beach.  TREE_FRING with the value of 'yes' indicates there is a narrow band of trees growing on the bank.  PHRAG with the value of 'yes' indicates the presence of Phragmites Australis.  GPS_DATE holds the date of data collected.</eaover></overview></eainfo><mdDateSt Sync="TRUE">20130501</mdDateSt><spref><horizsys><cordsysn><geogcsn Sync="TRUE">GCS_North_American_1983</geogcsn><projcsn Sync="TRUE">NAD_1983_UTM_Zone_18N</projcsn></cordsysn><planar><planci><plance Sync="TRUE">coordinate pair</plance><plandu Sync="TRUE">meters</plandu><coordrep><absres Sync="TRUE">0.000000</absres><ordres Sync="TRUE">0.000000</ordres></coordrep></planci><gridsys><gridsysn Sync="TRUE">Universal Transverse Mercator</gridsysn><utm><utmzone Sync="TRUE">18</utmzone><transmer><sfctrmer Sync="TRUE">0.999600</sfctrmer><longcm Sync="TRUE">-75.000000</longcm><latprjo Sync="TRUE">0.000000</latprjo><feast Sync="TRUE">500000.000000</feast><fnorth Sync="TRUE">0.000000</fnorth></transmer></utm></gridsys></planar><geodetic><horizdn Sync="TRUE">North American Datum of 1983</horizdn><ellips Sync="TRUE">Geodetic Reference System 80</ellips><semiaxis Sync="TRUE">6378137.000000</semiaxis><denflat Sync="TRUE">298.257222</denflat></geodetic></horizsys></spref><refSysInfo><RefSystem><refSysID><identCode Sync="TRUE">NAD_1983_UTM_Zone_18N</identCode></refSysID></RefSystem></refSysInfo><dataqual><logic>Chain-node topology present.  Linear coverage was built for line.</logic><complete>Indian River Shoreline was surveyed from Indian River Inlet around to Long Neck and Burton's Island and back to the Inlet.</complete><posacc><horizpa><horizpar>Land use was recorded with a GPS unit as the boat moved along the shoreline.  Data was transferred from the GPS boat track to an existing shoreline coverage by projecting data to the shoreline at a 90 degree angle from the boat track.  Rectified digital orthophoto quads were used as a backround coverage to aid in data positioning.  Land use features were placed along the shore so changes in land use were coincident with changes illustrated in the imagery.  Positional accuracy for data that has been corrected with imagery is 2 meters (equivalent to image resolution).  Accuracy was determined by comparing digitally processed data locations to onsite GPS ground surveys collected at random.</horizpar></horizpa></posacc><attracc><attraccr>The attributes were compared to original GPS data logs for accuracy.  Errors were corrected where noted.</attraccr></attracc><lineage><srcinfo><typesrc>color infra-red digital imagery</typesrc><srccitea>DOQ</srccitea><srccontr>Serves as a background coverage in the map portfolios.  Used to accurately position land use and cover data.  </srccontr></srcinfo><procstep><procdesc>Data was collected by a two-person field crew (one data collector and one boat operator/data collector) using two hand-held GeoExplorer GPS units,  while navigating along the shoreline.  A data dictionary designed for the inventory was installed on each GPS unit.  The data collector records natural features including land use, bank height, bank cover, presence of marsh, beach, and Phragmites Australis, tree fringe, and shoreline stability.  The boat operator collects data on the hardened structures: riprap, bulkheads, docks, boat ramps, etc.  Point features (docks, boathouses, ramps) were surveyed with a 10 second observation recorded at 1 reading/second.  Linear features were surveyed kinematically at a rate of one observation ervery 3 seconds.  Data collection began 6/26/2006 and ended 6/28/2006.</procdesc><procdate>2006</procdate></procstep><procstep><procdesc>Data from the GPS units were postprocessed on a PC with Trimble Pathfinder Office software.  Postprocessing included differential correction using data collected at various CORS  (continuously operating reference stations) sites.  Corrected data is converted into shapefiles for further processing.</procdesc><procdate>2006</procdate></procstep><procstep><procdesc>ArcMap 9.1 software on a PC was used to attribute the base shoreline.  Boat-track points and arcs, DOQ imagery, and the base shoreline were displayed in ArcMap.  Shoreline arcs were split using the edit tool and the spatial adjustment attribute transfer tool was used to move the attributes from the boat track to the shoreline.  Arcs were split on and points were moved to locations on the shoreline that were perpendicular to the original locations on the boat-track.  Geodatabase features were visually checked for attribute accuracy between coded shoreline and boat-track.</procdesc><procdate>2006</procdate></procstep><procstep><procdesc>Twelve 1:12,000 scale plates were created for Indian River.  Each plate shows 3 maps:  riparian land use, bank and buffer conditions, and shoreline features.  DOQQ imagery is displayed in the background to provide users with additional information.  Maps are created using ArcMap software.</procdesc><procdate>2006</procdate></procstep><procstep><procdesc>Data received a final check in hard copy format.  Changes were made as necessary to data.</procdesc><procdate>2006</procdate></procstep></lineage></dataqual></metadata>
