<?xml version="1.0" encoding="ISO-8859-1"?>
<metadata>
	<idinfo>
		<citation>
			<citeinfo>
				<origin>Comprehensive Coastal Inventory Program</origin>
				<pubdate>2007</pubdate>
				<title>Lynnhaven Bay, Virginia Shoreline Structures 2007</title>
				<geoform Sync="TRUE">vector digital data</geoform>
				<pubinfo>
					<pubplace>Gloucester Point, Virginia</pubplace>
					<publish>Virginia Institute of Marine Science</publish>
				</pubinfo>
				<ftname Sync="TRUE">lynn_sstru</ftname><onlink Sync="TRUE">\\139.70.26.250\ccrm\cci\portfolios\lynnhaven_portfolio\lynnhaven_final_shapefiles\lynn_sstru.shp</onlink></citeinfo>
		</citation>
		<descript>
			<abstract>Shoreline Situation Reports (SSR) were first generated by VIMS in the 1970's to report the condition and status of the shore lands.  The SSR series were published in hardcopy on a county by county basis for each of the Tidewater Virginia localities.  The reports were intended to assist planners, managers, and regulators in decisions pertaining to management of coastal areas and natural resources therein.  This report continues the process which updates and expands earlier reports.  Data collected describes conditions in the immediate riparian zone, the bank, and along the shore.</abstract>
			<purpose>To inventory Virginia's tidal shoreline conditions.</purpose>
			<langdata Sync="TRUE">en</langdata></descript>
		<timeperd>
			<timeinfo>
				<rngdates>
					<begdate>9/21/2006</begdate>
					<enddate>6/1/2007</enddate>
				</rngdates>
			</timeinfo>
			<current>Ground condition at time of survey</current>
		</timeperd>
		<status>
			<progress>Complete</progress>
			<update>None planned</update>
		</status>
		<keywords>
			<theme>
				<themekt>none</themekt>
				<themekey>Bulkhead</themekey>
				<themekey>Dilapidated bulkhead</themekey>
				<themekey>Riprap</themekey>
				<themekey>Unconventional</themekey>
				<themekey>Debris</themekey>
				<themekey>Groin field</themekey>
				<themekey>Breakwater</themekey>
				<themekey>Marina</themekey>
				<themekey>Marsh toe revetment</themekey>
				<themekey>Wharf</themekey>
				<themekey>Jetty</themekey>
			</theme>
			<place>
				<placekey>Virginia</placekey>
				<placekey>Lynnhaven Bay</placekey>
			</place>
		</keywords>
		<accconst>none</accconst>
		<useconst>These data should not be used for jurisdictional permit determinations beyond providing general shoreline condition or status information.  These data have not been surveyed to property boundaries.</useconst>
		<ptcontac>
			<cntinfo>
				<cntperp>
					<cntper>Marcia Berman</cntper>
					<cntorg>Virginia Institute of Marine Science  (VIMS)</cntorg>
				</cntperp>
				<cntpos>Director Comprehensive Coastal Inventory Progran</cntpos>
				<cntaddr>
					<addrtype>mailing address</addrtype>
					<address>P.O. Box 1346</address>
					<city>Gloucester Point</city>
					<state>Virginia</state>
					<postal>23062</postal>
					<country>USA</country>
				</cntaddr>
				<cntvoice>(804) 684-7188</cntvoice>
				<cntfax>(804) 684-7179</cntfax>
				<cntemail>Marcia@vims.edu</cntemail>
			</cntinfo>
		</ptcontac>
		<datacred>Collection of the data would not be possible without the cooperation of VIMS Vessel Center.  The following CCI staff participated in the data collection and processing:  Marcia Berman, Harry Berquist, Sharon Killeen, Karinna Nunez, Tami Rudnicky, and Dan Schatt.</datacred>
		<native Sync="TRUE">Microsoft Windows XP Version 5.1 (Build 2600) Service Pack 2; ESRI ArcCatalog 9.2.0.1324</native>
		<spdom><bounding><westbc Sync="TRUE">-76.137719</westbc><eastbc Sync="TRUE">-76.048109</eastbc><northbc Sync="TRUE">36.908503</northbc><southbc Sync="TRUE">36.816108</southbc></bounding><lboundng><leftbc Sync="TRUE">398646.093750</leftbc><rightbc Sync="TRUE">406518.750000</rightbc><bottombc Sync="TRUE">4075075.250000</bottombc><topbc Sync="TRUE">4085236.500000</topbc></lboundng></spdom><natvform Sync="TRUE">Shapefile</natvform></idinfo>
	<dataqual>
		<logic>Chain-node topology present.  Linear coverages were built for line and point coverages were built for point.</logic>
		<complete>All Lynnhaven Bay shoreline that has a minimum depth of 2 feet at mean low water was surveyed.  Areas inaccessible by boat have been remotely surveyed (land use, marsh, beach, and structures coded by looking at the digital VBMP imagery.</complete>
		<posacc>
			<horizpa>
				<horizpar>Shoreline structures were recorded with a GPS unit as the boat moved along the shoreline.  Data was transferred from the GPS boat track to an existing digital shoreline coverage by projecting data to the shoreline at a 90 degree angle from the boat track.  Rectified digital imagery was used as a background coverage to aid in data positioning.  Positional accuracy for data that has been corrected with imagery is 2 meters (equivalent to image resolution).  Data not visible on the imagery (bulkhead, riprap, etc,) has a positional accuracy of 11 meters.  Accuracy was determined by comparing digitally processed data locations to onsite GPS ground surveys collected at the time.</horizpar>
			</horizpa>
		</posacc>
		<lineage>
			<srcinfo>
				<srccite>
					<citeinfo>
						<origin>Virginia Geographic Information Network (VGIN)</origin>
						<pubdate>2003</pubdate>
						<title>Virginia Base Mapping Program (VBMP)</title>
						<pubinfo>
							<pubplace>Richmond, Virginia</pubplace>
							<publish>Virginia Geographic Information Network</publish>
						</pubinfo>
					</citeinfo>
				</srccite>
				<srcscale>4800</srcscale>
				<typesrc>DVD</typesrc>
				<srccitea>VBMP</srccitea>
				<srccontr>Serves as a background image in the map portfolios.  Provides a new digital shoreline coverage that serves as the base shoreline for shoreline conditions.</srccontr>
			</srcinfo>
			<procstep>
				<procdesc>Data was collected by a two-person field crew (both collecting data and one driving the boat) using  hand held Trimble GeoExplorers and GeoXT GPS Units, While navigating along the shoreline.  The boat handler collects the hardened structures and the access structures (docks/piers, boathouses, outfalls, and public and private ramps).  The other person is collecting the land use/land cover data.  Point features were surveyed with a 5 second observation recorded at 1 reading/second.</procdesc>
				<procdate>2007</procdate>
			</procstep>
			<procstep>
				<procdesc>Data from the GPS units were postprocessed on a PC with Trimble Pathfinder Office software.  Postprocessing included differential correction using CORS (Continuous Operating Reference Stations) data.  Corrected data is converted into ArcInfo shapefiles for further processing in ArcMap.</procdesc>
				<procdate>2007</procdate>
			</procstep>
			<procstep>
				<procdesc>Lynnhaven Bay shoreline was extracted from the VBMP digital terrain model (DTM). The shoreline was converted to an ArcInfo coverage and projected from Virginia State Plane to UTM zone 18.</procdesc>
				<procdate>2003</procdate>
			</procstep>
			<procstep>
				<procdesc>ArcMap 9.2 software on a PC was used to attribute the base shoreline.  Boat-track points and arcs, VBMP imagery, and the base shoreline were displayed in ArcMap.  Points were placed on the shoreline perpendicular to the boat-track data and the spatial adjustment attribute transfer tool was used to transfer boat-track data to the shoreline.  VBMP imagery provided additional information for placement of features.  Shape files were visually checked for attribute transfer accuracy between boat-track and shoreline.</procdesc>
				<procdate>2007</procdate>
			</procstep>
			<procstep>
				<procdesc>Six 1:12,000 scale plates were created for the Lynnhaven Bay SSR.   Each plate has 4 associated maps:  riparian land use, bank and buffer conditions, and shoreline features, and Natural buffers.  VBMP imagery is displayed in the background to provide users with additional information.  Maps are created using ArcMap software.</procdesc>
				<procdate>2007</procdate>
			</procstep>
			<procstep>
				<procdesc>Data received a final check in hard copy map format.  Changes were made as necessary to data.</procdesc>
				<procdate>2007</procdate>
			</procstep>
		</lineage>
	</dataqual>
	<eainfo>
		<detailed Name="lynn_sstru">
			<enttyp>
				<enttypl Sync="TRUE">lynn_sstru</enttypl>
				<enttypt Sync="TRUE">Feature Class</enttypt><enttypc Sync="TRUE">1975</enttypc></enttyp>
			<attr>
				<attrlabl>FID</attrlabl>
				<attrdef>Internal feature number.</attrdef>
				<attrdefs>ESRI</attrdefs>
				<attrdomv>
					<udom>Sequential unique whole numbers that are automatically generated.</udom>
				</attrdomv>
			</attr>
			<attr>
				<attrlabl>Shape</attrlabl>
				<attrdef>Feature geometry.</attrdef>
				<attrdefs>ESRI</attrdefs>
				<attrdomv>
					<udom>Coordinates defining the features.</udom>
				</attrdomv>
			</attr>
			<attr>
				<attrlabl>LENGTH</attrlabl>
				<attrtype Sync="TRUE">Float</attrtype><attwidth Sync="TRUE">13</attwidth><atnumdec Sync="TRUE">11</atnumdec></attr>
			<attr>
				<attrlabl>STRUCTURE</attrlabl>
				<attrdomv>
					<edom>
						<edomv>Bulkhead</edomv>
					</edom>
					<edom>
						<edomv>Riprap</edomv>
					</edom>
					<edom>
						<edomv>Marsh Toe Revetment</edomv>
						<edomvd>Placed in front of an eroding marsh</edomvd>
					</edom>
					<edom>
						<edomv>Debris</edomv>
						<edomvd>Can include tires, tubes, rubble etc.</edomvd>
					</edom>
					<edom>
						<edomv>Unconventional</edomv>
						<edomvd>Composed of non-traditional materials</edomvd>
					</edom>
					<edom>
						<edomv>Breakwater</edomv>
						<edomvd>Structures parallel to the shoreline</edomvd>
					</edom>
					<edom>
						<edomv>Groin field</edomv>
						<edomvd>Structures perpendicular to the shoreline</edomvd>
					</edom>
					<edom>
						<edomv>Jetty</edomv>
						<edomvd>Structure perpendicular to the shoreline</edomvd>
					</edom>
					<edom>
						<edomv>Wharf</edomv>
						<edomvd>A structure built on the shore or projecting into the water that allows vessels to be moored alongside</edomvd>
					</edom>
					<edom>
						<edomv>Marina</edomv>
						<edomvd>Both &lt;50 slips and &gt;50 slips and may include bulkheads and/or wharves</edomvd>
					</edom>
					<edom>
						<edomv>Dilapidated Bulkhead</edomv>
						<edomvd>Bulkhead with sections missing</edomvd>
					</edom>
				</attrdomv>
				<attrtype Sync="TRUE">String</attrtype><attwidth Sync="TRUE">20</attwidth></attr>
			<attr><attrlabl Sync="TRUE">GPS_DATE</attrlabl><attalias Sync="TRUE">GPS_DATE</attalias><attrtype Sync="TRUE">Date</attrtype><attwidth Sync="TRUE">8</attwidth><attrdef>date of data capture</attrdef></attr></detailed>
	</eainfo>
	<distinfo>
		<distrib>
			<cntinfo>
				<cntperp>
					<cntper>Marcia Berman</cntper>
					<cntorg>Virginia Institute of Marine Science  (VIMS)</cntorg>
				</cntperp>
				<cntpos>Director Comprehensive Coastal Inventory Program</cntpos>
				<cntaddr>
					<addrtype>mailing address</addrtype>
					<address>P.O. Box 1346</address>
					<city>Gloucester Point</city>
					<state>Virginia</state>
					<postal>23062</postal>
					<country>USA</country>
				</cntaddr>
				<cntvoice>(804) 684-7188</cntvoice>
				<cntfax>(804) 684-7179</cntfax>
				<cntemail>marcia@vims.edu</cntemail>
			</cntinfo>
		</distrib>
		<resdesc>Downloadable Data</resdesc>
		<distliab>The Comprehensive Coastal Inventory Program (CCI) at VIMS performs a service by distributing data generated by either CCI or public agencies which offer data without restrictions or charge.  CCI assumes no responsibility for data  accuracy or precision, metadata completeness or correctness for digital information.  CCI assumes no liability for misuse of any data which may arise as a result of any alteration, conversion, or combination with other data sources.  As well, the timeliness and scale of these products must be considered when evaluating appropriate use.</distliab>
		<stdorder><digform><digtinfo><transize Sync="TRUE">0.966</transize><dssize Sync="TRUE">0.966</dssize></digtinfo></digform></stdorder></distinfo>
	<metainfo>
		<metd Sync="TRUE">20070816</metd>
		<metc>
			<cntinfo>
				<cntperp>
					<cntper>Sharon Killeen</cntper>
					<cntorg>Virginia Institute of Marine Science  (VIMS)</cntorg>
				</cntperp>
				<cntpos>GIS Programmer/Analyst</cntpos>
				<cntaddr>
					<addrtype>mailing address</addrtype>
					<address>P.O. Box 1346</address>
					<city>Gloucester Point</city>
					<state>Virginia</state>
					<postal>23072</postal>
					<country>USA</country>
				</cntaddr>
				<cntvoice>(804) 684-7534</cntvoice>
				<cntfax>(8040 684-7179</cntfax>
				<cntemail>sharon@vims.edu</cntemail>
			</cntinfo>
		</metc>
		<langmeta Sync="TRUE">en</langmeta><metstdn Sync="TRUE">FGDC Content Standards for Digital Geospatial Metadata</metstdn><metstdv Sync="TRUE">FGDC-STD-001-1998</metstdv><mettc Sync="TRUE">local time</mettc><metextns><onlink Sync="TRUE">http://www.esri.com/metadata/esriprof80.html</onlink><metprof Sync="TRUE">ESRI Metadata Profile</metprof></metextns></metainfo>
	<Esri><MetaID>{D2C7746F-B96B-40BB-BD95-F81DB3EF50E5}</MetaID><CreaDate>20070815</CreaDate><CreaTime>16332300</CreaTime><SyncOnce>FALSE</SyncOnce><SyncDate>20070816</SyncDate><SyncTime>10595600</SyncTime><ModDate>20070816</ModDate><ModTime>10595600</ModTime></Esri><dataIdInfo><envirDesc Sync="TRUE">Microsoft Windows XP Version 5.1 (Build 2600) Service Pack 2; ESRI ArcCatalog 9.2.0.1324</envirDesc><dataLang><languageCode Sync="TRUE" value="en"></languageCode></dataLang><idCitation><resTitle Sync="TRUE">lynn_sstru</resTitle><presForm><PresFormCd Sync="TRUE" value="005"></PresFormCd></presForm></idCitation><spatRpType><SpatRepTypCd Sync="TRUE" value="001"></SpatRepTypCd></spatRpType><dataExt><geoEle><GeoBndBox esriExtentType="native"><westBL Sync="TRUE">398646.09375</westBL><eastBL Sync="TRUE">406518.75</eastBL><northBL Sync="TRUE">4085236.5</northBL><southBL Sync="TRUE">4075075.25</southBL><exTypeCode Sync="TRUE">1</exTypeCode></GeoBndBox></geoEle></dataExt><geoBox esriExtentType="decdegrees"><westBL Sync="TRUE">-76.137719</westBL><eastBL Sync="TRUE">-76.048109</eastBL><northBL Sync="TRUE">36.908503</northBL><southBL Sync="TRUE">36.816108</southBL><exTypeCode Sync="TRUE">1</exTypeCode></geoBox></dataIdInfo><mdLang><languageCode Sync="TRUE" value="en"></languageCode></mdLang><mdStanName Sync="TRUE">ISO 19115 Geographic Information - Metadata</mdStanName><mdStanVer Sync="TRUE">DIS_ESRI1.0</mdStanVer><mdChar><CharSetCd Sync="TRUE" value="004"></CharSetCd></mdChar><mdHrLv><ScopeCd Sync="TRUE" value="005"></ScopeCd></mdHrLv><mdHrLvName Sync="TRUE">dataset</mdHrLvName><distInfo><distributor><distorTran><onLineSrc><orDesc Sync="TRUE">002</orDesc><linkage Sync="TRUE">file://\\139.70.26.250\ccrm\cci\portfolios\lynnhaven_portfolio\lynnhaven_final_shapefiles\lynn_sstru.shp</linkage><protocol Sync="TRUE">Local Area Network</protocol></onLineSrc><transSize Sync="TRUE">0.966</transSize></distorTran><distorFormat><formatName Sync="TRUE">Shapefile</formatName></distorFormat></distributor></distInfo><spdoinfo><direct Sync="TRUE">Vector</direct><ptvctinf><esriterm Name="lynn_sstru"><efeatyp Sync="TRUE">Simple</efeatyp><efeageom Sync="TRUE">Polyline</efeageom><esritopo Sync="TRUE">FALSE</esritopo><efeacnt Sync="TRUE">1975</efeacnt><spindex Sync="TRUE">FALSE</spindex><linrefer Sync="TRUE">FALSE</linrefer></esriterm><sdtsterm Name="lynn_sstru"><sdtstype Sync="TRUE">String</sdtstype><ptvctcnt Sync="TRUE">1975</ptvctcnt></sdtsterm></ptvctinf></spdoinfo><spref><horizsys><cordsysn><geogcsn Sync="TRUE">GCS_North_American_1983</geogcsn><projcsn Sync="TRUE">NAD_1983_UTM_Zone_18N</projcsn></cordsysn><planar><planci><plance Sync="TRUE">coordinate pair</plance><plandu Sync="TRUE">meters</plandu><coordrep><absres Sync="TRUE">0.000000</absres><ordres Sync="TRUE">0.000000</ordres></coordrep></planci><gridsys><gridsysn Sync="TRUE">Universal Transverse Mercator</gridsysn><utm><utmzone Sync="TRUE">18</utmzone><transmer><sfctrmer Sync="TRUE">0.999600</sfctrmer><longcm Sync="TRUE">-75.000000</longcm><latprjo Sync="TRUE">0.000000</latprjo><feast Sync="TRUE">500000.000000</feast><fnorth Sync="TRUE">0.000000</fnorth></transmer></utm></gridsys></planar><geodetic><horizdn Sync="TRUE">North American Datum of 1983</horizdn><ellips Sync="TRUE">Geodetic Reference System 80</ellips><semiaxis Sync="TRUE">6378137.000000</semiaxis><denflat Sync="TRUE">298.257222</denflat></geodetic></horizsys></spref><refSysInfo><RefSystem><refSysID><identCode Sync="TRUE">NAD_1983_UTM_Zone_18N</identCode></refSysID></RefSystem></refSysInfo><spatRepInfo><VectSpatRep><topLvl><TopoLevCd Sync="TRUE" value="001"></TopoLevCd></topLvl><geometObjs Name="lynn_sstru"><geoObjTyp><GeoObjTypCd Sync="TRUE" value="001"></GeoObjTypCd></geoObjTyp><geoObjCnt Sync="TRUE">1975</geoObjCnt></geometObjs></VectSpatRep></spatRepInfo><mdDateSt Sync="TRUE">20070816</mdDateSt></metadata>
