<?xml version="1.0" encoding="ISO-8859-1"?>
<metadata>
	<idinfo>
		<citation>
			<citeinfo>
				<origin>Comprehensive Coastal Inventory, Virginia Institute of Marine Science</origin>
				<pubdate>2007</pubdate>
				<title>Lynnhaven Bay, Virginia - Access Structures 2007</title>
				<geoform Sync="TRUE">vector digital data</geoform>
				<pubinfo>
					<pubplace>Gloucester Point, Virginia</pubplace>
					<publish>Virginia Institute of Marine Science</publish>
				</pubinfo>
				<ftname Sync="TRUE">lynn_astru</ftname><onlink Sync="TRUE">\\139.70.26.250\ccrm\cci\portfolios\lynnhaven_portfolio\lynnhaven_final_shapefiles\lynn_astru.shp</onlink></citeinfo>
		</citation>
		<descript>
			<abstract>Shoreline Situation Reports (SSR) were first generated by VIMS in the 1970s to report the condition and status of the shore lands.  The SSR series were published in hardcopy on a county by county basis for each of the Tidewater Virginia localities.  The reports were intended to assist planners, managers, and regulators in decisions pertaining to management of coastal areas and natural resources therein.  This report continues the process which updates and expands earlier reports.  Data collected describes conditions in the immediate riparian zone, the bank, and along the shore.</abstract>
			<purpose>To inventory Virginia's tidal shoreline conditions</purpose>
			<supplinf>There are three shape files that contain the above information.  This coverage, lynn_astru (Lynnhaven Bay access structures for the year 2006-2007), is a point coverage with locations of docks, boathouses, outfalls, and ramps both public and private.  The attributes are further described in the Entity and Attribute Information section below.</supplinf>
			<langdata Sync="TRUE">en</langdata></descript>
		<timeperd>
			<timeinfo>
				<rngdates>
					<begdate>9/21/2006</begdate>
					<enddate>6/1/2007</enddate>
				</rngdates>
			</timeinfo>
			<current>Ground condition at time of survey</current>
		</timeperd>
		<status>
			<progress>Complete</progress>
			<update>None planned</update>
		</status>
		<keywords>
			<theme>
				<themekt>none</themekt>
				<themekey>Shoreline structures</themekey>
				<themekey>Bulkhead</themekey>
				<themekey>Unconventional</themekey>
				<themekey>Debris</themekey>
				<themekey>Dilapidated Bulkhead</themekey>
				<themekey>Dilapidated dock</themekey>
				<themekey>Dock</themekey>
				<themekey>Boat ramp</themekey>
			</theme>
			<place>
				<placekey>Virginia</placekey>
				<placekey>Lynnhaven Bay</placekey>
			</place>
		</keywords>
		<accconst>none</accconst>
		<useconst>These data should not be used for jurisdictional permit determinations beyond providing general shoreline condition or status information. These data have not been surveyed to property boundaries.</useconst>
		<ptcontac>
			<cntinfo>
				<cntperp>
					<cntper>Marcia Berman</cntper>
					<cntorg>Virginia Institute of Marine Science (VIMS)</cntorg>
				</cntperp>
				<cntpos>Director Comprehensive Coastal Inventory Program</cntpos>
				<cntaddr>
					<addrtype>mailing address</addrtype>
					<address>P.O.Box 1346</address>
					<city>Gloucester Point</city>
					<state>Virginia</state>
					<postal>23062</postal>
					<country>USA</country>
				</cntaddr>
				<cntvoice>(804) 684-7188</cntvoice>
				<cntfax>(804) 684-7179</cntfax>
				<cntemail>marcia@vims.edu</cntemail>
			</cntinfo>
		</ptcontac>
		<datacred>Collection of the data would not be possible without the cooperation of VIMS Vessel Center.  The following CCI staff participated in the data collection and processing:  Marcia Berman, Harry Berquist, Sharon Killeen, Karinna Nunez, Tami Rudnicky, and Dan Schatt.</datacred>
		<native Sync="TRUE">Microsoft Windows XP Version 5.1 (Build 2600) Service Pack 2; ESRI ArcCatalog 9.2.0.1324</native><spdom><bounding><westbc Sync="TRUE">-76.131441</westbc><eastbc Sync="TRUE">-76.053532</eastbc><northbc Sync="TRUE">36.907484</northbc><southbc Sync="TRUE">36.840944</southbc></bounding><lboundng><leftbc Sync="TRUE">399204.187500</leftbc><rightbc Sync="TRUE">406065.343750</rightbc><bottombc Sync="TRUE">4077824.250000</bottombc><topbc Sync="TRUE">4085128.500000</topbc></lboundng></spdom><natvform Sync="TRUE">Shapefile</natvform></idinfo>
	<dataqual>
		<attracc>
			<attraccr>The attributes were compared to original GPS data logs for accuracy.  Errors were corrected where noted.</attraccr>
		</attracc>
		<logic>Chain-node topology present.  Point coverage was built for points.</logic>
		<complete>All Lynnhaven Bay shoreline that has a minimum depth of 2 feet at mean low water was surveyed.  Areas inaccessible by boat have been remotely surveyed by looking at digital aerial imagery.</complete>
		<posacc>
			<horizpa>
				<horizpar>Shoreline access structures were recorded with a GPS unit as the boat moved along the shoreline.  Point structures were aligned with structures on the images.  Positional accuracy for data that has been corrected with imagery is 2 meters (equivalent to image resolution).  Accuracy was determined by comparing digitally processed data locations to onsite GPS ground surveys collected at random.</horizpar>
			</horizpa>
		</posacc>
		<lineage>
			<srcinfo>
				<srccite>
					<citeinfo>
						<origin>Virginia Geographic Information Network (VGIN)</origin>
						<pubdate>2003</pubdate>
						<title>Virginia Base Mapping Program (VBMP)</title>
						<pubinfo>
							<pubplace>Richmond, Virginia</pubplace>
							<publish>Virginia Geographic Information Network</publish>
						</pubinfo>
					</citeinfo>
				</srccite>
				<srcscale>4800</srcscale>
				<typesrc>DVD</typesrc>
				<srctime>
					<timeinfo>
						<sngdate>
							<caldate>2002</caldate>
						</sngdate>
					</timeinfo>
					<srccurr>date of imagery</srccurr>
				</srctime>
				<srccitea>VBMP</srccitea>
				<srccontr>Serves as a background image in the map portfolios.  Used to accurately position access structures.</srccontr>
			</srcinfo>
			<procstep>
				<procdesc>Data was collected by a two-person field crew (both collecting data and one driving the boat) using  hand held Trimble GeoExplorers and GeoXT GPS Units, While navigating along the shoreline.  The boat handler collects the hardened structures  and the access structures (docks/piers, boathouses, outfalls, and public and private ramps).  The other person is collecting the land use/ land cover data.  Point features were surveyed with a 5 second observation recorded at 1 reading/second.</procdesc>
				<procdate>2007</procdate>
			</procstep>
			<procstep>
				<procdesc>Data from the GPS units were postprocessed on a PC with Trimble Pathfinder Office software.  Postprocessing included differential correction using CORS (Continuous Operating Reference Stations) data.  Corrected data is converted into ArcInfo shapefiles for further processing in ArcMap.</procdesc>
				<procdate>2007</procdate>
			</procstep>
			<procstep>
				<procdesc>Lynnhaven Bay shoreline was extracted from the VBMP digital terrain model (DTM).  The shoreline was converted to an ArcInfo coverage and projected from Virginia State Plane to UTM zone 18.</procdesc>
				<procdate>2007</procdate>
			</procstep>
			<procstep>
				<procdesc>ArcMap 9.2 software on a PC was used to attribute the base shoreline.  Boat-track points and arcs, VBMP imagery, and the base shoreline were displayed in ArcMap.  Points were placed on the shoreline perpendicular to the boat-track data and the spatial adjustment attribute transfer tool was used to transfer boat-track data to the shoreline.  VBMP imagery provided additional information for placement of features.  Shape files were visually checked for attribute transfer accuracy between boat-track and shoreline.</procdesc>
				<procdate>2007</procdate>
			</procstep>
			<procstep>
				<procdesc>Six 1:12,000 scale plates were created for the Lynnhaven Bay SSR.  Each plate has 4 associated maps:  riparian land use, bank and buffer conditions, shoreline features and natural buffers.  VBMP imagery is displayed in the background to provide users with additional information.  Maps are created using ArcMap software.</procdesc>
				<procdate>2007</procdate>
			</procstep>
			<procstep>
				<procdesc>Data recieved a final check in hard copy map format.  Changes were made as necessary to data.</procdesc>
				<procdate>2007</procdate>
			</procstep>
		</lineage>
	</dataqual>
	<eainfo>
		<detailed Name="lynn_astru">
			<enttyp>
				<enttypl Sync="TRUE">lynn_astru</enttypl>
				<enttypt Sync="TRUE">Feature Class</enttypt><enttypc Sync="TRUE">1344</enttypc></enttyp>
			<attr>
				<attrlabl>FID</attrlabl>
				<attrdef>Internal feature number.</attrdef>
				<attrdefs>ESRI</attrdefs>
				<attrdomv>
					<udom>Sequential unique whole numbers that are automatically generated.</udom>
				</attrdomv>
			</attr>
			<attr>
				<attrlabl>Shape</attrlabl>
				<attrdef>Feature geometry.</attrdef>
				<attrdefs>ESRI</attrdefs>
				<attrdomv>
					<udom>Coordinates defining the features.</udom>
				</attrdomv>
			</attr>
			<attr><attrlabl Sync="TRUE">PNTSTRUC</attrlabl><attalias Sync="TRUE">PNTSTRUC</attalias><attrtype Sync="TRUE">String</attrtype><attwidth Sync="TRUE">50</attwidth><attrdef>access structures</attrdef><attrdomv><edom><edomv>Boathouse</edomv></edom><edom><edomv>Dilapidated Dock</edomv></edom><edom><edomv>Dock</edomv></edom><edom><edomv>Outfall</edomv></edom><edom><edomv>Ramp, Private</edomv></edom><edom><edomv>Ramp, Public</edomv></edom></attrdomv></attr><attr><attrlabl Sync="TRUE">REMOTE</attrlabl><attalias Sync="TRUE">REMOTE</attalias><attrtype Sync="TRUE">Date</attrtype><attwidth Sync="TRUE">8</attwidth><attrdomv><edom><edomv>Yes</edomv><edomvd>Areas inaccessible by boat which were remotely coded.</edomvd></edom></attrdomv></attr></detailed>
	</eainfo>
	<distinfo>
		<distrib>
			<cntinfo>
				<cntperp>
					<cntper>Marcia Berman</cntper>
					<cntorg>Virginia Institute of Marine Science  (VIMS)</cntorg>
				</cntperp>
				<cntpos>Director Comprehensive Coastal Inventory Program</cntpos>
				<cntaddr>
					<addrtype>mailing address</addrtype>
					<address>P.O. Box 1346</address>
					<city>Gloucester Point</city>
					<state>Virginia</state>
					<postal>23062</postal>
					<country>USA</country>
				</cntaddr>
				<cntvoice>(804) 684-7188</cntvoice>
				<cntfax>(804) 684-7179</cntfax>
				<cntemail>marcia@vims.edu</cntemail>
			</cntinfo>
		</distrib>
		<resdesc>Downloadable Data</resdesc>
		<distliab>The Comprehensive Coastal Inventory Program (CCI) at VIMS performs a service by distributing data generated by either CCI or public agencies which offer data without restrictions or charge.  CCI assumes no responsibility for data accuracy or precision, metadata completeness or correctness for digital information.  CCI assumes no liability for misuse of any data which may arise as a result of any alteration, conversion, or combination with other data sources.  As well, the timeliness and scale of these products must be considered when evaluating appropriate use.</distliab>
		<stdorder><digform><digtinfo><transize Sync="TRUE">0.036</transize><dssize Sync="TRUE">0.036</dssize></digtinfo></digform></stdorder></distinfo>
	<metainfo>
		<metd Sync="TRUE">20070816</metd>
		<metc>
			<cntinfo>
				<cntperp>
					<cntper>Sharon Killeen</cntper>
					<cntorg>Virginia Institute of Marine Science (VIMS)</cntorg>
				</cntperp>
				<cntpos>GIS Programmer/Analyst</cntpos>
				<cntaddr>
					<addrtype>mailing address</addrtype>
					<address>P.O. Box 1346</address>
					<city>Gloucester Point</city>
					<state>Virginia</state>
					<postal>23062</postal>
					<country>USA</country>
				</cntaddr>
				<cntvoice>(804) 684-7534</cntvoice>
				<cntfax>(804) 684-7179</cntfax>
				<cntemail>sharon@vims.edu</cntemail>
			</cntinfo>
		</metc>
		<metstdn Sync="TRUE">FGDC Content Standards for Digital Geospatial Metadata</metstdn>
		<metstdv Sync="TRUE">FGDC-STD-001-1998</metstdv>
		<mettc Sync="TRUE">local time</mettc>
		<metextns>
			<onlink>http://www.esri.com/metadata/esriprof80.html</onlink>
			<metprof>ESRI Metadata Profile</metprof>
		</metextns>
		<langmeta Sync="TRUE">en</langmeta><metac>none</metac><metextns><onlink Sync="TRUE">http://www.esri.com/metadata/esriprof80.html</onlink><metprof Sync="TRUE">ESRI Metadata Profile</metprof></metextns></metainfo>
	<Esri><MetaID>{7D8009A9-B04C-4076-A701-2A3510FC2EA1}</MetaID><CreaDate>20070815</CreaDate><CreaTime>15555100</CreaTime><SyncOnce>FALSE</SyncOnce><SyncDate>20070816</SyncDate><SyncTime>11323200</SyncTime><ModDate>20070816</ModDate><ModTime>11323200</ModTime></Esri><dataIdInfo><envirDesc Sync="TRUE">Microsoft Windows XP Version 5.1 (Build 2600) Service Pack 2; ESRI ArcCatalog 9.2.0.1324</envirDesc><dataLang><languageCode Sync="TRUE" value="en"></languageCode></dataLang><idCitation><resTitle Sync="TRUE">lynn_astru</resTitle><presForm><PresFormCd Sync="TRUE" value="005"></PresFormCd></presForm></idCitation><spatRpType><SpatRepTypCd Sync="TRUE" value="001"></SpatRepTypCd></spatRpType><dataExt><geoEle><GeoBndBox esriExtentType="native"><westBL Sync="TRUE">399204.1875</westBL><eastBL Sync="TRUE">406065.34375</eastBL><northBL Sync="TRUE">4085128.5</northBL><southBL Sync="TRUE">4077824.25</southBL><exTypeCode Sync="TRUE">1</exTypeCode></GeoBndBox></geoEle></dataExt><geoBox esriExtentType="decdegrees"><westBL Sync="TRUE">-76.131441</westBL><eastBL Sync="TRUE">-76.053532</eastBL><northBL Sync="TRUE">36.907484</northBL><southBL Sync="TRUE">36.840944</southBL><exTypeCode Sync="TRUE">1</exTypeCode></geoBox></dataIdInfo><mdLang><languageCode Sync="TRUE" value="en"></languageCode></mdLang><mdStanName Sync="TRUE">ISO 19115 Geographic Information - Metadata</mdStanName><mdStanVer Sync="TRUE">DIS_ESRI1.0</mdStanVer><mdChar><CharSetCd Sync="TRUE" value="004"></CharSetCd></mdChar><mdHrLv><ScopeCd Sync="TRUE" value="005"></ScopeCd></mdHrLv><mdHrLvName Sync="TRUE">dataset</mdHrLvName><distInfo><distributor><distorTran><onLineSrc><orDesc Sync="TRUE">002</orDesc><linkage Sync="TRUE">file://\\139.70.26.250\ccrm\cci\portfolios\lynnhaven_portfolio\lynnhaven_final_shapefiles\lynn_astru.shp</linkage><protocol Sync="TRUE">Local Area Network</protocol></onLineSrc><transSize Sync="TRUE">0.036</transSize></distorTran><distorFormat><formatName Sync="TRUE">Shapefile</formatName></distorFormat></distributor></distInfo><spdoinfo><direct Sync="TRUE">Vector</direct><ptvctinf><esriterm Name="lynn_astru"><efeatyp Sync="TRUE">Simple</efeatyp><efeageom Sync="TRUE">Point</efeageom><esritopo Sync="TRUE">FALSE</esritopo><efeacnt Sync="TRUE">1344</efeacnt><spindex Sync="TRUE">FALSE</spindex><linrefer Sync="TRUE">FALSE</linrefer></esriterm><sdtsterm Name="lynn_astru"><sdtstype Sync="TRUE">Entity point</sdtstype><ptvctcnt Sync="TRUE">1344</ptvctcnt></sdtsterm></ptvctinf></spdoinfo><spref><horizsys><cordsysn><geogcsn Sync="TRUE">GCS_North_American_1983</geogcsn><projcsn Sync="TRUE">NAD_1983_UTM_Zone_18N</projcsn></cordsysn><planar><planci><plance Sync="TRUE">coordinate pair</plance><plandu Sync="TRUE">meters</plandu><coordrep><absres Sync="TRUE">0.000000</absres><ordres Sync="TRUE">0.000000</ordres></coordrep></planci><gridsys><gridsysn Sync="TRUE">Universal Transverse Mercator</gridsysn><utm><utmzone Sync="TRUE">18</utmzone><transmer><sfctrmer Sync="TRUE">0.999600</sfctrmer><longcm Sync="TRUE">-75.000000</longcm><latprjo Sync="TRUE">0.000000</latprjo><feast Sync="TRUE">500000.000000</feast><fnorth Sync="TRUE">0.000000</fnorth></transmer></utm></gridsys></planar><geodetic><horizdn Sync="TRUE">North American Datum of 1983</horizdn><ellips Sync="TRUE">Geodetic Reference System 80</ellips><semiaxis Sync="TRUE">6378137.000000</semiaxis><denflat Sync="TRUE">298.257222</denflat></geodetic></horizsys></spref><refSysInfo><RefSystem><refSysID><identCode Sync="TRUE">NAD_1983_UTM_Zone_18N</identCode></refSysID></RefSystem></refSysInfo><spatRepInfo><VectSpatRep><topLvl><TopoLevCd Sync="TRUE" value="001"></TopoLevCd></topLvl><geometObjs Name="lynn_astru"><geoObjTyp><GeoObjTypCd Sync="TRUE" value="004"></GeoObjTypCd></geoObjTyp><geoObjCnt Sync="TRUE">1344</geoObjCnt></geometObjs></VectSpatRep></spatRepInfo><mdDateSt Sync="TRUE">20070816</mdDateSt></metadata>
