<?xml version="1.0" encoding="ISO-8859-1"?>
<metadata>
	<idinfo>
		<citation>
			<citeinfo>
				<origin>Comprehensive Coastal Inventory, Virginia Institute of Marine Science</origin>
				<pubdate>2013</pubdate>
				<title>Charles City County Land Use and Bank Cover</title>
				<geoform Sync="TRUE">vector digital data</geoform>
				<pubinfo>
					<pubplace>Gloucester Point, Virginia</pubplace>
					<publish>Virginia Institute of Marine Science</publish>
				</pubinfo>
				<onlink>http://ccrm.vims.edu/gis_data_maps/shoreline_inventories/index.html</onlink>
				<ftname Sync="TRUE">CharlesCity_lubc</ftname></citeinfo>
		</citation>
		<descript>
			<abstract>Shoreline Situation Reports (SSR) were first generated by VIMS in the 1970's to report the condition and status of the shore lands.  The SSR series were published in hardcopy on a county by county basis for each of the Tidewater Virginia localities.  The reports were intended to assist planners, managers, and regulators in decisions pertaining to management of coastal areas and natural resources therein.   This is the first Shoreline Inventory Report for Charles City County.  Data collected describes conditions in the immediate riparian zone, the bank, and along the shore.</abstract>
			<purpose>To inventory Charles City County tidal shoreline conditions.</purpose>
			<langdata Sync="TRUE">en</langdata><supplinf>There are four shapefiles that are part of the 2013 Charles City County Shoreline Inventory database: CharlesCity_lubc, CharlesCity_sstru, CharlesCity_astru and CharlesCity_tm.   CharlesCity_lubc (land use and bank cover for Charles City County) is a linear shapefile containing data about land use, tree fringe, canopy overhang, bank height, bank cover, erosion  and beach status along the shoreline.  CharlesCity_sstru (Charles City County shoreline structures) is a linear shapefile delineating hard structures in place at the shoreline (bulkhead, dilapidated bulkhead, riprap, wharf, unconventional, debris, marina &lt; 50 slips, marina &gt; 50 slips, jetty, marsh toe revetment, groinfield and breakwaters).   CharlesCity_astru ( Charles City County access structures) is a point shapefile with locations of docks, dilapidated docks, boathouses, and private and public boat ramps.  CharlesCity_tm (Charles City County tidal marshes) shows the location, size, species and type of tidal marshes</supplinf></descript>
		<timeperd>
			<timeinfo>
				<mdattim><sngdate><caldate>6/12/2013</caldate></sngdate><sngdate><caldate>6/13/2013</caldate></sngdate><sngdate><caldate>6/20/2013</caldate></sngdate></mdattim></timeinfo>
			<current>date of datasets</current>
		</timeperd>
		<status>
			<progress>Complete</progress>
			<update>None planned</update>
		</status>
		<keywords>
			<theme>
				<themekey>Virginia</themekey>
				<themekey>Charles City County</themekey><themekey>Shoreline Inventory</themekey><themekey>Land use</themekey><themekey>Bank cover</themekey><themekey>Shoreline structures</themekey><themekey>Access structures</themekey></theme>
			<place>
				<placekey>Virginia</placekey>
				<placekey>James River</placekey>
				<placekey>Chickahominy River</placekey><placekey>Morris Creek</placekey><placekey>Tomahund Creek</placekey><placekey>Queens Creek</placekey><placekey>Herring Creek</placekey><placekey>Turkey Island Creek</placekey></place>
		</keywords>
		<accconst>none</accconst>
		<useconst>These data should not be used for jurisdictional permit determinations beyond providing general shoreline condition or status information.  These data have not been surveyed to property boundaries.
</useconst>
		<ptcontac>
			<cntinfo>
				<cntperp>
					<cntper>Marcia Berman</cntper>
					<cntorg>Virginia Institute of Marine Science (VIMS)</cntorg>
				</cntperp>
				<cntpos>Director Comprehensive Coastal Inventory Program</cntpos>
				<cntaddr>
					<addrtype>mailing address</addrtype>
					<address>P.O. Box 1346</address>
					<city>Gloucester Point</city>
					<state>Virginia</state>
					<postal>23062</postal>
					<country>USA</country>
				</cntaddr>
				<cntvoice>(804) 684-7188</cntvoice>
				<cntfax>(804) 684-7179</cntfax>
				<cntemail>marcia@vims.edu</cntemail>
			</cntinfo>
		</ptcontac>
		<native Sync="TRUE">Microsoft Windows XP Version 5.1 (Build 2600) Service Pack 3; ESRI ArcCatalog 9.3.1.3000</native><spdom><bounding><westbc Sync="TRUE">-77.270214</westbc><eastbc Sync="TRUE">-76.871442</eastbc><northbc Sync="TRUE">37.431798</northbc><southbc Sync="TRUE">37.227035</southbc></bounding><lboundng><leftbc Sync="TRUE">299120.949900</leftbc><rightbc Sync="TRUE">333989.932200</rightbc><bottombc Sync="TRUE">4122460.588700</bottombc><topbc Sync="TRUE">4144427.475900</topbc></lboundng></spdom><natvform>shapefile</natvform></idinfo>
	<dataqual>
		<attracc>
		</attracc>
		<complete>This inventory targets tidal shoreline only.  Access by boat is required for field surveys.  Remote sensing techniques are used in areas where water depths are too shallow for access or where unmanaged, undeveloped shoreline persists along very long reaches.   This would include headwaters of tidal creeks, and natural areas along park and conservation lands.
</complete>
		<posacc>
			<horizpa>
				<horizpar>Shoreline attributes recorded with a GPS unit as the boat moves along the shoreline has a horizontal accuracy of +/- 5 meters.  Data was transferred from the GPS boat track to an existing digital shoreline coverage by projecting data to the shoreline at a 90 degree angle from the boat track.  Rectified imagery were used as a background coverage to aid in data positioning.  Land use features were placed along the shore so changes in land use were coincident with changes illustrated in the imagery.  Positional accuracy for data that has been corrected with imagery which has a resolution of  2 meters or better.  Accuracy limits of the field collected data, however, are set at 5 meters due to the short occupancy of GPS units.  In many cases the image correction yields a final positional accuracy much closer to 2 meters or less, depending on image resolution.
</horizpar>
			</horizpa>
		</posacc>
		<lineage>
			<srcinfo>
				<srccite>
					<citeinfo>
						<origin>Virginia Geographic Information Network (VGIN)</origin>
						<pubdate>2007</pubdate>
						<title>Virginia Base Map Program Imagery and Hydrology</title>
						<geoform>digital data</geoform>
						<pubinfo>
							<pubplace>Richmond, Virginia</pubplace>
							<publish>Virginia Geographic Information Network (VGIN)</publish>
						</pubinfo>
					</citeinfo>
				</srccite>
				<typesrc>digital data</typesrc>
				<srctime>
					<timeinfo>
						<rngdates>
							<begdate>200602</begdate>
							<enddate>200704</enddate>
						</rngdates>
					</timeinfo>
					<srccurr>ground condition</srccurr>
				</srctime>
				<srccitea>VBMP</srccitea>
				<srccontr>base shoreline and imagery</srccontr>
			</srcinfo>
			<procstep>
				<procdesc>Wherever possible, all field surveys are performed from a small  shoal draft vessel navigating at slow speeds parallel to the shoreline.  To the extent possible, surveys take place on a rising tide allowing the boat to be as close to the shore as possible.  The field crew consists of a boat operator and one data collector.
</procdesc>
				<procdate>2013</procdate>
				<proccont><cntinfo><cntperp><cntper>Sharon Killeen</cntper><cntorg>Comprehensive Coastal Inventory Program, Viginia Institute of Marine Science</cntorg></cntperp><cntpos>GIS Programmer/Analyst</cntpos><cntaddr><addrtype>mailing and physical address</addrtype><address>P.O.Box 1346 Greate Road</address><city>Gloucester Point</city><state>Virginia</state><postal>23062</postal><country>USA</country></cntaddr><cntvoice>804-684-7534</cntvoice><cntfax>804-684-7179</cntfax><cntemail>sharon@vims.edu</cntemail></cntinfo></proccont></procstep>
			<procstep><procdesc>Data is logged using a geo-referenced video camera.  The Red Hen System provides hardware and software to collect geo-referenced video and photo data in the field.  A standard video camera (sony ACC-HDV7)  is interfaced with a GPS antennae via the Red Hen hardware device - VMS 300.   VMS 300 converts GPS data into audio signals, which are sent to a video camera through its microphone input connector.  As the video is recorded, GPS data are transmitted once per second to the video camera by VMS 300.  Each GPS location is linked with a time code on the video.  Therefore, the survey is a set of videos containing geographically referenced shoreline data.
</procdesc><procdate>2013</procdate></procstep><procstep><procdesc>For tributaries surveyed in the field using GPS referenced videography, the proprietary software associated with the Red Hen System is used for post processing: Pixpoint and GeoVideo for GIS. The PixPoint software package is used to generate a point shapefile containing points representing locations of geo-referenced still photos taken during the survey.  GeoVideo software package is an ArcGIS extension.  It is a desktop mapping application that brings the geo-referenced video directly into the ArcGIS environment.  This software enables users to digitally map videos using GPS coordinates.  After the videos are downloaded to the computer, the GeoVideo software is used to generate a point shapefile which is geotagged to the precise track of the video survey.  This shapefile is a representation of the survey track. Along with the video link, it enables GIS personnel to code the shoreline conditions in ArcMap based on what is viewed in the video.
</procdesc><procdate>2013</procdate></procstep><procstep><proccont><cntinfo><cntperp><cntper>Sharon Killeen</cntper><cntorg>Comprehensive Coastal Inventory Program, Viginia Institute of Marine Science</cntorg></cntperp><cntpos>GIS Programmer/Analyst </cntpos><cntaddr><addrtype>mailing and physical address</addrtype><address>P.O.Box 1346 Greate Road</address><city>Gloucester Point</city><state>Virginia</state><postal>23062</postal><country>USA</country></cntaddr><cntvoice>804-684-7534</cntvoice><cntfax>804-684-7179</cntfax><cntemail>sharon@vims.edu</cntemail></cntinfo></proccont><procdesc>Areas that are coded remotely used the most current imagery available as background.
</procdesc><procdate>2013</procdate></procstep></lineage>
	</dataqual>
	<eainfo>
		<detailed Name="CharlesCity_lubc">
			<attr><attrlabl Sync="TRUE">Shape</attrlabl><attalias Sync="TRUE">Shape</attalias><attrtype Sync="TRUE">Geometry</attrtype><attwidth Sync="TRUE">0</attwidth><atprecis Sync="TRUE">0</atprecis><attscale Sync="TRUE">0</attscale><attrdef Sync="TRUE">Feature geometry.</attrdef><attrdefs Sync="TRUE">ESRI</attrdefs><attrdomv><udom Sync="TRUE">Coordinates defining the features.</udom></attrdomv></attr><attr><attrlabl Sync="TRUE">FID</attrlabl><attalias Sync="TRUE">FID</attalias><attrtype Sync="TRUE">OID</attrtype><attwidth Sync="TRUE">4</attwidth><atprecis Sync="TRUE">0</atprecis><attscale Sync="TRUE">0</attscale><attrdef Sync="TRUE">Internal feature number.</attrdef><attrdefs Sync="TRUE">ESRI</attrdefs><attrdomv><udom Sync="TRUE">Sequential unique whole numbers that are automatically generated.</udom></attrdomv></attr><attr><attrlabl Sync="TRUE">LENGTH</attrlabl><attalias Sync="TRUE">LENGTH</attalias><attrtype Sync="TRUE">Float</attrtype><attwidth Sync="TRUE">19</attwidth><attrdef>segment length in meters</attrdef><atnumdec Sync="TRUE">11</atnumdec></attr><attr><attrlabl Sync="TRUE">ID</attrlabl><attalias Sync="TRUE">ID</attalias><attrtype Sync="TRUE">Float</attrtype><attwidth Sync="TRUE">19</attwidth><atnumdec Sync="TRUE">11</atnumdec></attr><enttyp><enttypl Sync="TRUE">CharlesCity_lubc</enttypl><enttypt Sync="TRUE">Feature Class</enttypt><enttypc Sync="TRUE">1146</enttypc></enttyp><attr><attrlabl Sync="TRUE">EROSION</attrlabl><attalias Sync="TRUE">EROSION</attalias><attrtype Sync="TRUE">String</attrtype><attwidth Sync="TRUE">50</attwidth><attrdef>bank stabilty:  stable is minimal erosion on bank face, transitional is the bank showing signs of instability, erosional shows slumping, scarps and exposed roots. Each of these is further defined by undercut when erosion is at the base of the bank.</attrdef></attr><attr><attrlabl Sync="TRUE">BEACH</attrlabl><attalias Sync="TRUE">BEACH</attalias><attrtype Sync="TRUE">String</attrtype><attwidth Sync="TRUE">50</attwidth><attrdef>presence or absence of</attrdef></attr><attr><attrlabl Sync="TRUE">TREE_FRING</attrlabl><attalias Sync="TRUE">TREE_FRING</attalias><attrtype Sync="TRUE">String</attrtype><attwidth Sync="TRUE">50</attwidth><attrdef>Low densiity distribution of trees in the riparian zone with or without canopy overhang</attrdef></attr><attr><attrlabl Sync="TRUE">FEATURE</attrlabl><attalias Sync="TRUE">FEATURE</attalias><attrtype Sync="TRUE">String</attrtype><attwidth Sync="TRUE">50</attwidth><attrdef>Feature is the land use adjacent to the bank and labelled one of the following:  agriculture, bare, commercial, forested, grass, industrial,  paved, residential,  and scrub-shrub.</attrdef></attr><attr><attrlabl Sync="TRUE">HEIGHT</attrlabl><attalias Sync="TRUE">HEIGHT</attalias><attrtype Sync="TRUE">String</attrtype><attwidth Sync="TRUE">50</attwidth><attrdef>Height of bank : 0-5, 5-10, 10-30 and &gt;30 feet</attrdef></attr><attr><attrlabl Sync="TRUE">COVER</attrlabl><attalias Sync="TRUE">COVER</attalias><attrtype Sync="TRUE">String</attrtype><attwidth Sync="TRUE">50</attwidth><attrdef>coverage of bank: bare &lt; 25% vegetative/structural cover, partial 25-75% vegetative/structural cover, total &gt; 75% vegetative/structural cover</attrdef></attr><attr><attrlabl Sync="TRUE">REMOTE</attrlabl><attalias Sync="TRUE">REMOTE</attalias><attrtype Sync="TRUE">String</attrtype><attwidth Sync="TRUE">50</attwidth><attrdef>coded remotely or not</attrdef></attr><attr><attrlabl Sync="TRUE">Field_Date</attrlabl><attalias Sync="TRUE">Field_Date</attalias><attrtype Sync="TRUE">String</attrtype><attwidth Sync="TRUE">20</attwidth></attr></detailed>
	</eainfo>
	<distinfo>
		<distrib>
			<cntinfo>
				<cntorgp>
					<cntorg>Virginia Institute of Marine Science (VIMS)</cntorg>
				</cntorgp>
				<cntpos>Director Comprehensive Coastal Inventory Program</cntpos>
				<cntaddr>
					<addrtype>mailing address</addrtype>
					<address>P.O. Box 1346</address>
					<city>Gloucester Point</city>
					<state>Virginia</state>
					<postal>23062</postal>
					<country>USA</country>
				</cntaddr>
				<cntvoice>(804) 684-7188</cntvoice>
				<cntemail>marcia@vims.edu</cntemail>
				<cntinst>Contact via email</cntinst>
			</cntinfo>
		</distrib>
		<resdesc>Downloadable Data</resdesc>
		<distliab>The Comprehensive Coastal Inventory Program (CCI) at VIMS performs a service by distributing data generated by either CCI or public agencies which offer data without restriction or charge. CCI assumes no responsibility for data accuracy or precision, metadata completeness or correctness for digital information. CCI assumes no liability for misuse of any data which may arise as a result of any alteration, conversion, or combination with other data sources. As well, the timeliness and scale of these products must be considered when evaluating appropriate use.</distliab>
		<stdorder><digform><digtinfo><transize Sync="TRUE">2.523</transize><dssize Sync="TRUE">2.523</dssize></digtinfo></digform></stdorder></distinfo>
	<metainfo>
		<metc>
			<cntinfo>
				<cntpos>GIS Programmer/Analyst</cntpos>
				<cntaddr>
					<addrtype>mailing address</addrtype>
					<address>P.O. Box 1346</address>
					<city>Gloucester Point</city>
					<state>Virginia</state>
					<postal>23062</postal>
					<country>USA</country>
				</cntaddr>
				<cntvoice>(804) 684-7534</cntvoice>
				<cntfax>(804) 684-7179</cntfax>
				<cntemail>sharon@vims.edu</cntemail>
				<cntperp><cntper>Sharon Killeen</cntper><cntorg>Virginia Institute of Marine Science (VIMS)</cntorg></cntperp></cntinfo>
		</metc>
		<langmeta Sync="TRUE">en</langmeta><metstdn Sync="TRUE">FGDC Content Standards for Digital Geospatial Metadata</metstdn><metstdv Sync="TRUE">FGDC-STD-001-1998</metstdv><mettc Sync="TRUE">local time</mettc><metd Sync="TRUE">20130925</metd><metextns><onlink Sync="TRUE">http://www.esri.com/metadata/esriprof80.html</onlink><metprof Sync="TRUE">ESRI Metadata Profile</metprof></metextns></metainfo>
	<Esri><CreaDate>20130703</CreaDate><CreaTime>11111100</CreaTime><SyncOnce>FALSE</SyncOnce><SyncDate>20130925</SyncDate><SyncTime>10364200</SyncTime><ModDate>20130925</ModDate><ModTime>10364200</ModTime><ArcGISstyle>FGDC CSDGM Metadata</ArcGISstyle><DataProperties><itemProps><itemLocation><linkage Sync="TRUE">file://\\139.70.26.251\ccrm\cci\Shoreline_Inventories\Inventories_In_Progress\Charles City\Final_Shapefiles\CharlesCity_lubc.shp</linkage><protocol Sync="TRUE">Local Area Network</protocol></itemLocation><itemName Sync="TRUE">CharlesCity_lubc</itemName><imsContentType Sync="TRUE">002</imsContentType><itemSize Sync="TRUE">0.000</itemSize></itemProps><copyHistory><copy source="C:\Henrico_Shoreline\henrico_shl_11" dest="\\139.70.26.249\ccrm\cci\portfolios\henrico_inv\henrico_shl_11" date="20120229" time="10503900"></copy></copyHistory><coordRef><type Sync="TRUE">Projected</type><geogcsn Sync="TRUE">GCS_North_American_1983</geogcsn><csUnits Sync="TRUE">Linear Unit: Meter (1.000000)</csUnits><projcsn Sync="TRUE">NAD_1983_UTM_Zone_18N</projcsn><peXml Sync="TRUE">&lt;ProjectedCoordinateSystem xsi:type='typens:ProjectedCoordinateSystem' xmlns:xsi='http://www.w3.org/2001/XMLSchema-instance' xmlns:xs='http://www.w3.org/2001/XMLSchema' xmlns:typens='http://www.esri.com/schemas/ArcGIS/10.0'&gt;&lt;WKT&gt;PROJCS[&amp;quot;NAD_1983_UTM_Zone_18N&amp;quot;,GEOGCS[&amp;quot;GCS_North_American_1983&amp;quot;,DATUM[&amp;quot;D_North_American_1983&amp;quot;,SPHEROID[&amp;quot;GRS_1980&amp;quot;,6378137.0,298.257222101]],PRIMEM[&amp;quot;Greenwich&amp;quot;,0.0],UNIT[&amp;quot;Degree&amp;quot;,0.0174532925199433]],PROJECTION[&amp;quot;Transverse_Mercator&amp;quot;],PARAMETER[&amp;quot;False_Easting&amp;quot;,500000.0],PARAMETER[&amp;quot;False_Northing&amp;quot;,0.0],PARAMETER[&amp;quot;Central_Meridian&amp;quot;,-75.0],PARAMETER[&amp;quot;Scale_Factor&amp;quot;,0.9996],PARAMETER[&amp;quot;Latitude_Of_Origin&amp;quot;,0.0],UNIT[&amp;quot;Meter&amp;quot;,1.0],AUTHORITY[&amp;quot;EPSG&amp;quot;,26918]]&lt;/WKT&gt;&lt;XOrigin&gt;-5120900&lt;/XOrigin&gt;&lt;YOrigin&gt;-9998100&lt;/YOrigin&gt;&lt;XYScale&gt;450445547.3910538&lt;/XYScale&gt;&lt;ZOrigin&gt;-100000&lt;/ZOrigin&gt;&lt;ZScale&gt;10000&lt;/ZScale&gt;&lt;MOrigin&gt;-100000&lt;/MOrigin&gt;&lt;MScale&gt;10000&lt;/MScale&gt;&lt;XYTolerance&gt;0.001&lt;/XYTolerance&gt;&lt;ZTolerance&gt;0.001&lt;/ZTolerance&gt;&lt;MTolerance&gt;0.001&lt;/MTolerance&gt;&lt;HighPrecision&gt;true&lt;/HighPrecision&gt;&lt;WKID&gt;26918&lt;/WKID&gt;&lt;/ProjectedCoordinateSystem&gt;</peXml></coordRef><lineage><Process ToolSource="c:\program files (x86)\arcgis\desktop10.0\ArcToolbox\Toolboxes\Cartography Tools.tbx\SmoothLine" Date="20120229" Time="094902">SmoothLine henrico_shl_07 C:\Henrico_Shoreline\henrico_shl_11.shp PAEK "5 Meters" FIXED_CLOSED_ENDPOINT NO_CHECK</Process><Process ToolSource="c:\program files (x86)\arcgis\desktop10.0\ArcToolbox\Toolboxes\Cartography Tools.tbx\SmoothLine" Date="20120229" Time="103255">SmoothLine henrico_shl_11 C:\Henrico_Shoreline\henrico_shl_11s.shp PAEK "5 Meters" NO_FIXED NO_CHECK</Process><Process ToolSource="C:\Program Files\ArcGIS\ArcToolbox\Toolboxes\Conversion Tools.tbx\FeatureClassToFeatureClass" Date="20120917" Time="094250">FeatureClassToFeatureClass N:\cci\Shoreline_Inventories\Inventories_In_Progress\Henrico\Base_shoreline\henrico_shl_11.shp "C:\Red Hen\Shoreline_Inventory.gdb\Henrico" Henrico_lubc_12 # "LENGTH 'LENGTH' true true false 19 Double 0 0 ,First,#,N:\cci\Shoreline_Inventories\Inventories_In_Progress\Henrico\Base_shoreline\henrico_shl_11.shp,LENGTH,-1,-1;ID 'ID' true true false 19 Double 0 0 ,First,#,N:\cci\Shoreline_Inventories\Inventories_In_Progress\Henrico\Base_shoreline\henrico_shl_11.shp,ID,-1,-1" # "C:\Red Hen\Shoreline_Inventory.gdb\Henrico\Henrico_lubc_12"</Process><Process ToolSource="C:\Program Files (x86)\ArcGIS\Desktop10.0\ArcToolbox\Toolboxes\Data Management Tools.tbx\CalculateField" Date="20130829" Time="151145">CalculateField CharlesCity_lubc GPS_DATE "6/12/2013" VB #</Process><Process ToolSource="C:\Program Files (x86)\ArcGIS\Desktop10.0\ArcToolbox\Toolboxes\Data Management Tools.tbx\CalculateField" Date="20130829" Time="151532">CalculateField CharlesCity_lubc GPS_DATE "6/12/2013" VB #</Process><Process ToolSource="C:\Program Files (x86)\ArcGIS\Desktop10.0\ArcToolbox\Toolboxes\Data Management Tools.tbx\CalculateField" Date="20130829" Time="151952">CalculateField CharlesCity_lubc GPS_DATE "6/12/2013" VB #</Process><Process ToolSource="C:\Program Files (x86)\ArcGIS\Desktop10.0\ArcToolbox\Toolboxes\Data Management Tools.tbx\CalculateField" Date="20130829" Time="152841">CalculateField CharlesCity_lubc GPS_DATE "6/12/2013" VB #</Process><Process ToolSource="C:\Program Files (x86)\ArcGIS\Desktop10.0\ArcToolbox\Toolboxes\Data Management Tools.tbx\CalculateField" Date="20130829" Time="153544">CalculateField CharlesCity_lubc GPS_DATE "6/12/2013" VB #</Process><Process ToolSource="C:\Program Files (x86)\ArcGIS\Desktop10.0\ArcToolbox\Toolboxes\Data Management Tools.tbx\CalculateField" Date="20130829" Time="154443">CalculateField CharlesCity_lubc GPS_DATE " " VB #</Process><Process ToolSource="C:\Program Files (x86)\ArcGIS\Desktop10.0\ArcToolbox\Toolboxes\Data Management Tools.tbx\CalculateField" Date="20130829" Time="154557">CalculateField CharlesCity_lubc GPS_DATE " &lt;Null&gt;" VB #</Process><Process ToolSource="C:\Program Files (x86)\ArcGIS\Desktop10.0\ArcToolbox\Toolboxes\Data Management Tools.tbx\CalculateField" Date="20130912" Time="103547">CalculateField CharlesCity_lubc Field_Date "6/11/2013" VB #</Process><Process ToolSource="C:\Program Files (x86)\ArcGIS\Desktop10.0\ArcToolbox\Toolboxes\Data Management Tools.tbx\CalculateField" Date="20130912" Time="104226">CalculateField CharlesCity_lubc Field_Date "6/12/2013" VB #</Process><Process ToolSource="C:\Program Files (x86)\ArcGIS\Desktop10.0\ArcToolbox\Toolboxes\Data Management Tools.tbx\CalculateField" Date="20130912" Time="104438">CalculateField CharlesCity_lubc Field_Date "6/12/2013" VB #</Process><Process ToolSource="C:\Program Files (x86)\ArcGIS\Desktop10.0\ArcToolbox\Toolboxes\Data Management Tools.tbx\CalculateField" Date="20130912" Time="104630">CalculateField CharlesCity_lubc Field_Date "6/13/2013" VB #</Process><Process ToolSource="C:\Program Files (x86)\ArcGIS\Desktop10.0\ArcToolbox\Toolboxes\Data Management Tools.tbx\CalculateField" Date="20130912" Time="104832">CalculateField CharlesCity_lubc Field_Date "6/20/2013" VB #</Process><Process ToolSource="C:\Program Files (x86)\ArcGIS\Desktop10.0\ArcToolbox\Toolboxes\Data Management Tools.tbx\CalculateField" Date="20130912" Time="105629">CalculateField CharlesCity_lubc Field_Date "6/11/2013" VB #</Process><Process ToolSource="C:\Program Files (x86)\ArcGIS\Desktop10.0\ArcToolbox\Toolboxes\Data Management Tools.tbx\CalculateField" Date="20130912" Time="105711">CalculateField CharlesCity_lubc Field_Date "6/12/2013" VB #</Process><Process ToolSource="C:\Program Files (x86)\ArcGIS\Desktop10.0\ArcToolbox\Toolboxes\Data Management Tools.tbx\CalculateField" Date="20130912" Time="110740">CalculateField CharlesCity_lubc Field_Date "" VB #</Process><Process ToolSource="C:\Program Files (x86)\ArcGIS\Desktop10.0\ArcToolbox\Toolboxes\Data Management Tools.tbx\CalculateField" Date="20130912" Time="110750">CalculateField CharlesCity_lubc REMOTE "Yes" VB #</Process><Process ToolSource="C:\Program Files (x86)\ArcGIS\Desktop10.0\ArcToolbox\Toolboxes\Data Management Tools.tbx\CalculateField" Date="20130912" Time="110938">CalculateField CharlesCity_lubc Field_Date "6/11/2013" VB #</Process><Process ToolSource="C:\Program Files (x86)\ArcGIS\Desktop10.0\ArcToolbox\Toolboxes\Data Management Tools.tbx\CalculateField" Date="20130912" Time="111144">CalculateField CharlesCity_lubc Field_Date "" VB #</Process><Process ToolSource="C:\Program Files (x86)\ArcGIS\Desktop10.0\ArcToolbox\Toolboxes\Data Management Tools.tbx\CalculateField" Date="20130912" Time="111508">CalculateField CharlesCity_lubc Field_Date "6/11/2013" VB #</Process><Process ToolSource="C:\Program Files (x86)\ArcGIS\Desktop10.0\ArcToolbox\Toolboxes\Data Management Tools.tbx\CalculateField" Date="20130912" Time="111518">CalculateField CharlesCity_lubc REMOTE "" VB #</Process><Process ToolSource="C:\Program Files (x86)\ArcGIS\Desktop10.0\ArcToolbox\Toolboxes\Data Management Tools.tbx\CalculateField" Date="20130912" Time="111840">CalculateField CharlesCity_lubc Field_Date "6/12/2013" VB #</Process><Process ToolSource="C:\Program Files (x86)\ArcGIS\Desktop10.0\ArcToolbox\Toolboxes\Data Management Tools.tbx\CalculateField" Date="20130912" Time="112056">CalculateField CharlesCity_lubc Field_Date "6/12/2013" VB #</Process><Process ToolSource="C:\Program Files (x86)\ArcGIS\Desktop10.0\ArcToolbox\Toolboxes\Data Management Tools.tbx\CalculateField" Date="20130912" Time="114552">CalculateField CharlesCity_lubc REMOTE "Yes" VB #</Process><Process ToolSource="C:\Program Files (x86)\ArcGIS\Desktop10.0\ArcToolbox\Toolboxes\Data Management Tools.tbx\CalculateField" Date="20130912" Time="114600">CalculateField CharlesCity_lubc Field_Date "" VB #</Process><Process ToolSource="C:\Program Files (x86)\ArcGIS\Desktop10.0\ArcToolbox\Toolboxes\Data Management Tools.tbx\CalculateField" Date="20130912" Time="133034">CalculateField CharlesCity_lubc REMOTE "Yes" VB #</Process><Process ToolSource="C:\Program Files (x86)\ArcGIS\Desktop10.0\ArcToolbox\Toolboxes\Data Management Tools.tbx\CalculateField" Date="20130912" Time="133043">CalculateField CharlesCity_lubc Field_Date "" VB #</Process><Process ToolSource="C:\Program Files (x86)\ArcGIS\Desktop10.0\ArcToolbox\Toolboxes\Data Management Tools.tbx\CalculateField" Date="20130912" Time="133132">CalculateField CharlesCity_lubc Field_Date "" VB #</Process><Process ToolSource="C:\Program Files (x86)\ArcGIS\Desktop10.0\ArcToolbox\Toolboxes\Data Management Tools.tbx\CalculateField" Date="20130912" Time="133146">CalculateField CharlesCity_lubc REMOTE "Yes" VB #</Process><Process ToolSource="C:\Program Files (x86)\ArcGIS\Desktop10.0\ArcToolbox\Toolboxes\Data Management Tools.tbx\CalculateField" Date="20130912" Time="133229">CalculateField CharlesCity_lubc REMOTE "Yes" VB #</Process><Process ToolSource="C:\Program Files (x86)\ArcGIS\Desktop10.0\ArcToolbox\Toolboxes\Data Management Tools.tbx\CalculateField" Date="20130912" Time="133239">CalculateField CharlesCity_lubc Field_Date "" VB #</Process><Process ToolSource="C:\Program Files (x86)\ArcGIS\Desktop10.0\ArcToolbox\Toolboxes\Data Management Tools.tbx\CalculateField" Date="20130912" Time="133432">CalculateField CharlesCity_lubc Field_Date "" VB #</Process><Process ToolSource="C:\Program Files (x86)\ArcGIS\Desktop10.0\ArcToolbox\Toolboxes\Data Management Tools.tbx\CalculateField" Date="20130912" Time="133446">CalculateField CharlesCity_lubc REMOTE "Yes" VB #</Process><Process ToolSource="C:\Program Files (x86)\ArcGIS\Desktop10.0\ArcToolbox\Toolboxes\Data Management Tools.tbx\CalculateField" Date="20130912" Time="134105">CalculateField CharlesCity_lubc Field_Date "" VB #</Process><Process ToolSource="C:\Program Files (x86)\ArcGIS\Desktop10.0\ArcToolbox\Toolboxes\Data Management Tools.tbx\CalculateField" Date="20130912" Time="134117">CalculateField CharlesCity_lubc REMOTE "Yes" VB #</Process><Process ToolSource="c:\program files (x86)\arcgis\desktop10.0\ArcToolbox\Toolboxes\Conversion Tools.tbx\FeatureClassToFeatureClass" Date="20130912" Time="135353">FeatureClassToFeatureClass X:\cci\RedHen_Bakup\GDB\Shoreline_Inventory.gdb\Charles_City\CharlesCity_lubc "N:\cci\Shoreline_Inventories\Inventories_In_Progress\Charles City\Final_Shapefiles" CharlesCity_lubc.shp # "LENGTH "LENGTH" true true false 8 Double 0 0 ,First,#,X:\cci\RedHen_Bakup\GDB\Shoreline_Inventory.gdb\Charles_City\CharlesCity_lubc,LENGTH,-1,-1;ID "ID" true true false 8 Double 0 0 ,First,#,X:\cci\RedHen_Bakup\GDB\Shoreline_Inventory.gdb\Charles_City\CharlesCity_lubc,ID,-1,-1;EROSION "EROSION" true true false 50 Text 0 0 ,First,#,X:\cci\RedHen_Bakup\GDB\Shoreline_Inventory.gdb\Charles_City\CharlesCity_lubc,EROSION,-1,-1;BEACH "BEACH" true true false 50 Text 0 0 ,First,#,X:\cci\RedHen_Bakup\GDB\Shoreline_Inventory.gdb\Charles_City\CharlesCity_lubc,BEACH,-1,-1;TREE_FRING "TREE_FRING" true true false 50 Text 0 0 ,First,#,X:\cci\RedHen_Bakup\GDB\Shoreline_Inventory.gdb\Charles_City\CharlesCity_lubc,TREE_FRING,-1,-1;FEATURE "FEATURE" true true false 50 Text 0 0 ,First,#,X:\cci\RedHen_Bakup\GDB\Shoreline_Inventory.gdb\Charles_City\CharlesCity_lubc,FEATURE,-1,-1;HEIGHT "HEIGHT" true true false 50 Text 0 0 ,First,#,X:\cci\RedHen_Bakup\GDB\Shoreline_Inventory.gdb\Charles_City\CharlesCity_lubc,HEIGHT,-1,-1;COVER "COVER" true true false 50 Text 0 0 ,First,#,X:\cci\RedHen_Bakup\GDB\Shoreline_Inventory.gdb\Charles_City\CharlesCity_lubc,COVER,-1,-1;REMOTE "REMOTE" true true false 50 Text 0 0 ,First,#,X:\cci\RedHen_Bakup\GDB\Shoreline_Inventory.gdb\Charles_City\CharlesCity_lubc,REMOTE,-1,-1;Shape_Leng "Shape_Length" false true true 8 Double 0 0 ,First,#,X:\cci\RedHen_Bakup\GDB\Shoreline_Inventory.gdb\Charles_City\CharlesCity_lubc,Shape_Length,-1,-1;Field_Date "Field_Date" true true false 20 Text 0 0 ,First,#,X:\cci\RedHen_Bakup\GDB\Shoreline_Inventory.gdb\Charles_City\CharlesCity_lubc,Field_Date,-1,-1" #</Process><Process ToolSource="C:\Program Files (x86)\ArcGIS\Desktop10.0\ArcToolbox\Toolboxes\Data Management Tools.tbx\CalculateField" Date="20130912" Time="150828">CalculateField CharlesCity_lubc REMOTE "" VB #</Process><Process ToolSource="C:\Program Files (x86)\ArcGIS\Desktop10.0\ArcToolbox\Toolboxes\Data Management Tools.tbx\CalculateField" Date="20130912" Time="151003">CalculateField CharlesCity_lubc REMOTE "Yes" VB #</Process><Process ToolSource="C:\Program Files (x86)\ArcGIS\Desktop10.0\ArcToolbox\Toolboxes\Data Management Tools.tbx\CalculateField" Date="20130912" Time="151051">CalculateField CharlesCity_lubc EROSION "Erosional" VB #</Process><Process ToolSource="C:\Program Files (x86)\ArcGIS\Desktop10.0\ArcToolbox\Toolboxes\Data Management Tools.tbx\CalculateField" Date="20130912" Time="151335">CalculateField CharlesCity_lubc BEACH "No" VB #</Process><Process ToolSource="C:\Program Files (x86)\ArcGIS\Desktop10.0\ArcToolbox\Toolboxes\Data Management Tools.tbx\CalculateField" Date="20130912" Time="153459">CalculateField CharlesCity_lubc REMOTE "Yes" VB #</Process><Process ToolSource="C:\Program Files (x86)\ArcGIS\Desktop10.0\ArcToolbox\Toolboxes\Data Management Tools.tbx\CalculateField" Date="20130912" Time="153512">CalculateField CharlesCity_lubc Field_Date "" VB #</Process><Process ToolSource="C:\Program Files (x86)\ArcGIS\Desktop10.0\ArcToolbox\Toolboxes\Data Management Tools.tbx\CalculateField" Date="20130912" Time="153753">CalculateField CharlesCity_lubc REMOTE "Yes" VB #</Process><Process ToolSource="C:\Program Files (x86)\ArcGIS\Desktop10.0\ArcToolbox\Toolboxes\Data Management Tools.tbx\CalculateField" Date="20130912" Time="153800">CalculateField CharlesCity_lubc Field_Date "" VB #</Process></lineage></DataProperties><MetaID>{70DEFEC8-6023-4B3E-97A3-2A5951C51728}</MetaID></Esri><dataIdInfo><envirDesc Sync="TRUE">Microsoft Windows XP Version 5.1 (Build 2600) Service Pack 3; ESRI ArcCatalog 9.3.1.3000</envirDesc><dataLang><languageCode Sync="TRUE" value="en"></languageCode><countryCode value="USA" Sync="TRUE"></countryCode></dataLang><idCitation><resTitle Sync="TRUE">CharlesCity_lubc</resTitle><presForm><PresFormCd Sync="TRUE" value="005"></PresFormCd></presForm></idCitation><spatRpType><SpatRepTypCd Sync="TRUE" value="001"></SpatRepTypCd></spatRpType><dataExt><geoEle><GeoBndBox esriExtentType="native"><westBL Sync="TRUE">299120.9499</westBL><eastBL Sync="TRUE">333989.9322</eastBL><northBL Sync="TRUE">4144427.4759</northBL><southBL Sync="TRUE">4122460.5887</southBL><exTypeCode Sync="TRUE">1</exTypeCode></GeoBndBox></geoEle></dataExt><geoBox esriExtentType="decdegrees"><westBL Sync="TRUE">-77.270214</westBL><eastBL Sync="TRUE">-76.871442</eastBL><northBL Sync="TRUE">37.431798</northBL><southBL Sync="TRUE">37.227035</southBL><exTypeCode Sync="TRUE">1</exTypeCode></geoBox></dataIdInfo><mdLang><languageCode Sync="TRUE" value="en"></languageCode><countryCode value="USA" Sync="TRUE"></countryCode></mdLang><mdStanName Sync="TRUE">ISO 19115 Geographic Information - Metadata</mdStanName><mdStanVer Sync="TRUE">DIS_ESRI1.0</mdStanVer><mdChar><CharSetCd Sync="TRUE" value="004"></CharSetCd></mdChar><mdHrLv><ScopeCd Sync="TRUE" value="005"></ScopeCd></mdHrLv><mdHrLvName Sync="TRUE">dataset</mdHrLvName><distInfo><distributor><distorTran><onLineSrc><orDesc Sync="TRUE">002</orDesc><linkage Sync="TRUE">file://\\139.70.26.251\ccrm\cci\Shoreline_Inventories\Inventories_In_Progress\Charles City\Final_Shapefiles\CharlesCity_lubc.shp</linkage><protocol Sync="TRUE">Local Area Network</protocol></onLineSrc><transSize Sync="TRUE">2.523</transSize></distorTran><distorFormat><formatName Sync="TRUE">Shapefile</formatName></distorFormat></distributor><distFormat><formatName Sync="TRUE">Shapefile</formatName></distFormat><distTranOps><transSize Sync="TRUE">0.000</transSize></distTranOps></distInfo><spdoinfo><direct Sync="TRUE">Vector</direct><ptvctinf><esriterm Name="CharlesCity_lubc"><efeatyp Sync="TRUE">Simple</efeatyp><efeageom code="3" Sync="TRUE">Polyline</efeageom><esritopo Sync="TRUE">FALSE</esritopo><efeacnt Sync="TRUE">1146</efeacnt><spindex Sync="TRUE">TRUE</spindex><linrefer Sync="TRUE">FALSE</linrefer></esriterm><sdtsterm Name="CharlesCity_lubc"><sdtstype Sync="TRUE">String</sdtstype><ptvctcnt Sync="TRUE">1146</ptvctcnt></sdtsterm></ptvctinf></spdoinfo><spref><horizsys><cordsysn><geogcsn Sync="TRUE">GCS_North_American_1983</geogcsn><projcsn Sync="TRUE">NAD_1983_UTM_Zone_18N</projcsn></cordsysn><planar><planci><plance Sync="TRUE">coordinate pair</plance><plandu Sync="TRUE">meters</plandu><coordrep><absres Sync="TRUE">0.000000</absres><ordres Sync="TRUE">0.000000</ordres></coordrep></planci><gridsys><gridsysn Sync="TRUE">Universal Transverse Mercator</gridsysn><utm><utmzone Sync="TRUE">18</utmzone><transmer><sfctrmer Sync="TRUE">0.999600</sfctrmer><longcm Sync="TRUE">-75.000000</longcm><latprjo Sync="TRUE">0.000000</latprjo><feast Sync="TRUE">500000.000000</feast><fnorth Sync="TRUE">0.000000</fnorth></transmer></utm></gridsys></planar><geodetic><horizdn Sync="TRUE">North American Datum of 1983</horizdn><ellips Sync="TRUE">Geodetic Reference System 80</ellips><semiaxis Sync="TRUE">6378137.000000</semiaxis><denflat Sync="TRUE">298.257222</denflat></geodetic></horizsys><vertdef><altsys><altenc Sync="TRUE">Explicit elevation coordinate included with horizontal coordinates</altenc><altres Sync="TRUE">0.000100</altres></altsys></vertdef></spref><refSysInfo><RefSystem><refSysID><identCode Sync="TRUE" value="26918">NAD_1983_UTM_Zone_18N</identCode><idCodeSpace Sync="TRUE">EPSG</idCodeSpace><idVersion Sync="TRUE">7.4.1</idVersion></refSysID></RefSystem></refSysInfo><spatRepInfo><VectSpatRep><topLvl><TopoLevCd value="001" Sync="TRUE"></TopoLevCd></topLvl><geometObjs Name="CharlesCity_lubc"><geoObjTyp><GeoObjTypCd Sync="TRUE" value="001"></GeoObjTypCd></geoObjTyp><geoObjCnt Sync="TRUE">1146</geoObjCnt></geometObjs></VectSpatRep></spatRepInfo><mdDateSt Sync="TRUE">20130925</mdDateSt></metadata>
