<?xml version="1.0"?>
<!--<!DOCTYPE metadata SYSTEM "http://www.esri.com/metadata/esriprof80.dtd">-->
<metadata xml:lang="en"><Esri><MetaID>{864256D4-7872-48AA-98E2-7A70D76D590F}</MetaID><CreaDate>20130829</CreaDate><CreaTime>14575300</CreaTime><SyncOnce>FALSE</SyncOnce><SyncDate>20130924</SyncDate><SyncTime>15375100</SyncTime><ModDate>20130924</ModDate><ModTime>15375100</ModTime><DataProperties><lineage><Process ToolSource="C:\Program Files\ArcGIS\ArcToolbox\Toolboxes\Conversion Tools.tbx\FeatureClassToFeatureClass" Date="20130829" Time="145753">FeatureClassToFeatureClass "C:\Red Hen\Shoreline_Inventory.gdb\Charles_City\CharlesCity_astru" "N:\cci\Shoreline_Inventories\Inventories_In_Progress\Charles City\Final_Shapefiles" Charles_City_astru.shp # "PNTSTRUCT 'PNTSTRUCT' true true false 50 Text 0 0 ,First,#,C:\Red Hen\Shoreline_Inventory.gdb\Charles_City\CharlesCity_astru,PNTSTRUCT,-1,-1;REMOTE 'REMOTE' true true false 5 Text 0 0 ,First,#,C:\Red Hen\Shoreline_Inventory.gdb\Charles_City\CharlesCity_astru,REMOTE,-1,-1" # "N:\cci\Shoreline_Inventories\Inventories_In_Progress\Charles City\Final_Shapefiles\Charles_City_astru.shp"</Process><Process ToolSource="C:\Program Files (x86)\ArcGIS\Desktop10.0\ArcToolbox\Toolboxes\Data Management Tools.tbx\CalculateField" Date="20130912" Time="140148">CalculateField Charles_City_astru Field_Date "6/20/2013" VB #</Process><Process ToolSource="C:\Program Files (x86)\ArcGIS\Desktop10.0\ArcToolbox\Toolboxes\Data Management Tools.tbx\CalculateField" Date="20130912" Time="140257">CalculateField Charles_City_astru Field_Date "6/13/2013" VB #</Process><Process ToolSource="C:\Program Files (x86)\ArcGIS\Desktop10.0\ArcToolbox\Toolboxes\Data Management Tools.tbx\CalculateField" Date="20130912" Time="140433">CalculateField Charles_City_astru Field_Date "6/11/2013" VB #</Process><Process ToolSource="C:\Program Files (x86)\ArcGIS\Desktop10.0\ArcToolbox\Toolboxes\Data Management Tools.tbx\CalculateField" Date="20130912" Time="140551">CalculateField Charles_City_astru Field_Date "6/12/2013" VB #</Process><Process ToolSource="C:\Program Files (x86)\ArcGIS\Desktop10.0\ArcToolbox\Toolboxes\Data Management Tools.tbx\CalculateField" Date="20130912" Time="140836">CalculateField Charles_City_astru REMOTE "Yes" VB #</Process><Process ToolSource="C:\Program Files (x86)\ArcGIS\Desktop10.0\ArcToolbox\Toolboxes\Data Management Tools.tbx\CalculateField" Date="20130912" Time="140847">CalculateField Charles_City_astru Field_Date "" VB #</Process></lineage></DataProperties></Esri><idinfo><native Sync="TRUE">Microsoft Windows XP Version 5.1 (Build 2600) Service Pack 3; ESRI ArcCatalog 9.3.1.3000</native><descript><langdata Sync="TRUE">en</langdata><abstract>Shoreline Situation Reports (SSR) were first generated by VIMS in the 1970's to report the condition and status of the shore lands.  The SSR series were published in hardcopy on a county by county basis for each of the Tidewater Virginia localities.  The reports were intended to assist planners, managers, and regulators in decisions pertaining to management of coastal areas and natural resources therein.   This is the first Shoreline Inventory Report for Charles City County.  Data collected describes conditions in the immediate riparian zone, the bank, and along the shore.
</abstract><purpose>To inventory Charles City County tidal shoreline conditions.
</purpose><supplinf>There are four shapefiles that are part of the 2013 Charles City County Shoreline Inventory database: CharlesCity_lubc, CharlesCity_sstru, CharlesCity_astru and CharlesCity_tm.   CharlesCity_lubc (land use and bank cover for Charles City County) is a linear shapefile containing data about land use, tree fringe, canopy overhang, bank height, bank cover, erosion  and beach status along the shoreline.  CharlesCity_sstru (Charles City County shoreline structures) is a linear shapefile delineating hard structures in place at the shoreline (bulkhead, dilapidated bulkhead, riprap, wharf, unconventional, debris, marina &lt; 50 slips, marina &gt; 50 slips, jetty, marsh toe revetment, groinfield and breakwaters).   CharlesCity_astru ( Charles City County access structures) is a point shapefile with locations of docks, dilapidated docks, boathouses, and private and public boat ramps.  CharlesCity_tm (Charles City County tidal marshes) shows the location, size, species and type of tidal marshes
</supplinf></descript><citation><citeinfo><origin>Comprehensive Coastal Inventory, Virginia Institute of Marine Science </origin><pubdate>2013</pubdate><title>Charles City County Access Structures 2013</title><ftname Sync="TRUE">Charles_City_astru</ftname><geoform Sync="TRUE">vector digital data</geoform><onlink>http://ccrm.vims.edu/gis_data_maps/shoreline_inventories/index.html</onlink><pubinfo><pubplace>Gloucester Point, Virginia</pubplace><publish>Virginia Institute of Marine Science </publish></pubinfo></citeinfo></citation><timeperd><current>ground condition</current><timeinfo><mdattim><sngdate><caldate>6/12/2013</caldate></sngdate><sngdate><caldate>6/13/2013</caldate></sngdate><sngdate><caldate>6/20/2013</caldate></sngdate></mdattim></timeinfo></timeperd><status><progress>Complete</progress><update>None planned</update></status><spdom><bounding><westbc Sync="TRUE">-77.268676</westbc><eastbc Sync="TRUE">-76.875793</eastbc><northbc Sync="TRUE">37.421369</northbc><southbc Sync="TRUE">37.228727</southbc></bounding><lboundng><leftbc Sync="TRUE">299229.381700</leftbc><rightbc Sync="TRUE">333607.458500</rightbc><bottombc Sync="TRUE">4122645.874900</bottombc><topbc Sync="TRUE">4143277.431700</topbc></lboundng></spdom><keywords><theme><themekey>Virginia</themekey><themekey>Charles City County</themekey><themekey>Shoreline Inventory</themekey><themekey>Shoreline Structures</themekey><themekey>Access Structures</themekey><themekey>Land use</themekey></theme><place><placekey>Virginia</placekey><placekey>Chesapeake Bay</placekey><placekey>James River</placekey><placekey>Chickahominy River</placekey><placekey>Morris Creek</placekey><placekey>Tomahund Creek</placekey><placekey>Queens Creek</placekey><placekey>Herring Creek</placekey><placekey>Turkey Island Creek</placekey></place></keywords><accconst>none</accconst><useconst>These data should not be used for jurisdictional permit determinations beyond providing general shoreline condition or status information.  These data have not been surveyed to property boundaries.</useconst><natvform Sync="TRUE">Shapefile</natvform><ptcontac><cntinfo><cntperp><cntper>Marcia Berman </cntper><cntorg>Virginia Institute of Marine Science (VIMS) </cntorg></cntperp><cntpos>Director Comprehensive Coastal Inventory Program </cntpos><cntaddr><addrtype>mailing and physical address</addrtype><address>P.O.Box 1346</address><city>Gloucester Point</city><state>Virginia</state><postal>23062</postal><country>USA</country></cntaddr><cntvoice>804-684-7188</cntvoice><cntfax>804-684-7179</cntfax><cntemail>marcia@vims.edu</cntemail></cntinfo></ptcontac></idinfo><dataIdInfo><envirDesc Sync="TRUE">Microsoft Windows XP Version 5.1 (Build 2600) Service Pack 3; ESRI ArcCatalog 9.3.1.3000</envirDesc><dataLang><languageCode Sync="TRUE" value="en"></languageCode></dataLang><idCitation><resTitle Sync="TRUE">Charles_City_astru</resTitle><presForm><PresFormCd Sync="TRUE" value="005"></PresFormCd></presForm></idCitation><spatRpType><SpatRepTypCd Sync="TRUE" value="001"></SpatRepTypCd></spatRpType><dataExt><geoEle><GeoBndBox esriExtentType="native"><westBL Sync="TRUE">299229.3817</westBL><eastBL Sync="TRUE">333607.4585</eastBL><northBL Sync="TRUE">4143277.4317</northBL><southBL Sync="TRUE">4122645.8749</southBL><exTypeCode Sync="TRUE">1</exTypeCode></GeoBndBox></geoEle></dataExt><geoBox esriExtentType="decdegrees"><westBL Sync="TRUE">-77.268676</westBL><eastBL Sync="TRUE">-76.875793</eastBL><northBL Sync="TRUE">37.421369</northBL><southBL Sync="TRUE">37.228727</southBL><exTypeCode Sync="TRUE">1</exTypeCode></geoBox></dataIdInfo><metainfo><langmeta Sync="TRUE">en</langmeta><metstdn Sync="TRUE">FGDC Content Standards for Digital Geospatial Metadata</metstdn><metstdv Sync="TRUE">FGDC-STD-001-1998</metstdv><mettc Sync="TRUE">local time</mettc><metc><cntinfo><cntaddr><addrtype>mailing and physical address</addrtype><city>Gloucester Point</city><state>Virginia</state><postal>23062</postal><address>P.O.Box 1346</address><country>USA</country></cntaddr><cntvoice>804-684-7534</cntvoice><cntperp><cntper>Sharon Killeen</cntper><cntorg>Comprehensive Coastal Inventory Program, Viginia Institute of Marine Science </cntorg></cntperp><cntpos>GIS Programmer/Analyst </cntpos><cntfax>804-684-7179</cntfax><cntemail>sharon@vims.edu</cntemail></cntinfo></metc><metd>2013</metd><metextns><onlink Sync="TRUE">http://www.esri.com/metadata/esriprof80.html</onlink><metprof Sync="TRUE">ESRI Metadata Profile</metprof></metextns></metainfo><mdLang><languageCode Sync="TRUE" value="en"></languageCode></mdLang><mdStanName Sync="TRUE">ISO 19115 Geographic Information - Metadata</mdStanName><mdStanVer Sync="TRUE">DIS_ESRI1.0</mdStanVer><mdChar><CharSetCd Sync="TRUE" value="004"></CharSetCd></mdChar><mdHrLv><ScopeCd Sync="TRUE" value="005"></ScopeCd></mdHrLv><mdHrLvName Sync="TRUE">dataset</mdHrLvName><distinfo><resdesc Sync="TRUE">Downloadable Data</resdesc><stdorder><digform><digtinfo><transize Sync="TRUE">0.006</transize><dssize Sync="TRUE">0.006</dssize></digtinfo></digform></stdorder></distinfo><distInfo><distributor><distorTran><onLineSrc><orDesc Sync="TRUE">002</orDesc><linkage Sync="TRUE">file://\\139.70.26.251\ccrm\cci\Shoreline_Inventories\Inventories_In_Progress\Charles City\Final_Shapefiles\Charles_City_astru.shp</linkage><protocol Sync="TRUE">Local Area Network</protocol></onLineSrc><transSize Sync="TRUE">0.006</transSize></distorTran><distorFormat><formatName Sync="TRUE">Shapefile</formatName></distorFormat></distributor></distInfo><spdoinfo><direct Sync="TRUE">Vector</direct><ptvctinf><esriterm Name="Charles_City_astru"><efeatyp Sync="TRUE">Simple</efeatyp><efeageom Sync="TRUE">Point</efeageom><esritopo Sync="TRUE">FALSE</esritopo><efeacnt Sync="TRUE">234</efeacnt><spindex Sync="TRUE">FALSE</spindex><linrefer Sync="TRUE">FALSE</linrefer></esriterm><sdtsterm Name="Charles_City_astru"><sdtstype Sync="TRUE">Entity point</sdtstype><ptvctcnt Sync="TRUE">234</ptvctcnt></sdtsterm></ptvctinf></spdoinfo><spref><horizsys><cordsysn><geogcsn Sync="TRUE">GCS_North_American_1983</geogcsn><projcsn Sync="TRUE">NAD_1983_UTM_Zone_18N</projcsn></cordsysn><planar><planci><plance Sync="TRUE">coordinate pair</plance><plandu Sync="TRUE">meters</plandu><coordrep><absres Sync="TRUE">0.000000</absres><ordres Sync="TRUE">0.000000</ordres></coordrep></planci><gridsys><gridsysn Sync="TRUE">Universal Transverse Mercator</gridsysn><utm><utmzone Sync="TRUE">18</utmzone><transmer><sfctrmer Sync="TRUE">0.999600</sfctrmer><longcm Sync="TRUE">-75.000000</longcm><latprjo Sync="TRUE">0.000000</latprjo><feast Sync="TRUE">500000.000000</feast><fnorth Sync="TRUE">0.000000</fnorth></transmer></utm></gridsys></planar><geodetic><horizdn Sync="TRUE">North American Datum of 1983</horizdn><ellips Sync="TRUE">Geodetic Reference System 80</ellips><semiaxis Sync="TRUE">6378137.000000</semiaxis><denflat Sync="TRUE">298.257222</denflat></geodetic></horizsys></spref><refSysInfo><RefSystem><refSysID><identCode Sync="TRUE">NAD_1983_UTM_Zone_18N</identCode></refSysID></RefSystem></refSysInfo><spatRepInfo><VectSpatRep><topLvl><TopoLevCd Sync="TRUE" value="001"></TopoLevCd></topLvl><geometObjs Name="Charles_City_astru"><geoObjTyp><GeoObjTypCd Sync="TRUE" value="004"></GeoObjTypCd></geoObjTyp><geoObjCnt Sync="TRUE">234</geoObjCnt></geometObjs></VectSpatRep></spatRepInfo><eainfo><detailed Name="Charles_City_astru"><enttyp><enttypl Sync="TRUE">Charles_City_astru</enttypl><enttypt Sync="TRUE">Feature Class</enttypt><enttypc Sync="TRUE">234</enttypc></enttyp><attr><attrlabl Sync="TRUE">FID</attrlabl><attalias Sync="TRUE">FID</attalias><attrtype Sync="TRUE">OID</attrtype><attwidth Sync="TRUE">4</attwidth><atprecis Sync="TRUE">0</atprecis><attscale Sync="TRUE">0</attscale><attrdef Sync="TRUE">Internal feature number.</attrdef><attrdefs Sync="TRUE">ESRI</attrdefs><attrdomv><udom Sync="TRUE">Sequential unique whole numbers that are automatically generated.</udom></attrdomv></attr><attr><attrlabl Sync="TRUE">Shape</attrlabl><attalias Sync="TRUE">Shape</attalias><attrtype Sync="TRUE">Geometry</attrtype><attwidth Sync="TRUE">0</attwidth><atprecis Sync="TRUE">0</atprecis><attscale Sync="TRUE">0</attscale><attrdef Sync="TRUE">Feature geometry.</attrdef><attrdefs Sync="TRUE">ESRI</attrdefs><attrdomv><udom Sync="TRUE">Coordinates defining the features.</udom></attrdomv></attr><attr><attrlabl Sync="TRUE">PNTSTRUCT</attrlabl><attalias Sync="TRUE">PNTSTRUCT</attalias><attrtype Sync="TRUE">String</attrtype><attwidth Sync="TRUE">50</attwidth><attrdef>Access structures: boathouse,dock,dilapidated dock,,private ramp, and public ramp.</attrdef></attr><attr><attrlabl Sync="TRUE">REMOTE</attrlabl><attalias Sync="TRUE">REMOTE</attalias><attrtype Sync="TRUE">String</attrtype><attwidth Sync="TRUE">5</attwidth><attrdef>field checked or done in lab</attrdef></attr><attr><attrlabl Sync="TRUE">Field_Date</attrlabl><attalias Sync="TRUE">Field_Date</attalias><attrtype Sync="TRUE">String</attrtype><attwidth Sync="TRUE">20</attwidth><attrdef>date of data collection</attrdef></attr></detailed></eainfo><mdDateSt Sync="TRUE">20130924</mdDateSt><dataqual><lineage><srcinfo><srccite><citeinfo><origin>Virginia Base Map Program Imagery and Hydrology </origin><pubdate>2007</pubdate><title>Virginia Base Map Program Imagery and Hydrology </title><pubinfo><pubplace>Richmond, Virginia </pubplace><publish>Virginia Geographic Information Network (VGIN) </publish></pubinfo></citeinfo></srccite></srcinfo><procstep><procdesc>
Wherever possible, all field surveys are performed from a small  shoal draft vessel navigating at slow speeds parallel to the shoreline.  To the extent possible, surveys take place on a rising tide allowing the boat to be as close to the shore as possible.  The field crew consists of a boat operator, one data collector, and one wetland scientist.
</procdesc><procdate>2013</procdate></procstep><procstep><procdesc>Data is logged using a geo-referenced video camera.  The Red Hen System provides hardware and software to collect geo-referenced video and photo data in the field.  A standard video camera (sony ACC-HDV7)  is interfaced with a GPS antennae via the Red Hen hardware device - VMS 300.   VMS 300 converts GPS data into audio signals, which are sent to a video camera through its microphone input connector.  As the video is recorded, GPS data are transmitted once per second to the video camera by VMS 300.  Each GPS location is linked with a time code on the video.  Therefore, the survey is a set of videos containing geographically referenced shoreline data.
</procdesc><procdate>2013</procdate></procstep></lineage><complete>This inventory targets tidal shoreline only.  Access by boat is required for field surveys.  Remote sensing techniques are used in areas where water depths are too shallow for access or where unmanaged, undeveloped shoreline persists along very long reaches.   This would include headwaters of tidal creeks, and natural areas along park and conservation lands.
</complete><posacc><horizpa><horizpar>Shoreline attributes recorded with a GPS unit as the boat moves along the shoreline has a horizontal accuracy of +/- 5 meters.  Data was transferred from the GPS boat track to an existing digital shoreline coverage by projecting data to the shoreline at a 90 degree angle from the boat track.  Rectified imagery were used as a background coverage to aid in data positioning.  Land use features were placed along the shore so changes in land use were coincident with changes illustrated in the imagery.  Positional accuracy for data that has been corrected with imagery which has a resolution of  2 meters or better.  Accuracy limits of the field collected data, however, are set at 5 meters due to the short occupancy of GPS units.  In many cases the image correction yields a final positional accuracy much closer to 2 meters or less, depending on image resolution.
</horizpar></horizpa></posacc></dataqual></metadata>
